# Blender 5.0.0
# www.blender.org
mtllib Huey_Body.mtl
o vehicle#uh-1d_5
v -1.153176 0.173085 -0.943441
v -1.155406 0.168885 -0.936607
v -1.165219 0.136185 -0.927637
v -0.001041 -1.067815 3.067919
v 0.012489 -1.070715 3.043251
v -0.001041 -1.081115 3.063220
v -0.001041 -1.067815 3.067919
v -0.001041 -1.081115 3.063220
v -0.014571 -1.070715 3.043358
v -1.092217 0.400085 -0.809640
v -1.056087 0.399985 -0.809640
v -0.916921 0.369085 -1.373355
v 1.049545 0.398385 -0.812844
v 1.085674 0.398285 -0.812844
v 0.908743 0.367685 -1.376132
v 0.942791 -0.930515 -1.327972
v 1.160313 -0.909915 -0.764363
v 1.124183 -0.909915 -0.764363
v 1.201349 -0.270115 -0.849257
v 1.184845 -0.057915 -0.853315
v 1.159421 0.116085 -0.854169
v -1.168639 0.119785 -0.922084
v -1.193617 -0.054215 -0.921123
v -1.209526 -0.266315 -0.917065
v 0.053971 -0.054315 3.085431
v -0.002082 -0.062215 3.123554
v -0.001933 -0.164815 3.337443
v -0.001933 -0.164815 3.337443
v -0.001635 -0.245315 3.485019
v 0.322937 -0.256715 3.452129
v -0.753519 -0.390415 -2.450170
v -0.705793 -0.116015 -2.448782
v -0.725567 -0.328115 -2.445685
v -1.011928 -0.782315 2.311991
v -1.047166 -0.810215 1.905356
v -1.083593 -0.810115 1.905356
v -0.751884 -0.327815 -2.452840
v -0.753519 -0.390415 -2.450170
v -0.760953 -0.438215 -2.434366
v 0.301824 -0.764015 3.663029
v 0.308515 -0.764015 3.663029
v 0.306879 -0.809315 3.669009
v 0.314462 -1.071415 3.051047
v 0.318922 -1.098815 3.057881
v 0.321153 -1.071415 3.051047
v 0.520238 -1.153815 1.986405
v 0.523657 -1.206415 2.002423
v 0.524698 -1.193515 1.987580
v 0.520238 -1.153815 1.986405
v 0.524698 -1.193515 1.987580
v 0.526928 -1.153815 1.986832
v -0.770618 0.662485 0.735638
v -0.746383 0.628785 0.736600
v -0.856110 0.607485 0.633659
v -0.854177 0.677085 0.735532
v -0.856110 0.607485 0.633659
v -0.856110 0.607485 0.633659
v -0.930005 0.628385 0.737027
v -0.856110 0.607485 0.633659
v -0.941602 0.585585 0.738415
v 0.770766 0.662485 0.735638
v 0.856407 0.607485 0.633659
v 0.746531 0.628785 0.736706
v 0.854326 0.677085 0.735532
v 0.856407 0.607485 0.633659
v 0.930153 0.628385 0.737027
v 0.856407 0.607485 0.633659
v 0.941751 0.585585 0.738415
v 0.856407 0.607485 0.633659
v 0.097089 0.708885 2.352569
v 0.160428 0.676785 2.287324
v 0.085343 0.670385 2.351395
v 0.155967 0.742385 2.354064
v 0.160428 0.676785 2.287324
v 0.220198 0.712685 2.353637
v 0.160428 0.676785 2.287324
v 0.236255 0.673885 2.352569
v 0.160428 0.676785 2.287324
v -0.096941 0.708885 2.352569
v -0.085046 0.670385 2.351395
v -0.160130 0.676785 2.287324
v -0.155670 0.742385 2.354064
v -0.160130 0.676785 2.287324
v -0.160130 0.676785 2.287324
v -0.220049 0.712685 2.353637
v -0.160130 0.676785 2.287324
v -0.236107 0.673885 2.352569
v -0.003717 0.714885 2.459247
v 0.003122 0.630385 2.520114
v -0.010259 0.630385 2.520114
v -0.010408 0.823885 2.603406
v 0.002974 0.823885 2.603406
v -0.003717 0.738585 2.464479
v 0.000743 1.168885 2.897597
v 0.002974 0.839785 2.591980
v 0.002974 0.823885 2.603406
v -0.004163 1.168485 2.865455
v -0.008921 1.168885 2.897597
v -0.010408 0.839785 2.592087
v -0.008921 1.168885 2.897597
v -0.010408 0.823885 2.603406
v -0.010408 0.839785 2.592087
v -0.004163 1.168485 2.865455
v 0.002974 0.839785 2.591980
v 0.000743 1.168885 2.897597
v -0.003717 0.714885 2.459247
v -0.010259 0.630385 2.520114
v -0.023492 0.699585 2.457432
v -0.023492 0.699585 2.457432
v -0.010259 0.630385 2.520114
v -0.023343 0.630685 2.505378
v -0.023343 0.630685 2.505378
v -0.010259 0.630385 2.520114
v -0.010259 0.606585 2.500893
v -0.023343 0.630685 2.505378
v -0.010259 0.606585 2.500893
v -0.023343 0.612085 2.491710
v -0.004014 0.735785 2.362180
v -0.003717 0.714885 2.459247
v -0.023640 0.714985 2.362180
v -0.023640 0.714985 2.362180
v -0.003717 0.714885 2.459247
v -0.023492 0.699585 2.457432
v 0.015909 0.699585 2.457325
v 0.016058 0.630685 2.505271
v 0.003122 0.630385 2.520114
v -0.003717 0.714885 2.459247
v 0.015909 0.699585 2.457325
v 0.003122 0.630385 2.520114
v 0.015760 0.715085 2.362073
v 0.015909 0.699585 2.457325
v -0.003717 0.714885 2.459247
v -0.004014 0.735785 2.362180
v 0.015760 0.715085 2.362073
v -0.003717 0.714885 2.459247
v 0.003122 0.630385 2.520114
v 0.016058 0.612085 2.491603
v 0.003122 0.606585 2.500893
v 0.016058 0.630685 2.505271
v 0.016058 0.612085 2.491603
v 0.003122 0.630385 2.520114
v -0.004163 0.780985 2.296614
v -0.023789 0.772985 2.300458
v -0.004163 0.753185 2.271627
v -0.023789 0.753585 2.282839
v -0.004163 0.753185 2.271627
v -0.004163 0.780985 2.296614
v -0.004163 0.753185 2.271627
v 0.015612 0.772985 2.300458
v -0.004163 0.753185 2.271627
v 0.015612 0.753585 2.282839
v 0.002974 0.839785 2.591980
v -0.004163 0.780985 2.296614
v 0.015909 0.825585 2.582797
v 0.015909 0.825585 2.582797
v -0.004163 0.780985 2.296614
v 0.015612 0.772985 2.300458
v -0.010408 0.839785 2.592087
v -0.023789 0.772985 2.300458
v -0.004163 0.780985 2.296614
v -0.010408 0.839785 2.592087
v -0.023492 0.825585 2.582797
v -0.023789 0.772985 2.300458
v -0.023492 0.753185 2.461810
v -0.003717 0.738585 2.464479
v -0.004014 0.735785 2.362180
v -0.023640 0.753185 2.363355
v -0.023492 0.753185 2.461810
v -0.004014 0.735785 2.362180
v -0.023492 0.825585 2.582797
v -0.010408 0.823885 2.603406
v -0.023492 0.753185 2.461810
v -0.010408 0.823885 2.603406
v -0.003717 0.738585 2.464479
v -0.023492 0.753185 2.461810
v 0.002974 0.823885 2.603406
v 0.015909 0.753085 2.461810
v -0.003717 0.738585 2.464479
v 0.015909 0.825585 2.582797
v 0.015909 0.753085 2.461810
v 0.002974 0.823885 2.603406
v 0.015760 0.753185 2.363248
v -0.004014 0.735785 2.362180
v 0.015909 0.753085 2.461810
v 0.015909 0.753085 2.461810
v -0.004014 0.735785 2.362180
v -0.003717 0.738585 2.464479
v -0.010408 0.839785 2.592087
v -0.010408 0.823885 2.603406
v -0.023492 0.825585 2.582797
v 0.002974 0.839785 2.591980
v 0.015909 0.825585 2.582797
v 0.002974 0.823885 2.603406
v -0.023640 0.743685 2.349366
v -0.004014 0.735785 2.362180
v -0.023640 0.727885 2.349152
v 0.015760 0.743785 2.349259
v 0.015760 0.727885 2.349045
v -0.004014 0.735785 2.362180
v -0.004014 0.735785 2.362180
v -0.023640 0.714985 2.362180
v -0.023640 0.727885 2.349152
v 0.015760 0.753185 2.363248
v 0.015760 0.743785 2.349259
v -0.004014 0.735785 2.362180
v -0.023640 0.753185 2.363355
v -0.004014 0.735785 2.362180
v -0.023640 0.743685 2.349366
v -0.004014 0.735785 2.362180
v 0.015760 0.727885 2.349045
v 0.015760 0.715085 2.362073
v 0.959592 -0.653615 3.034709
v 0.933870 -0.735915 3.037805
v 0.964796 -0.743515 2.831391
v 1.077348 0.045285 1.867554
v 1.096528 -0.166215 1.877699
v 1.012374 -0.571015 1.893289
v 1.096528 -0.166215 1.877699
v 1.113775 -0.377415 1.890620
v 1.122845 -0.571115 1.893182
v 1.058168 -0.777815 1.900978
v 0.999885 -0.777815 1.900978
v 1.107828 -0.724215 1.898842
v 1.087607 -0.811815 1.902152
v 1.058168 -0.808115 1.902046
v 0.450060 0.919785 -0.335197
v 0.450803 0.902085 -0.798107
v 0.450060 0.917885 -0.367339
v 0.262126 0.870485 -0.008543
v -0.000149 1.072085 -0.008543
v 0.185258 0.870485 -0.194027
v -0.185555 0.870485 -0.194027
v -0.262423 0.870485 -0.008543
v 0.185258 0.870485 -0.194027
v -0.000149 1.072085 -0.008543
v -0.000149 0.870485 -0.270805
v -0.000149 0.870485 -0.270805
v -0.000149 1.072085 -0.008543
v -0.185555 0.870485 -0.194027
v -0.262423 0.870485 -0.008543
v -0.000149 1.072085 -0.008543
v -0.185555 0.870485 0.176942
v 0.185258 0.870485 0.176942
v 0.262126 0.870485 -0.008543
v -0.185555 0.870485 0.176942
v -0.000149 1.072085 -0.008543
v -0.000149 0.870485 0.253720
v -0.000149 0.870485 0.253720
v -0.000149 1.072085 -0.008543
v 0.185258 0.870485 0.176942
v -0.248299 1.229585 0.230334
v -0.229416 1.198485 0.208123
v -0.230754 1.237385 0.208123
v -0.199680 1.229585 0.267068
v -0.182433 1.237385 0.244857
v -0.180648 1.198485 0.245070
v 0.247258 1.229585 0.230334
v 0.229713 1.237385 0.208123
v 0.228375 1.198485 0.208123
v 0.198639 1.229585 0.267068
v 0.179608 1.198485 0.245070
v 0.181392 1.237385 0.244857
v -0.024979 1.196985 -0.268990
v -0.024979 1.215885 -0.301880
v -0.024979 1.231285 -0.285328
v 0.197895 1.177085 -0.286396
v 0.182433 1.148385 -0.263117
v 0.183622 1.184885 -0.262049
v 0.144816 1.177085 -0.316189
v 0.130691 1.184985 -0.291735
v 0.129056 1.148385 -0.293017
v -0.155372 0.895385 0.214744
v -0.139315 0.856985 0.180786
v -0.140950 0.913385 0.181213
v -0.082518 0.895385 0.244323
v -0.068394 0.913385 0.210793
v -0.066163 0.856985 0.210579
v -0.086979 0.589985 2.521609
v -0.086235 0.567285 2.539869
v -0.087128 0.588085 2.540724
v -0.504329 0.562385 2.550227
v -0.503437 0.541585 2.549373
v -0.504180 0.564285 2.531113
v -0.769726 0.639385 2.429774
v -0.742666 0.635285 2.446646
v -0.770023 0.622485 2.459247
v 0.086979 0.589985 2.521609
v 0.087128 0.588085 2.540724
v 0.086235 0.567285 2.539869
v 0.504329 0.562385 2.550227
v 0.504180 0.564285 2.531113
v 0.503437 0.541585 2.549373
v 0.769726 0.639385 2.429774
v 0.770023 0.622485 2.459247
v 0.742666 0.635285 2.446646
v -0.004906 0.857685 -2.432017
v -0.078355 0.842885 -2.433192
v -0.004460 0.661385 -2.033818
v -0.140504 0.800485 -2.436502
v -0.004460 0.661385 -2.033818
v -0.181987 0.737085 -2.441628
v -0.196557 0.662185 -2.447607
v -0.181838 0.587385 -2.453694
v -0.140207 0.523885 -2.458927
v -0.004460 0.661385 -2.033818
v -0.077909 0.481385 -2.462451
v -0.004460 0.466485 -2.463839
v 0.068988 0.481285 -2.462664
v 0.131137 0.523585 -2.459354
v 0.172620 0.587085 -2.454228
v 0.187190 0.661885 -2.448248
v 0.172471 0.736785 -2.442161
v 0.130840 0.800285 -2.436929
v 0.068542 0.842785 -2.433405
v -0.004906 0.857685 -2.432017
v -0.004460 0.661385 -2.033818
v -0.420175 -1.176415 1.916782
v -0.420175 -1.173515 1.701718
v -0.420175 -1.226115 1.809143
v -0.453331 -1.173515 1.701718
v -0.453331 -1.176415 1.916782
v -0.453331 -1.226115 1.809036
v -0.463739 -1.212015 -0.505518
v -0.463739 -1.209015 -0.720475
v -0.463739 -1.261615 -0.613157
v -0.496895 -1.209015 -0.720582
v -0.496895 -1.212015 -0.505518
v -0.496895 -1.261615 -0.613157
v 0.451993 -1.176415 1.916782
v 0.451993 -1.173515 1.701718
v 0.451993 -1.226115 1.809036
v 0.418837 -1.173515 1.701718
v 0.418837 -1.176415 1.916782
v 0.418837 -1.226115 1.809143
v 0.471619 -1.212015 -0.505518
v 0.471619 -1.209015 -0.720582
v 0.471619 -1.261615 -0.613157
v 0.438314 -1.209015 -0.720475
v 0.438314 -1.212015 -0.505518
v 0.438314 -1.261615 -0.613157
v -0.637994 -0.005015 2.793696
v -0.675461 -0.095715 2.796900
v -0.662377 -0.370915 2.805122
v 0.671150 -0.371015 2.803200
v 0.646022 -0.006115 2.791881
v -0.637994 -0.005015 2.793696
v 0.452290 0.046985 2.790279
v -0.363824 0.059685 2.791026
v -0.524698 0.035685 2.792094
v 0.004014 0.071685 2.790065
v -0.195219 0.070785 2.790386
v 0.646022 -0.006115 2.791881
v 0.683788 -0.096815 2.794977
v 0.502693 -0.821315 3.072831
v 0.502693 -0.839515 3.088528
v 0.502544 -0.848315 3.066210
v 0.671298 -0.840015 3.087994
v 0.671298 -0.821915 3.072404
v 0.671150 -0.848915 3.065783
v 0.639332 -0.582915 3.132203
v 0.639183 -0.614315 3.135620
v 0.639183 -0.628115 3.100488
v 0.802733 -0.614915 3.135193
v 0.802733 -0.583515 3.131776
v 0.802584 -0.628715 3.099954
v 0.373340 -0.582915 3.132203
v 0.373340 -0.614315 3.135620
v 0.373191 -0.628115 3.100488
v 0.536593 -0.614915 3.135193
v 0.536593 -0.583515 3.131776
v 0.536444 -0.628715 3.099954
v 0.581197 -0.018515 2.539763
v 0.557705 -0.197815 2.525987
v 0.605432 -0.197915 2.526094
v 0.581197 -0.018515 2.539763
v 0.560233 -0.020515 2.561867
v 0.580900 -0.023915 2.583224
v 0.580900 -0.171515 2.569342
v 0.601418 -0.020715 2.561867
v 0.605432 -0.197915 2.526094
v -0.592646 -0.018515 2.539763
v -0.616137 -0.197815 2.525987
v -0.568411 -0.197915 2.526094
v -0.592646 -0.018515 2.539763
v -0.613461 -0.020515 2.561867
v -0.592943 -0.023915 2.583224
v -0.592943 -0.171515 2.569342
v -0.572425 -0.020715 2.561867
v -0.568411 -0.197915 2.526094
v 0.916326 -0.352215 2.497476
v 0.892834 -0.787315 2.047379
v 0.940561 -0.787515 2.047486
v 0.916326 -0.352215 2.497476
v 0.891942 -0.369115 2.517017
v 0.916029 -0.386615 2.535064
v 0.916029 -0.792315 2.097888
v 0.939966 -0.369315 2.517017
v 0.940561 -0.787515 2.047486
v 0.916326 -0.352215 2.497476
v 0.916029 -0.386615 2.535064
v 0.891942 -0.369115 2.517017
v -0.257368 -0.352215 2.497476
v -0.281009 -0.787315 2.047379
v -0.233133 -0.787515 2.047486
v -0.257368 -0.352215 2.497476
v -0.281901 -0.369115 2.517017
v -0.257666 -0.386615 2.535064
v -0.257814 -0.792315 2.097888
v -0.233876 -0.369315 2.517017
v -0.233133 -0.787515 2.047486
v -0.257368 -0.352215 2.497476
v -0.257666 -0.386615 2.535064
v -0.281901 -0.369115 2.517017
v -0.672785 -0.821315 3.072938
v -0.672785 -0.839515 3.088528
v -0.672785 -0.848315 3.066210
v -0.504180 -0.840015 3.088101
v -0.504031 -0.821915 3.072404
v -0.504180 -0.848915 3.065783
v -0.536147 -0.582915 3.132310
v -0.536147 -0.614315 3.135727
v -0.536295 -0.628115 3.100488
v -0.372745 -0.614915 3.135300
v -0.372745 -0.583515 3.131883
v -0.372894 -0.628715 3.100061
v -0.802138 -0.582915 3.132310
v -0.802138 -0.614315 3.135727
v -0.802287 -0.628115 3.100488
v -0.638886 -0.614915 3.135300
v -0.638886 -0.583515 3.131883
v -0.639034 -0.628715 3.100061
v -1.099799 -0.480115 0.528797
v -1.099799 -0.451615 0.363281
v -1.100840 -0.450415 0.367232
v -1.099799 -0.480115 0.528797
v -1.099799 -0.475415 0.528263
v 1.101881 -0.475415 0.528263
v 1.101881 -0.450415 0.367232
v 1.101881 -0.451615 0.363281
v 1.101881 -0.475415 0.528263
v 1.101881 -0.480115 0.528797
v 1.101881 -0.435715 0.733396
v 1.101881 -0.453215 0.684916
v 1.101881 -0.500715 0.736706
v 1.101881 -0.466615 0.767567
v 1.091324 0.077585 0.346409
v 1.091176 0.049285 0.318111
v 1.091324 0.021085 0.346409
v 1.091324 0.077585 0.346409
v 1.091324 0.021085 0.346409
v 1.091473 0.049285 0.374707
v 0.350592 0.049285 0.318218
v 0.350740 0.077585 0.346516
v 0.350889 0.049285 0.374814
v 0.350592 0.049285 0.318218
v 0.350889 0.049285 0.374814
v 0.350740 0.021085 0.346516
v 1.106639 -0.459315 0.366805
v 1.106490 -0.487515 0.338507
v 1.106639 -0.515815 0.366805
v 1.106639 -0.459315 0.366805
v 1.106639 -0.515815 0.366805
v 1.106787 -0.487515 0.394996
v -1.105300 -0.487515 0.338614
v -1.105003 -0.459315 0.366912
v -1.104854 -0.487515 0.395103
v -1.105300 -0.487515 0.338614
v -1.104854 -0.487515 0.395103
v -1.105003 -0.515815 0.366912
v -0.352227 0.077585 0.346409
v -0.352376 0.049285 0.318111
v -0.352227 0.021085 0.346409
v -0.352227 0.077585 0.346409
v -0.352227 0.021085 0.346409
v -0.352079 0.049285 0.374707
v -1.092811 0.049285 0.318218
v -1.092663 0.077585 0.346516
v -1.092514 0.049285 0.374814
v -1.092811 0.049285 0.318218
v -1.092514 0.049285 0.374814
v -1.092663 0.021085 0.346516
v -0.766157 -0.487215 0.726348
v -0.600972 -0.857715 0.385065
v -0.618516 -0.847915 0.374280
v -0.766157 -0.487215 0.726348
v -0.744598 -0.497015 0.737133
v -0.600972 -0.838115 0.363388
v -0.744598 -0.477415 0.715456
v -0.744598 -0.477415 0.715456
v -0.618516 -0.847915 0.374280
v -0.600972 -0.838115 0.363388
v 0.784148 -0.487215 0.726348
v 0.636358 -0.847915 0.374280
v 0.617922 -0.857715 0.385065
v 0.784148 -0.487215 0.726348
v 0.761399 -0.497015 0.737133
v 0.617922 -0.838115 0.363388
v 0.761399 -0.477415 0.715456
v -1.080768 0.108885 0.331352
v -1.080917 0.104985 0.248060
v -1.041367 0.104985 0.247740
v -1.080768 0.108885 0.331352
v -1.041367 0.104985 0.247740
v -1.041219 0.108885 0.331032
v -1.041962 -0.012515 0.335090
v -1.042111 -0.016415 0.251905
v -1.081660 -0.016415 0.252118
v -1.041962 -0.012515 0.335090
v -1.081660 -0.016415 0.252118
v -1.081511 -0.012515 0.335410
v -1.080768 -0.430915 0.351641
v -1.080917 -0.434815 0.268349
v -1.041367 -0.434815 0.268136
v -1.080768 -0.430915 0.351641
v -1.041367 -0.434815 0.268136
v -1.041219 -0.430915 0.351428
v -1.041962 -0.552315 0.355486
v -1.042111 -0.556215 0.272194
v -1.081660 -0.556215 0.272514
v -1.041962 -0.552315 0.355486
v -1.081660 -0.556215 0.272514
v -1.081511 -0.552315 0.355806
v 1.075267 0.108885 0.331352
v 1.035717 0.108885 0.331032
v 1.035866 0.104985 0.247740
v 1.075267 0.108885 0.331352
v 1.035866 0.104985 0.247740
v 1.075415 0.104985 0.248060
v 1.036461 -0.012515 0.335090
v 1.076010 -0.012515 0.335410
v 1.076159 -0.016415 0.252118
v 1.036461 -0.012515 0.335090
v 1.076159 -0.016415 0.252118
v 1.036610 -0.016415 0.251905
v 1.075267 -0.430915 0.351641
v 1.035717 -0.430915 0.351428
v 1.035866 -0.434815 0.268136
v 1.075267 -0.430915 0.351641
v 1.035866 -0.434815 0.268136
v 1.075415 -0.434815 0.268349
v 1.036461 -0.552315 0.355486
v 1.076010 -0.552315 0.355806
v 1.076159 -0.556215 0.272514
v 1.036461 -0.552315 0.355486
v 1.076159 -0.556215 0.272514
v 1.036610 -0.556215 0.272194
v 0.828604 -0.496415 1.922762
v 0.828604 -0.595015 1.942944
v 0.828604 -0.548715 2.416106
v 0.346875 -0.595015 1.942944
v 0.346875 -0.496415 1.922762
v 0.346875 -0.548715 2.416106
v 0.828604 -0.496415 1.922762
v 0.828604 -0.548715 2.416106
v 0.828604 -0.433515 2.491603
v 0.346875 -0.548715 2.416106
v 0.346875 -0.496415 1.922762
v 0.346875 -0.433515 2.491603
v 0.912163 -0.339515 1.886028
v 0.830685 -0.339515 1.886028
v 0.830685 -0.397515 1.918918
v 0.830685 -0.329315 2.057417
v 0.912163 -0.329315 2.057417
v 0.830685 -0.388815 2.060621
v 0.330520 -0.189815 1.862108
v 0.296025 -0.189815 1.862108
v 0.313273 -0.194215 1.837334
v 0.878412 -0.189815 1.862108
v 0.843769 -0.189815 1.862108
v 0.861165 -0.194215 1.837334
v 0.379882 -0.211315 1.844489
v 0.333493 -0.211315 1.844489
v 0.356688 -0.237815 1.812453
v 0.840498 -0.211315 1.844489
v 0.794109 -0.211315 1.844489
v 0.817304 -0.237815 1.812453
v 0.800949 0.170485 1.782767
v 0.879155 0.175985 1.890513
v 0.800949 0.042485 1.809036
v 0.910230 0.175985 1.890513
v 0.910230 0.169785 1.783942
v 0.910230 0.143185 1.800707
v -0.828604 -0.496415 1.922762
v -0.828604 -0.548715 2.416106
v -0.828604 -0.595015 1.942944
v -0.346875 -0.595015 1.942944
v -0.346875 -0.548715 2.416106
v -0.346875 -0.496415 1.922762
v -0.828604 -0.496415 1.922762
v -0.828604 -0.433515 2.491603
v -0.828604 -0.548715 2.416106
v -0.346875 -0.548715 2.416106
v -0.346875 -0.433515 2.491603
v -0.346875 -0.496415 1.922762
v -0.912163 -0.339515 1.886028
v -0.830685 -0.397515 1.918918
v -0.830685 -0.339515 1.886028
v -0.830685 -0.329315 2.057417
v -0.830685 -0.388815 2.060621
v -0.912163 -0.329315 2.057417
v -0.330520 -0.189815 1.862108
v -0.313273 -0.194215 1.837334
v -0.296025 -0.189815 1.862108
v -0.878412 -0.189815 1.862108
v -0.861165 -0.194215 1.837334
v -0.843769 -0.189815 1.862108
v -0.379882 -0.211315 1.844489
v -0.356688 -0.237815 1.812453
v -0.333493 -0.211315 1.844489
v -0.840498 -0.211315 1.844489
v -0.817304 -0.237815 1.812453
v -0.794109 -0.211315 1.844489
v -0.800949 0.170485 1.782767
v -0.800949 0.042485 1.809036
v -0.879155 0.175985 1.890513
v -0.910230 0.175985 1.890513
v -0.910230 0.143185 1.800707
v -0.910230 0.169785 1.783942
v 0.000595 0.541285 -7.322533
v 0.060662 0.527284 -7.321679
v -0.059473 0.527385 -7.321572
v -0.001487 0.511784 -8.695782
v -0.002230 0.511884 -8.693754
v -0.066758 0.519784 -8.501755
v 0.064231 0.519684 -8.501968
v -0.000743 0.511884 -8.693433
v 0.117459 1.883684 -9.098574
v 0.049660 1.787984 -9.093127
v 0.203991 1.807384 -9.102631
v 0.203843 1.883584 -9.098680
v 0.203991 1.807384 -9.102631
v 0.117459 1.932084 -9.096010
v 0.232836 1.883584 -9.098680
v 0.203991 1.847384 -9.067927
v 0.232836 1.847384 -9.067927
v 0.232836 1.931984 -9.096224
v 0.232836 1.964184 -9.061947
v 0.117459 1.964284 -9.061733
v 0.117459 1.961484 -9.015708
v 0.232836 1.961384 -9.015922
v 0.117607 1.925284 -8.984954
v 0.232984 1.925184 -8.985168
v 0.204140 1.876884 -8.987624
v 0.117607 1.876884 -8.987518
v 0.232984 1.876784 -8.987624
v 0.204140 1.800584 -8.991575
v 0.049808 1.782584 -9.000225
v 0.204140 1.844584 -9.021902
v 0.232984 1.844584 -9.022009
v 0.232836 1.847384 -9.067927
v 0.203991 1.847384 -9.067927
v -0.086830 1.896984 -9.035037
v 0.009218 1.847884 -8.930921
v -0.045199 1.847984 -8.930921
v -0.086830 1.896984 -9.035037
v -0.045199 1.782684 -9.000118
v 0.009218 1.782584 -9.000118
v -0.045199 1.847984 -8.930921
v -0.045199 1.782684 -9.000118
v -0.086830 1.896984 -9.035037
v 0.049957 1.847884 -8.931028
v 0.060960 1.804684 -8.976839
v 0.047429 1.854784 -8.923660
v 0.000297 0.674684 -8.791782
v -0.002676 1.513284 -9.286835
v -0.003568 1.513084 -9.285553
v -0.001784 0.673584 -8.791141
v -0.001487 0.511784 -8.695782
v -0.003568 1.513084 -9.285553
v -0.002676 1.513284 -9.286835
v -0.003568 1.540584 -9.291106
v -0.003568 1.513084 -9.285553
v -0.002230 0.511884 -8.693754
v -0.001784 0.673584 -8.791141
v -0.003568 1.513084 -9.285553
v -0.002230 0.511884 -8.693754
v -0.001487 0.511784 -8.695782
v -0.003568 1.513084 -9.285553
v -0.066758 0.519784 -8.501755
v -0.052931 1.599484 -9.194039
v -0.050254 1.697584 -9.211872
v -0.088317 0.514884 -8.398708
v -0.097981 0.512384 -8.257859
v -0.003568 1.540584 -9.291106
v -0.067650 1.706484 -9.080741
v -0.096941 0.476985 -7.550518
v -0.067650 1.804784 -8.976625
v -0.054120 1.854884 -8.923553
v -0.078355 0.532084 -7.501932
v -0.003271 1.883684 -8.893120
v 0.000297 0.563585 -7.474061
v -0.003717 1.690084 -9.321326
v -0.003717 1.728384 -9.308084
v 0.030628 1.733984 -9.224472
v 0.042969 1.697484 -9.211979
v -0.003420 1.702784 -9.133812
v -0.003568 1.739084 -9.150577
v -0.037914 1.734084 -9.224365
v 0.018288 1.745784 -9.225860
v -0.003717 1.742084 -9.279360
v -0.003717 1.742084 -9.279360
v -0.003568 1.748984 -9.178555
v -0.025573 1.745784 -9.225753
v 0.018288 1.745784 -9.225860
v -0.003717 1.742084 -9.279360
v 0.042969 1.697484 -9.211979
v -0.003717 1.690084 -9.321326
v -0.002676 1.513284 -9.286835
v 0.046091 1.599384 -9.194145
v 0.064231 0.519684 -8.501968
v 0.000297 0.674684 -8.791782
v -0.000743 0.511884 -8.693433
v -0.001487 0.511784 -8.695782
v 0.086235 0.514684 -8.398921
v 0.096346 0.512184 -8.258179
v 0.060960 1.706384 -9.080954
v 0.097535 0.476884 -7.550732
v 0.060960 1.804684 -8.976839
v 0.078950 0.531985 -7.502145
v 0.047429 1.854784 -8.923660
v 0.000297 0.563585 -7.474061
v -0.003271 1.883684 -8.893120
v -0.001635 -0.245315 3.485019
v -0.001635 -0.256515 3.452557
v 0.322937 -0.256715 3.452129
v -0.326208 -0.256215 3.452983
v -0.001635 -0.245315 3.485019
v 0.322937 -0.256715 3.452129
v -0.010259 0.630385 2.520114
v -0.009070 -0.073115 3.170218
v -0.010259 0.606585 2.500893
v -0.009070 -0.050815 3.129747
v -0.010259 0.630385 2.520114
v 0.003122 0.630385 2.520114
v -0.009070 -0.073115 3.170218
v 0.004906 -0.073115 3.170218
v 0.003122 0.630385 2.520114
v 0.003122 0.606585 2.500893
v 0.004906 -0.073115 3.170218
v 0.004758 -0.050815 3.129640
v -0.003717 -1.336915 3.363285
v 0.002825 -1.336915 3.363285
v -0.000446 -1.360115 3.355383
v -0.001041 -1.120515 3.021147
v -0.014571 -1.070715 3.043358
v -0.001041 -1.081115 3.063220
v -0.001041 -1.117615 2.964017
v -0.014719 -1.079415 2.968289
v -0.014868 -1.088815 2.888094
v -0.014719 -1.146215 2.913295
v -0.014719 -1.134415 2.900587
v -0.001041 -1.120515 3.021147
v -0.003717 -1.336915 3.363285
v -0.014868 -1.088815 2.888094
v -0.014719 -1.134415 2.900587
v -0.001189 -1.089215 2.880725
v -0.001189 -1.134915 2.893113
v -0.014719 -1.146215 2.913295
v -0.001189 -1.151615 2.911266
v 0.012341 -1.088815 2.888094
v -0.001189 -1.089215 2.880725
v 0.012341 -1.134515 2.900481
v -0.001189 -1.134915 2.893113
v 0.012489 -1.146215 2.913295
v -0.001189 -1.151615 2.911266
v -0.000446 -1.360115 3.355383
v 0.002825 -1.336915 3.363285
v 0.012489 -1.146215 2.913295
v -0.001189 -1.151615 2.911266
v 0.925693 0.578085 1.850789
v 0.885698 0.573485 2.279422
v 0.910527 0.559685 1.851430
v 0.869342 0.557785 2.291809
v -0.460021 0.568885 -0.816368
v -0.437571 0.516885 -1.379549
v -0.003420 0.568485 -0.817115
v -0.004312 0.516485 -1.380296
v -0.378395 0.427785 -1.879087
v -0.004906 0.427485 -1.879728
v -0.003420 0.568485 -0.817115
v -0.004312 0.516485 -1.380296
v 0.453033 0.568185 -0.817756
v 0.429096 0.516185 -1.380937
v -0.004906 0.427485 -1.879728
v 0.368582 0.427185 -1.880261
v -0.342712 0.698485 1.848226
v -0.334237 0.679085 2.374353
v -0.342712 0.673785 1.849080
v -0.334237 0.654385 2.375314
v -0.057391 0.606585 2.501000
v -0.057391 0.580685 2.474838
v -0.304352 0.580885 2.475265
v -0.304352 0.606785 2.501320
v -0.427163 0.580985 2.475371
v -0.490353 0.597585 2.495447
v -0.553691 0.562285 2.463305
v -0.666392 0.560085 2.470459
v -0.666392 0.534185 2.444297
v -0.805558 0.517885 2.441948
v -0.805558 0.491985 2.415892
v -0.894618 0.456885 2.401050
v -0.871424 0.446785 2.385673
v -0.924949 0.579485 1.853565
v -0.909784 0.561085 1.854206
v -0.894172 0.574685 2.281985
v -0.877817 0.559085 2.294265
v -0.894618 0.456885 2.401050
v -0.871424 -0.282515 2.877629
v -0.894618 -0.270315 2.888307
v -0.871424 0.446785 2.385673
v -0.058432 -0.030415 3.106895
v -0.327546 -0.051815 3.087354
v -0.058432 -0.054215 3.085538
v -0.327546 -0.080015 3.063754
v -0.443667 -0.068715 3.074005
v -0.443667 -0.098915 3.047950
v -0.575547 -0.104015 3.042184
v -0.575547 -0.131015 3.016128
v -0.693006 -0.150115 3.001926
v -0.693006 -0.176015 2.975764
v -0.805409 -0.209815 2.947466
v -0.805409 -0.235715 2.921410
v -0.894618 -0.270315 2.888307
v -0.871424 -0.282515 2.877629
v -0.325464 -0.560115 3.699549
v -0.325464 -0.561315 3.668048
v -0.447384 -0.562315 3.637080
v -0.461062 -0.561315 3.663242
v -0.607216 -0.565215 3.556244
v -0.625950 -0.564315 3.579950
v -0.738205 -0.569015 3.450741
v -0.760953 -0.568215 3.471137
v -0.890307 -0.574115 3.309465
v -0.863693 -0.574715 3.293875
v -0.936547 -0.580615 3.130601
v -0.965391 -0.580215 3.141066
v -0.972676 -0.584115 3.034709
v -1.002710 -0.584115 3.034709
v 0.343158 0.697985 1.847158
v 0.343158 0.673285 1.848119
v 0.326654 0.678585 2.373392
v 0.326654 0.653885 2.374353
v 0.050403 0.606585 2.500786
v 0.297364 0.606385 2.500466
v 0.050403 0.580685 2.474731
v 0.297364 0.580485 2.474410
v 0.483365 0.596785 2.494059
v 0.420175 0.580385 2.474197
v 0.546703 0.561485 2.461703
v 0.659404 0.559085 2.468537
v 0.659404 0.533185 2.442482
v 0.797529 0.516685 2.439705
v 0.797529 0.490785 2.413650
v 0.886590 0.455585 2.398700
v 0.863395 0.445585 2.383217
v 0.886590 0.455585 2.398700
v 0.890158 -0.271615 2.885851
v 0.863395 0.445585 2.383217
v 0.866964 -0.283815 2.875279
v 0.053971 -0.030515 3.106788
v 0.053971 -0.054315 3.085431
v 0.325018 -0.052315 3.086499
v 0.324870 -0.080515 3.062900
v 0.439206 -0.069315 3.072831
v 0.439206 -0.099515 3.046669
v 0.571087 -0.104915 3.040582
v 0.571087 -0.131815 3.014526
v 0.688545 -0.151115 3.000004
v 0.688545 -0.177015 2.973948
v 0.800949 -0.210915 2.945223
v 0.800949 -0.236815 2.919168
v 0.890158 -0.271615 2.885851
v 0.866964 -0.283815 2.875279
v 0.323680 -0.560515 3.698695
v 0.445451 -0.562915 3.635906
v 0.323680 -0.561715 3.667193
v 0.623720 -0.565215 3.578349
v 0.459278 -0.562015 3.662068
v 0.604838 -0.566015 3.554749
v 0.735380 -0.570015 3.448926
v 0.758277 -0.569315 3.469215
v 0.860422 -0.575815 3.291632
v 0.887036 -0.575315 3.307116
v 0.932978 -0.581915 3.128038
v 0.961823 -0.581615 3.138503
v 0.968811 -0.585515 3.032146
v 0.998844 -0.585515 3.032039
v 1.119277 0.164885 -0.861431
v 1.155852 0.132485 -0.859722
v 1.146039 0.165185 -0.868692
v 1.159421 0.116085 -0.854169
v 1.129090 0.132285 -0.852354
v 1.132509 0.115885 -0.846801
v 1.201349 -0.270115 -0.849257
v 1.157934 -0.058215 -0.845947
v 1.201498 -0.332615 -0.847442
v 1.174438 -0.270315 -0.841996
v 1.175330 -0.332815 -0.840287
v 1.173248 -0.381915 -0.854062
v 1.200160 -0.381715 -0.861431
v 1.172059 -0.386715 -0.861003
v 1.198227 -0.386515 -0.868158
v 1.164922 -0.413415 -0.893786
v 1.191090 -0.413215 -0.900941
v 1.066346 -0.434115 -1.444901
v 1.039434 -0.434315 -1.437533
v 1.062034 -0.434615 -1.458997
v 1.035123 -0.434815 -1.451629
v 1.019511 -0.436815 -1.500215
v 1.046423 -0.436515 -1.507477
v 1.033338 -0.408115 -1.547841
v 1.006427 -0.408415 -1.540473
v 1.119277 0.164885 -0.861431
v 1.146039 0.165185 -0.868692
v 1.143809 0.169385 -0.875526
v 1.116898 0.169185 -0.868158
v 1.129982 0.193685 -0.908629
v 1.103070 0.193385 -0.901368
v 0.976988 0.172385 -1.444794
v 1.003899 0.172585 -1.452056
v 0.999290 0.172285 -1.466044
v 0.972379 0.172085 -1.458676
v 0.958254 0.164285 -1.507370
v 0.985166 0.164485 -1.514631
v 0.952902 0.132685 -1.547307
v 0.979813 0.132885 -1.554569
v 0.956321 0.105085 -1.557772
v 0.983233 0.105285 -1.565034
v 0.957957 0.082785 -1.563539
v 0.984720 0.082985 -1.570907
v 0.982341 -0.085915 -1.563218
v 1.009252 -0.085715 -1.570586
v 0.999290 -0.297915 -1.559374
v 1.026202 -0.297715 -1.566635
v 1.000628 -0.360515 -1.557132
v 1.027540 -0.360315 -1.564500
v 1.006427 -0.408415 -1.540473
v 1.033338 -0.408115 -1.547841
v 0.903688 0.129485 -1.698621
v 0.930599 0.129685 -1.705989
v 0.911419 0.156085 -1.744218
v 0.884508 0.155885 -1.736957
v 0.810316 0.146285 -2.057631
v 0.783553 0.146085 -2.050262
v 0.670109 0.131985 -2.322456
v 0.696872 0.132185 -2.329824
v 0.661337 0.100785 -2.361966
v 0.688248 0.100985 -2.369335
v 0.664162 0.071985 -2.373392
v 0.691073 0.072185 -2.380760
v 0.664162 0.053685 -2.378197
v 0.691073 0.053885 -2.385566
v 0.692709 -0.119015 -2.379479
v 0.719620 -0.118815 -2.386847
v 0.712929 -0.331115 -2.376489
v 0.739841 -0.330815 -2.383857
v 0.714713 -0.393715 -2.373926
v 0.741476 -0.393515 -2.381187
v 0.722296 -0.441515 -2.358015
v 0.749208 -0.441315 -2.365384
v 0.738651 -0.469815 -2.319146
v 0.765563 -0.469515 -2.326514
v 0.846594 -0.458515 -2.043321
v 0.873506 -0.458315 -2.050583
v 0.946211 -0.446015 -1.730229
v 0.973122 -0.445815 -1.737597
v 0.985017 -0.414215 -1.699262
v 0.958106 -0.414415 -1.692000
v 0.988734 -0.365115 -1.685914
v 0.961823 -0.365315 -1.678652
v 0.987545 -0.302615 -1.688049
v 0.960633 -0.302815 -1.680681
v 0.943683 -0.090715 -1.684525
v 0.970595 -0.090515 -1.691894
v 0.917961 0.083285 -1.684846
v 0.944873 0.083485 -1.692214
v 0.913947 0.099785 -1.689971
v 0.940858 0.099985 -1.697340
v 0.903688 0.129485 -1.698621
v 0.930599 0.129685 -1.705989
v -1.155406 0.168885 -0.936607
v -1.138159 0.135985 -0.920376
v -1.128495 0.168585 -0.929345
v -1.141728 0.119485 -0.914823
v -1.155406 0.168885 -0.936607
v -1.128495 0.168585 -0.929345
v -1.126265 0.172785 -0.936180
v -1.153176 0.173085 -0.943441
v -1.112586 0.197085 -0.969390
v -1.139497 0.197285 -0.976651
v -1.014902 0.176085 -1.520398
v -0.987991 0.175785 -1.513136
v -0.983381 0.175585 -1.527125
v -1.010293 0.175785 -1.534387
v -0.996317 0.167985 -1.583080
v -0.969405 0.167685 -1.575819
v -0.991113 0.136285 -1.623018
v -0.964202 0.136085 -1.615756
v -0.994384 0.108785 -1.633483
v -0.967472 0.108485 -1.626221
v -0.996019 0.086385 -1.639249
v -0.969108 0.086185 -1.631988
v -1.020106 -0.082215 -1.638822
v -0.993194 -0.082415 -1.631667
v -1.036461 -0.294215 -1.634978
v -1.009549 -0.294515 -1.627716
v -1.037650 -0.356715 -1.632735
v -1.010739 -0.357015 -1.625474
v -1.043300 -0.404615 -1.616077
v -1.016389 -0.404915 -1.608815
v -1.043300 -0.404615 -1.616077
v -1.016389 -0.404915 -1.608815
v -1.056235 -0.433015 -1.575712
v -1.029324 -0.433315 -1.568451
v -1.044787 -0.431315 -1.519864
v -1.071698 -0.431015 -1.527125
v -1.076010 -0.430515 -1.513030
v -1.049099 -0.430715 -1.505768
v -1.199862 -0.409415 -0.968856
v -1.172951 -0.409715 -0.961701
v -1.199862 -0.409415 -0.968856
v -1.172951 -0.409715 -0.961701
v -1.180087 -0.383015 -0.928812
v -1.206999 -0.382715 -0.936073
v -1.181277 -0.378115 -0.921871
v -1.208188 -0.377915 -0.929132
v -1.208188 -0.377915 -0.929132
v -1.181277 -0.378115 -0.921871
v -1.183507 -0.329115 -0.908095
v -1.210419 -0.328815 -0.915357
v -1.182615 -0.266515 -0.909804
v -1.209526 -0.266315 -0.917065
v -1.168639 0.119785 -0.922084
v -1.166706 -0.054415 -0.913862
v -1.141728 0.119485 -0.914823
v -1.165219 0.136185 -0.927637
v -1.155406 0.168885 -0.936607
v -0.753519 -0.390415 -2.450170
v -0.725567 -0.328115 -2.445685
v -0.727054 -0.390715 -2.443123
v -0.760953 -0.438215 -2.434366
v -0.734637 -0.438515 -2.427212
v -0.777755 -0.466415 -2.395604
v -0.750843 -0.466715 -2.388342
v -0.884805 -0.455015 -2.119352
v -0.857894 -0.455215 -2.112091
v -0.983530 -0.442315 -1.806046
v -0.956619 -0.442615 -1.798785
v -0.968513 -0.411015 -1.760449
v -0.995425 -0.410815 -1.767711
v -0.972379 -0.361915 -1.747101
v -0.999290 -0.361715 -1.754363
v -0.971189 -0.299415 -1.749130
v -0.998101 -0.299215 -1.756391
v -0.981746 -0.087115 -1.760342
v -0.954835 -0.087415 -1.753081
v -0.956470 0.086885 -1.760663
v -0.929559 0.086585 -1.753401
v -0.952456 0.103385 -1.765895
v -0.925544 0.103085 -1.758634
v -0.942345 0.132985 -1.774545
v -0.915434 0.132785 -1.767283
v -0.942345 0.132985 -1.774545
v -0.915434 0.132785 -1.767283
v -0.896403 0.159185 -1.805619
v -0.923314 0.159385 -1.812880
v -0.796191 0.149185 -2.119245
v -0.823102 0.149385 -2.126507
v -0.710550 0.135185 -2.399020
v -0.683639 0.134885 -2.391866
v -0.701927 0.103985 -2.438531
v -0.675015 0.103785 -2.431376
v -0.704603 0.075185 -2.449957
v -0.677692 0.074885 -2.442695
v -0.704603 0.056885 -2.454762
v -0.677692 0.056585 -2.447501
v -0.732704 -0.115815 -2.456043
v -0.705793 -0.116015 -2.448782
v -0.751884 -0.327815 -2.452840
v 0.927180 0.511785 2.269277
v 0.980408 0.496485 1.853672
v 0.949631 0.511785 2.269277
v 1.001075 0.496385 1.853672
v -0.923314 0.159385 -1.812880
v -0.801692 0.239485 -2.124264
v -0.991113 0.136285 -1.623018
v -0.996317 0.167985 -1.583080
v -0.003717 0.646185 2.440666
v -0.003568 0.606585 2.500893
v -0.057391 0.606585 2.501000
v -0.304352 0.606785 2.501320
v -0.316544 0.646385 2.441094
v -0.490353 0.597585 2.495447
v -0.509979 0.639385 2.432764
v -0.693006 0.610885 2.397846
v -0.666392 0.560085 2.470459
v -0.837822 0.578885 2.358229
v -0.805558 0.517885 2.441948
v -0.930451 0.532485 2.301206
v -0.894618 0.456885 2.401050
v -0.958106 0.513185 2.271840
v -0.251867 0.327685 -2.270666
v -0.173660 0.229285 -2.575963
v -0.173809 0.268685 -2.577458
v -0.208749 0.389385 -2.315835
v -0.109578 0.331085 -2.579807
v -0.109430 0.405085 -2.333775
v -0.005799 0.354785 -2.580874
v -0.005501 0.423385 -2.349259
v -1.034528 -0.593015 2.792308
v -1.002710 -0.584115 3.034709
v -1.025161 -0.663115 2.805015
v -0.993640 -0.652315 3.037272
v -0.969554 -0.734515 3.040262
v -1.001372 -0.742215 2.834274
v -0.957511 -0.828015 2.887239
v -0.925544 -0.815915 3.043251
v -1.083593 -0.810115 1.905356
v -0.832915 -0.919915 3.046989
v -1.034974 -0.907015 1.908880
v -1.111545 -0.818115 1.687195
v -1.095785 -0.922715 1.508545
v -1.149608 -0.824815 1.504914
v -1.186927 -0.836215 1.193210
v -1.203877 -0.844715 0.962769
v -0.823400 -0.970715 2.892365
v -0.696426 -0.988015 3.049338
v -0.578224 -1.035015 3.050940
v -0.434746 -1.080215 2.895889
v -0.444707 -1.066015 3.051794
v -0.328884 -1.069815 3.051901
v -0.001041 -1.071215 3.051474
v -0.001189 -1.090915 2.895675
v -0.868896 -1.061915 1.914432
v -0.467604 -1.162315 2.121061
v -0.001933 -1.173815 2.121167
v -0.522914 -1.214615 0.958604
v 0.001189 -1.226215 0.958284
v -0.000595 -1.238615 -0.254467
v -0.910379 -1.079115 1.513991
v -0.962566 -1.099015 0.971846
v -0.532430 -1.227915 -0.254040
v -0.001338 -1.218115 -0.751122
v -1.149310 -0.942615 0.966293
v -1.236289 -0.866415 0.370222
v -0.987545 -1.108115 0.378765
v -1.180087 -0.959415 0.373532
v -1.212500 -0.889815 -0.265573
v -0.968662 -1.118715 -0.257457
v -0.929856 -1.111615 -0.753685
v -0.511465 -1.208615 -0.750695
v -0.002230 -1.146115 -1.318468
v -1.157339 -0.977915 -0.262370
v -1.163732 -0.908115 -0.760840
v -0.417350 -1.139415 -1.318041
v -0.003122 -1.036915 -1.825268
v -1.110950 -0.986415 -0.758063
v -0.947846 -0.929015 -1.325089
v -0.904877 -0.983815 -1.323060
v -0.809572 -1.048615 -1.320070
v -0.670109 -0.951815 -1.827403
v -0.670109 -0.951815 -1.827403
v -0.371258 -1.026615 -1.825054
v -0.003866 -0.940415 -2.224642
v -0.286361 -0.931715 -2.224535
v -0.004609 -0.811115 -2.643877
v -0.538377 -0.868215 -2.226564
v -0.174255 -0.804215 -2.643130
v -0.392371 -0.717215 -2.636936
v -0.779539 -0.845115 -1.831247
v -0.538377 -0.868215 -2.226564
v -0.982192 -0.841315 -1.328292
v -1.127603 -0.908115 -0.760946
v -1.154663 -0.820415 -0.764150
v -0.626099 -0.777615 -2.229767
v -0.392371 -0.717215 -2.636936
v -0.831726 -0.632515 -1.839043
v -0.668027 -0.577015 -2.236388
v -0.455412 -0.493315 -2.624549
v -1.011482 -0.688215 -1.333952
v -0.683936 -0.273015 -2.247707
v -0.461954 -0.129615 -2.599882
v -0.851501 -0.274815 -1.852284
v -1.029770 -0.495815 -1.341000
v -1.176370 -0.667315 -0.769809
v -1.185291 -0.475015 -0.776964
v -1.035420 -0.283215 -1.348902
v -1.180682 -0.262315 -0.784866
v -0.840201 -0.096715 -1.858905
v -1.027986 -0.071015 -1.356804
v -1.162989 -0.050115 -0.792768
v -0.665797 0.029685 -2.258919
v -1.007914 0.119985 -1.363958
v -1.133996 0.140785 -0.799923
v -0.829050 0.081285 -1.865525
v -0.606027 0.216685 -2.265967
v -0.396980 0.140585 -2.581622
v -0.754263 0.301285 -1.873854
v -0.977285 0.270985 -1.369618
v -1.096528 0.291785 -0.805582
v -0.916921 0.369085 -1.373355
v -1.056087 0.399985 -0.809640
v -0.003866 0.678785 2.373926
v -0.003717 0.646185 2.440666
v -0.316544 0.646385 2.441094
v -0.334237 0.679085 2.374353
v 0.000149 0.698285 1.847692
v -0.509979 0.639385 2.432764
v -0.538525 0.669585 2.365490
v -0.342712 0.698485 1.848226
v -0.761251 0.632085 2.337726
v -0.693006 0.610885 2.397846
v -0.837822 0.578885 2.358229
v -0.855218 0.596285 2.309108
v -0.930451 0.532485 2.301206
v -0.894172 0.574685 2.281985
v -0.000743 0.683985 1.172173
v -0.469686 0.684485 1.176338
v -0.503734 0.698685 1.848440
v -0.787121 0.646685 1.178474
v -0.657322 0.673585 1.849614
v -0.786229 0.636085 1.851216
v -0.967324 0.594685 1.452910
v -0.924949 0.579485 1.853565
v -0.630560 0.612885 -0.003951
v -0.827563 0.586685 -0.002456
v -0.970149 0.538685 1.855167
v -0.958106 0.513185 2.271840
v -1.000182 0.497985 1.856662
v -1.024120 0.489985 1.638395
v -1.041962 0.571585 0.910658
v -0.395642 0.645485 0.375027
v -0.337210 0.655785 0.564676
v -0.182879 0.664885 0.732862
v -0.001189 0.667985 0.791700
v -0.412443 0.642085 0.312879
v -0.449019 0.621285 0.016124
v -0.477417 0.597685 -0.321742
v -0.449465 0.597585 -0.321742
v -0.478161 0.568885 -0.816368
v -0.693898 0.549885 -0.815620
v -0.455858 0.516885 -1.379549
v -1.051032 0.529585 0.000534
v -0.650632 0.484585 -1.378054
v -0.983381 0.490985 -0.812310
v -0.584914 0.391185 -1.877485
v -0.396534 0.427785 -1.879087
v -1.181723 0.441685 0.321528
v -1.153176 0.418285 -0.314267
v -1.156893 0.463485 0.914075
v -1.184994 0.431585 0.321848
v -1.156447 0.408185 -0.313840
v -1.160313 0.453385 0.914396
v -1.092217 0.400085 -0.809640
v -1.095488 0.389985 -0.809213
v -1.080768 0.400085 -0.809640
v -1.128792 0.471885 1.144516
v -1.132063 0.461785 1.144837
v -0.825630 0.429185 -1.375705
v -0.916921 0.369085 -1.373355
v -0.754263 0.301285 -1.873854
v -1.066197 0.483285 1.456220
v -1.069617 0.473285 1.456541
v -1.027837 0.479885 1.638822
v -0.470281 0.293085 -2.269064
v -0.606027 0.216685 -2.265967
v -0.396980 0.140585 -2.581622
v -0.395196 0.323285 -2.221651
v -0.413335 0.262885 -2.370509
v -0.297215 0.201585 -2.577671
v -0.173660 0.229285 -2.575963
v -0.333939 0.298785 -2.324165
v -0.302567 0.327685 -2.270559
v -0.251867 0.327685 -2.270666
v -0.057391 0.606585 2.501000
v -0.003568 0.606585 2.500893
v -0.058432 -0.030415 3.106895
v -0.002230 -0.030515 3.106895
v 0.050403 0.606585 2.500786
v 0.053971 -0.030515 3.106788
v -0.958106 0.513185 2.271840
v -0.894618 0.456885 2.401050
v -0.969703 -0.343015 2.819218
v -0.894618 -0.270315 2.888307
v -1.000182 0.497985 1.856662
v -1.076308 0.382485 1.649714
v -1.024120 0.489985 1.638395
v -1.045084 0.390485 1.862962
v -1.059953 0.238085 1.864030
v -1.107828 0.230685 1.648112
v -1.076902 0.046985 1.870651
v -1.134293 0.039785 1.655267
v -1.150946 -0.172315 1.663169
v -1.094595 -0.164615 1.880795
v -1.111396 -0.375715 1.893716
v -1.156298 -0.385015 1.671071
v -1.151392 -0.577315 1.678225
v -1.119277 -0.569315 1.896493
v -1.103962 -0.722515 1.902152
v -1.132807 -0.730515 1.683885
v -1.111545 -0.818115 1.687195
v -1.083593 -0.810115 1.905356
v -0.325464 -0.560115 3.699549
v -0.000743 -0.559515 3.721119
v -0.325316 -0.676115 3.698481
v -0.000595 -0.675415 3.721974
v -0.325167 -0.763615 3.663883
v -0.000595 -0.763015 3.685987
v -0.325167 -0.868015 3.577815
v -0.000595 -0.867515 3.596609
v -0.325316 -0.953415 3.449246
v -0.000743 -0.953115 3.463342
v -0.325613 -1.033415 3.250413
v -0.001041 -1.033415 3.257247
v -0.328884 -1.069815 3.051901
v -0.001041 -1.071215 3.051474
v -0.378990 0.918585 -0.366164
v -0.378544 0.619985 -0.354952
v -0.379585 0.902685 -0.796933
v -0.379139 0.604185 -0.785614
v -0.456453 0.918585 -0.366057
v -0.378990 0.918585 -0.366164
v -0.458386 0.902785 -0.796826
v -0.379585 0.902685 -0.796933
v -0.458386 0.902785 -0.796826
v -0.379585 0.902685 -0.796933
v -0.476079 0.604185 -0.785507
v -0.379139 0.604185 -0.785614
v -0.475930 0.620085 -0.354738
v -0.476079 0.604185 -0.785507
v -0.378544 0.619985 -0.354952
v -0.379139 0.604185 -0.785614
v -0.456453 0.918585 -0.366057
v -0.475930 0.620085 -0.354738
v -0.378990 0.918585 -0.366164
v -0.378544 0.619985 -0.354952
v -0.003717 0.646185 2.440666
v 0.050403 0.606585 2.500786
v -0.003568 0.606585 2.500893
v 0.309258 0.645885 2.440240
v 0.297364 0.606385 2.500466
v 0.502693 0.638585 2.431269
v 0.483365 0.596785 2.494059
v 0.685720 0.609885 2.395817
v 0.659404 0.559085 2.468537
v 0.829347 0.577685 2.355880
v 0.797529 0.516685 2.439705
v 0.921976 0.531185 2.298750
v 0.886590 0.455585 2.398700
v 0.949631 0.511785 2.269277
v 0.241162 0.327285 -2.271413
v 0.162361 0.268485 -2.577885
v 0.162361 0.228985 -2.576390
v 0.197747 0.389085 -2.316476
v 0.097981 0.330885 -2.580127
v 0.098279 0.404885 -2.334096
v -0.005799 0.354785 -2.580874
v -0.005501 0.423385 -2.349259
v 1.030514 -0.594515 2.789425
v 0.998844 -0.585515 3.032039
v 0.989923 -0.653715 3.034602
v 1.021295 -0.664615 2.802239
v 0.966134 -0.735915 3.037699
v 0.996763 -0.743515 2.831391
v 0.954388 -0.829415 2.884677
v 0.922273 -0.817215 3.040795
v 0.829942 -0.921015 3.044746
v 1.039286 -0.908615 1.905783
v 1.087607 -0.811815 1.902152
v 0.820724 -0.971915 2.890123
v 0.694195 -0.989015 3.047523
v 0.576142 -1.035815 3.049338
v 0.432218 -1.080815 2.894714
v 0.443369 -1.067015 3.050726
v 0.328438 -1.071415 3.051047
v -0.001041 -1.071215 3.051474
v -0.001189 -1.090915 2.895675
v 0.873654 -1.063215 1.911870
v 1.099205 -0.924415 1.505234
v 1.115114 -0.819915 1.683778
v 1.136226 -0.732315 1.680468
v 1.151243 -0.826615 1.501497
v 1.189008 -0.838115 1.189579
v 1.205512 -0.846615 0.959138
v 0.468496 -1.163015 2.119779
v -0.001933 -1.173815 2.121167
v 0.001189 -1.226215 0.958284
v 1.151095 -0.944415 0.962876
v 1.236140 -0.868415 0.366484
v 0.914096 -1.080615 1.511321
v 0.525293 -1.215415 0.957109
v 0.964648 -1.100515 0.968963
v 0.531240 -1.228715 -0.255642
v -0.000595 -1.238615 -0.254467
v 0.987991 -1.109615 0.375775
v 1.180087 -0.961315 0.370008
v 1.155555 -0.979815 -0.265787
v 1.210567 -0.891815 -0.269204
v 0.967324 -1.120315 -0.260341
v 0.508789 -1.209415 -0.752297
v -0.001338 -1.218115 -0.751122
v 0.927031 -1.113015 -0.756461
v 1.107679 -0.988215 -0.761373
v 1.160313 -0.909915 -0.764363
v 0.412741 -1.140015 -1.319322
v -0.002230 -1.146115 -1.318468
v 0.899971 -0.985215 -1.325836
v 0.942791 -0.930515 -1.327972
v 0.804815 -1.049815 -1.322312
v 0.663716 -0.952915 -1.829432
v 0.663716 -0.952915 -1.829432
v 0.365014 -1.027115 -1.826228
v -0.003122 -1.036915 -1.825268
v 0.278778 -0.932115 -2.225389
v 0.530645 -0.869015 -2.228059
v -0.003866 -0.940415 -2.224642
v 0.165037 -0.804415 -2.643664
v 0.382856 -0.717915 -2.638111
v -0.004609 -0.811115 -2.643877
v 0.772848 -0.846415 -1.833597
v 0.530645 -0.869015 -2.228059
v 0.618070 -0.778615 -2.231582
v 0.382856 -0.717915 -2.638111
v 0.659552 -0.578115 -2.238417
v 0.445599 -0.494115 -2.625938
v 0.824589 -0.633815 -1.841499
v 0.674569 -0.274015 -2.249736
v 0.451398 -0.130415 -2.601271
v 0.843472 -0.276115 -1.854847
v 1.005832 -0.689815 -1.336942
v 0.976988 -0.842915 -1.331282
v 1.151095 -0.822315 -0.767674
v 1.124183 -0.909915 -0.764363
v 1.172356 -0.669215 -0.773333
v 1.180831 -0.476915 -0.780488
v 1.023674 -0.497515 -1.344097
v 1.175776 -0.264215 -0.788390
v 1.028878 -0.284815 -1.351999
v 1.157488 -0.052015 -0.796292
v 0.831726 -0.098115 -1.861467
v 1.020849 -0.072615 -1.359901
v 1.128049 0.138985 -0.803340
v 0.655835 0.028585 -2.260948
v 1.000480 0.118385 -1.366948
v 1.090135 0.290085 -0.808893
v 0.820129 0.079985 -1.868088
v 0.595471 0.215785 -2.267782
v 0.385829 0.139985 -2.582797
v 0.744747 0.300085 -1.876097
v 0.969405 0.269485 -1.372608
v 0.908743 0.367685 -1.376132
v 1.049545 0.398385 -0.812844
v 0.309258 0.645885 2.440240
v -0.003717 0.646185 2.440666
v -0.003866 0.678785 2.373926
v 0.326654 0.678585 2.373392
v 0.000149 0.698285 1.847692
v 0.530943 0.668785 2.363889
v 0.502693 0.638585 2.431269
v 0.752776 0.630985 2.335697
v 0.685720 0.609885 2.395817
v 0.829347 0.577685 2.355880
v 0.846594 0.594985 2.306759
v 0.885698 0.573485 2.279422
v 0.921976 0.531185 2.298750
v 0.343158 0.697985 1.847158
v 0.925693 0.578085 1.850789
v 0.468199 0.683785 1.174843
v -0.000743 0.683985 1.172173
v -0.001189 0.667985 0.791700
v 0.180351 0.664585 0.732328
v 0.334088 0.655285 0.563715
v 0.504031 0.697885 1.846945
v 0.773740 0.646985 1.191715
v 0.657768 0.672585 1.847692
v 0.391925 0.644885 0.373853
v 0.625950 0.611885 -0.005873
v 0.408578 0.641485 0.311597
v 0.786675 0.634785 1.848867
v 0.444410 0.620585 0.014736
v 0.471916 0.596885 -0.323130
v 0.443815 0.596885 -0.323130
v 0.471173 0.568085 -0.817756
v 0.687059 0.548785 -0.817756
v 0.447235 0.516185 -1.380937
v 0.967026 0.593085 1.449920
v 0.822954 0.585385 -0.004912
v 1.040178 0.569985 0.907561
v 1.046571 0.527885 -0.002563
v 0.642305 0.483585 -1.379976
v 0.976691 0.489485 -0.815300
v 0.575250 0.390185 -1.879194
v 0.386870 0.427185 -1.880261
v 1.024715 0.488385 1.635298
v 0.970892 0.537185 1.852284
v 0.949631 0.511785 2.269277
v 1.001075 0.496385 1.853672
v 1.066197 0.481585 1.453017
v 1.028283 0.478285 1.635725
v 1.069468 0.471585 1.453337
v 1.127751 0.470085 1.141099
v 1.131171 0.459985 1.141420
v 1.155258 0.461585 0.910551
v 1.158677 0.451485 0.910979
v 1.178452 0.439785 0.317897
v 1.181723 0.429685 0.318325
v 1.147972 0.416485 -0.317684
v 1.151392 0.406385 -0.317364
v 1.088946 0.388185 -0.812523
v 1.085674 0.398285 -0.812844
v 1.074226 0.398285 -0.812844
v 0.817453 0.427885 -1.378161
v 0.908743 0.367685 -1.376132
v 0.744747 0.300085 -1.876097
v 0.459724 0.292285 -2.270452
v 0.595471 0.215785 -2.267782
v 0.382856 0.322685 -2.224855
v 0.406793 0.264485 -2.364102
v 0.385829 0.139985 -2.582797
v 0.285915 0.201085 -2.578525
v 0.162361 0.228985 -2.576390
v 0.327843 0.300185 -2.318505
v 0.291862 0.327185 -2.271413
v 0.241162 0.327285 -2.271413
v 0.050403 0.606585 2.500786
v 0.050403 0.580685 2.474731
v 0.053971 -0.030515 3.106788
v 0.053971 -0.054315 3.085431
v 0.949631 0.511785 2.269277
v 0.965094 -0.344415 2.816548
v 0.886590 0.455585 2.398700
v 0.890158 -0.271615 2.885851
v 1.001075 0.496385 1.853672
v 1.024715 0.488385 1.635298
v 1.045530 0.388885 1.859972
v 1.076456 0.380585 1.643841
v 1.108869 0.228885 1.644802
v 1.060845 0.236385 1.860933
v 1.135780 0.037985 1.651849
v 1.077348 0.045285 1.867554
v 1.153027 -0.174215 1.659751
v 1.096528 -0.166215 1.877699
v 1.158975 -0.386915 1.667654
v 1.113775 -0.377415 1.890620
v 1.122845 -0.571115 1.893182
v 1.154366 -0.579215 1.674808
v 1.107828 -0.724215 1.898842
v 1.136226 -0.732315 1.680468
v 1.087607 -0.811815 1.902152
v -0.000743 -0.559515 3.721119
v 0.323680 -0.560515 3.698695
v -0.000595 -0.675415 3.721974
v 0.323829 -0.676515 3.697520
v -0.000595 -0.763015 3.685987
v 0.323978 -0.764015 3.663029
v -0.000595 -0.867515 3.596609
v 0.323978 -0.868415 3.576960
v -0.000743 -0.953115 3.463342
v 0.323829 -0.953915 3.448392
v -0.001041 -1.033415 3.257247
v 0.323532 -1.033915 3.249559
v -0.001041 -1.071215 3.051474
v 0.328438 -1.071415 3.051047
v 0.372448 0.917985 -0.367232
v 0.371853 0.902085 -0.798001
v 0.372894 0.619385 -0.356020
v 0.372299 0.603585 -0.786788
v 0.372448 0.917985 -0.367232
v 0.450060 0.917885 -0.367339
v 0.371853 0.902085 -0.798001
v 0.450803 0.902085 -0.798107
v 0.371853 0.902085 -0.798001
v 0.450803 0.902085 -0.798107
v 0.372299 0.603585 -0.786788
v 0.469091 0.603485 -0.786895
v 0.372894 0.619385 -0.356020
v 0.372299 0.603585 -0.786788
v 0.470281 0.619285 -0.356233
v 0.469091 0.603485 -0.786895
v 0.372448 0.917985 -0.367232
v 0.372894 0.619385 -0.356020
v 0.450060 0.917885 -0.367339
v 0.470281 0.619285 -0.356233
v 0.372448 0.888385 -0.366057
v 0.371853 0.872585 -0.796719
v 0.469983 0.842185 -0.364456
v 0.468794 0.826385 -0.795117
v 0.372448 0.888385 -0.366057
v 0.469983 0.842185 -0.364456
v 0.372597 0.877685 -0.365630
v 0.469983 0.831485 -0.364028
v 0.371853 0.872585 -0.796719
v 0.371853 0.861885 -0.796292
v 0.468794 0.826385 -0.795117
v 0.468794 0.815685 -0.794797
v 0.372597 0.877685 -0.365630
v 0.469983 0.831485 -0.364028
v 0.371853 0.861885 -0.796292
v 0.468794 0.815685 -0.794797
v 0.469983 0.842185 -0.364456
v 0.468794 0.826385 -0.795117
v 0.469983 0.831485 -0.364028
v 0.468794 0.815685 -0.794797
v 0.372597 0.806485 -0.362961
v 0.372002 0.790585 -0.793729
v 0.470132 0.760285 -0.361466
v 0.468942 0.744385 -0.792127
v 0.372597 0.806485 -0.362961
v 0.470132 0.760285 -0.361466
v 0.372597 0.795785 -0.362640
v 0.470132 0.749585 -0.361038
v 0.372002 0.790585 -0.793729
v 0.372002 0.779885 -0.793302
v 0.468942 0.744385 -0.792127
v 0.468942 0.733685 -0.791700
v 0.372597 0.795785 -0.362640
v 0.470132 0.749585 -0.361038
v 0.372002 0.779885 -0.793302
v 0.468942 0.733685 -0.791700
v 0.470132 0.760285 -0.361466
v 0.468942 0.744385 -0.792127
v 0.470132 0.749585 -0.361038
v 0.468942 0.733685 -0.791700
v 0.372745 0.726385 -0.359971
v 0.372151 0.710585 -0.790739
v 0.470132 0.680185 -0.358476
v 0.469091 0.664385 -0.789137
v 0.372745 0.726385 -0.359971
v 0.470132 0.680185 -0.358476
v 0.372745 0.715685 -0.359650
v 0.470132 0.669485 -0.358048
v 0.372151 0.710585 -0.790739
v 0.372151 0.699885 -0.790312
v 0.469091 0.664385 -0.789137
v 0.469091 0.653685 -0.788710
v 0.372745 0.715685 -0.359650
v 0.470132 0.669485 -0.358048
v 0.372151 0.699885 -0.790312
v 0.469091 0.653685 -0.788710
v 0.470132 0.680185 -0.358476
v 0.469091 0.664385 -0.789137
v 0.470132 0.669485 -0.358048
v 0.469091 0.653685 -0.788710
v 0.030182 0.682585 2.217487
v -0.003568 0.680685 2.268210
v -0.004460 1.002985 2.237776
v 0.007434 1.004585 2.193247
v -0.004460 1.029185 2.207129
v 0.007285 1.000285 2.081016
v 0.029290 0.690385 2.001782
v -0.004758 1.025985 2.065319
v -0.004906 0.692285 1.951060
v -0.004758 1.001985 2.036594
v -0.004460 1.002985 2.237776
v -0.003568 0.680685 2.268210
v -0.037914 0.682585 2.217487
v -0.016355 1.004585 2.193354
v -0.004460 1.029185 2.207129
v -0.016504 1.000285 2.081016
v -0.038806 0.690385 2.001782
v -0.004758 1.025985 2.065319
v -0.004906 0.692285 1.951060
v -0.004758 1.001985 2.036594
v -0.378841 0.888985 -0.364883
v -0.476228 0.842985 -0.363067
v -0.379436 0.873185 -0.795651
v -0.476376 0.827085 -0.793729
v -0.378841 0.888985 -0.364883
v -0.378841 0.878285 -0.364562
v -0.476228 0.842985 -0.363067
v -0.476228 0.832285 -0.362640
v -0.379436 0.873185 -0.795651
v -0.476376 0.827085 -0.793729
v -0.379436 0.862485 -0.795224
v -0.476376 0.816485 -0.793302
v -0.378841 0.878285 -0.364562
v -0.379436 0.862485 -0.795224
v -0.476228 0.832285 -0.362640
v -0.476376 0.816485 -0.793302
v -0.476228 0.842985 -0.363067
v -0.476228 0.832285 -0.362640
v -0.476376 0.827085 -0.793729
v -0.476376 0.816485 -0.793302
v -0.378841 0.806985 -0.361893
v -0.476079 0.760985 -0.359971
v -0.379436 0.791185 -0.792555
v -0.476228 0.745185 -0.790739
v -0.378841 0.806985 -0.361893
v -0.378841 0.796385 -0.361466
v -0.476079 0.760985 -0.359971
v -0.476079 0.750285 -0.359650
v -0.379436 0.791185 -0.792555
v -0.476228 0.745185 -0.790739
v -0.379436 0.780485 -0.792127
v -0.476228 0.734485 -0.790312
v -0.378841 0.796385 -0.361466
v -0.379436 0.780485 -0.792127
v -0.476079 0.750285 -0.359650
v -0.476228 0.734485 -0.790312
v -0.476079 0.760985 -0.359971
v -0.476079 0.750285 -0.359650
v -0.476228 0.745185 -0.790739
v -0.476228 0.734485 -0.790312
v -0.378693 0.726985 -0.358903
v -0.476079 0.680985 -0.356981
v -0.379287 0.711185 -0.789565
v -0.476079 0.665085 -0.787749
v -0.378693 0.726985 -0.358903
v -0.378693 0.716285 -0.358476
v -0.476079 0.680985 -0.356981
v -0.476079 0.670285 -0.356660
v -0.379287 0.711185 -0.789565
v -0.476079 0.665085 -0.787749
v -0.379287 0.700485 -0.789137
v -0.476079 0.654485 -0.787322
v -0.378693 0.716285 -0.358476
v -0.379287 0.700485 -0.789137
v -0.476079 0.670285 -0.356660
v -0.476079 0.654485 -0.787322
v -0.476079 0.680985 -0.356981
v -0.476079 0.670285 -0.356660
v -0.476079 0.665085 -0.787749
v -0.476079 0.654485 -0.787322
v -0.468942 0.654385 2.372751
v -0.334237 0.654385 2.375314
v -0.334237 0.679085 2.374353
v -0.538525 0.669585 2.365490
v -0.607960 0.635385 2.359937
v -0.761251 0.632085 2.337726
v -0.761251 0.607285 2.338687
v -0.855218 0.596285 2.309108
v -0.855218 0.571485 2.310069
v -0.894172 0.574685 2.281985
v -0.877817 0.559085 2.294265
v -0.057391 0.606585 2.501000
v -0.058432 -0.030415 3.106895
v -0.057391 0.580685 2.474838
v -0.058432 -0.054215 3.085538
v 0.326654 0.678585 2.373392
v 0.326654 0.653885 2.374353
v 0.530943 0.668785 2.363889
v 0.461508 0.653685 2.371470
v 0.600377 0.634485 2.358229
v 0.752776 0.630985 2.335697
v 0.752776 0.606185 2.336658
v 0.846594 0.594985 2.306759
v 0.846594 0.570285 2.307720
v 0.885698 0.573485 2.279422
v 0.869342 0.557785 2.291809
v 1.101435 0.398985 -0.634193
v 1.060101 0.390485 -0.861644
v 1.161205 0.291085 -0.646260
v 1.116898 0.282685 -0.872750
v 0.931194 0.368385 -1.440096
v 0.982787 0.260485 -1.449813
v 0.739395 0.344185 -2.046205
v 1.129982 0.193685 -0.908629
v 1.143809 0.169385 -0.875526
v 1.146039 0.165185 -0.868692
v 1.003899 0.172585 -1.452056
v 1.196740 0.140285 -0.649890
v 1.155852 0.132485 -0.859722
v 1.159421 0.116085 -0.854169
v 1.224543 -0.050315 -0.649677
v 1.184845 -0.057915 -0.853315
v 1.240452 -0.262415 -0.645619
v 1.201349 -0.270115 -0.849257
v 0.999290 0.172285 -1.466044
v 1.243872 -0.475015 -0.638037
v 1.201498 -0.332615 -0.847442
v 1.200160 -0.381715 -0.861431
v 1.198227 -0.386515 -0.868158
v 0.985166 0.164485 -1.514631
v 1.200754 -0.483615 -0.864954
v 1.191090 -0.413215 -0.900941
v 1.234208 -0.667415 -0.627679
v 1.066346 -0.434115 -1.444901
v 0.788757 0.236285 -2.055281
v 1.191685 -0.676015 -0.854810
v 1.212649 -0.820715 -0.615719
v 1.067684 -0.505715 -1.442338
v 1.062034 -0.434615 -1.458997
v 1.046423 -0.436515 -1.507477
v 0.874844 -0.529915 -2.048127
v 1.170423 -0.829315 -0.842850
v 1.186927 -0.908615 -0.605148
v 1.142917 -0.917115 -0.831851
v 1.058912 -0.698115 -1.432301
v 1.037948 -0.851415 -1.420447
v 1.021295 -0.939215 -1.412439
v 0.834254 -0.963415 -2.019722
v 0.866369 -0.722315 -2.038089
v 0.845553 -0.875615 -2.026343
v 0.659255 -0.982415 -2.484982
v 0.672636 -0.894715 -2.492137
v 0.690478 -0.741415 -2.503029
v 0.695087 -0.549015 -2.511999
v 0.873506 -0.458315 -2.050583
v 0.765563 -0.469515 -2.326514
v 0.973122 -0.445815 -1.737597
v 0.749208 -0.441315 -2.365384
v 0.985017 -0.414215 -1.699262
v 1.033338 -0.408115 -1.547841
v 0.988734 -0.365115 -1.685914
v 1.027540 -0.360315 -1.564500
v 0.987545 -0.302615 -1.688049
v 1.026202 -0.297715 -1.566635
v 0.686464 -0.336415 -2.518192
v 0.970595 -0.090515 -1.691894
v 1.009252 -0.085715 -1.570586
v 0.984720 0.082985 -1.570907
v 0.944873 0.083485 -1.692214
v 0.983233 0.105285 -1.565034
v 0.940858 0.099985 -1.697340
v 0.741476 -0.393515 -2.381187
v 0.739841 -0.330815 -2.383857
v 0.719620 -0.118815 -2.386847
v 0.665054 -0.124315 -2.520862
v 0.691073 0.053885 -2.385566
v 0.979813 0.132885 -1.554569
v 0.930599 0.129685 -1.705989
v 0.633087 0.066385 -2.519794
v 0.691073 0.072185 -2.380760
v 0.688248 0.100985 -2.369335
v 0.911419 0.156085 -1.744218
v 0.593835 0.217085 -2.515095
v 0.810316 0.146285 -2.057631
v 0.696872 0.132185 -2.329824
v 0.552650 0.324985 -2.508154
v 1.074523 0.398785 -0.626825
v 1.033338 0.390285 -0.854276
v 1.101435 0.398985 -0.634193
v 1.060101 0.390485 -0.861644
v 0.904283 0.368085 -1.432834
v 0.931194 0.368385 -1.440096
v 0.712632 0.343985 -2.038836
v 0.739395 0.344185 -2.046205
v 0.552650 0.324985 -2.508154
v 0.525888 0.324785 -2.500893
v 0.525888 0.324785 -2.500893
v 0.593835 0.217085 -2.515095
v 0.552650 0.324985 -2.508154
v 0.566924 0.216885 -2.507727
v 0.633087 0.066385 -2.519794
v 0.606176 0.066185 -2.512426
v 0.665054 -0.124315 -2.520862
v 0.638142 -0.124615 -2.513494
v 0.686464 -0.336415 -2.518192
v 0.659552 -0.336615 -2.510824
v 0.695087 -0.549015 -2.511999
v 0.668176 -0.549215 -2.504737
v 0.690478 -0.741415 -2.503029
v 0.663567 -0.741615 -2.495767
v 0.672636 -0.894715 -2.492137
v 0.645725 -0.894915 -2.484769
v 0.659255 -0.982415 -2.484982
v 0.632492 -0.982615 -2.477614
v 0.834254 -0.963415 -2.019722
v 0.659255 -0.982415 -2.484982
v 0.632492 -0.982615 -2.477614
v 0.807342 -0.963615 -2.012461
v 0.994384 -0.939415 -1.405070
v 1.021295 -0.939215 -1.412439
v 1.142917 -0.917115 -0.831851
v 1.116154 -0.917415 -0.824590
v 1.186927 -0.908615 -0.605148
v 1.160015 -0.908815 -0.597886
v 1.185737 -0.820915 -0.608351
v 1.186927 -0.908615 -0.605148
v 1.160015 -0.908815 -0.597886
v 1.207296 -0.667615 -0.620418
v 1.212649 -0.820715 -0.615719
v 1.216961 -0.475215 -0.630669
v 1.234208 -0.667415 -0.627679
v 1.240452 -0.262415 -0.645619
v 1.243872 -0.475015 -0.638037
v 1.213541 -0.262615 -0.638251
v 1.224543 -0.050315 -0.649677
v 1.197632 -0.050515 -0.642416
v 1.196740 0.140285 -0.649890
v 1.169828 0.140085 -0.642522
v 1.161205 0.291085 -0.646260
v 1.134293 0.290885 -0.638892
v 1.101435 0.398985 -0.634193
v 1.074523 0.398785 -0.626825
v -1.218893 -0.816915 -0.683421
v -1.193023 -0.904815 -0.672956
v -1.149756 -0.913415 -0.899766
v -1.177411 -0.825515 -0.910765
v -1.240898 -0.663615 -0.695381
v -1.029621 -0.935715 -1.480674
v -1.198970 -0.672215 -0.922511
v -1.251009 -0.471215 -0.705632
v -1.046571 -0.847915 -1.488683
v -0.855961 -0.872415 -2.095112
v -0.844364 -0.960215 -2.088598
v -0.684382 -0.891715 -2.561440
v -0.670704 -0.979515 -2.554392
v -0.702521 -0.738415 -2.572332
v -0.877074 -0.719115 -2.106858
v -0.707725 -0.546015 -2.581302
v -1.067981 -0.694615 -1.500429
v -1.208634 -0.479815 -0.932656
v -0.885995 -0.526715 -2.116896
v -1.077200 -0.502215 -1.510574
v -1.206999 -0.382715 -0.936073
v -1.208188 -0.377915 -0.929132
v -1.199862 -0.409415 -0.968856
v -1.248184 -0.258515 -0.713214
v -1.210419 -0.328815 -0.915357
v -1.209526 -0.266315 -0.917065
v -1.076010 -0.430515 -1.513030
v -1.071698 -0.431015 -1.527125
v -1.232721 -0.046415 -0.717378
v -1.193617 -0.054215 -0.921123
v -1.168639 0.119785 -0.922084
v -1.056235 -0.433015 -1.575712
v -1.205363 0.144085 -0.717699
v -1.165219 0.136185 -0.927637
v -1.155406 0.168885 -0.936607
v -1.170274 0.294785 -0.714068
v -1.153176 0.173085 -0.943441
v -1.126413 0.286385 -0.940665
v -1.110653 0.402685 -0.702215
v -1.139497 0.197285 -0.976651
v -1.069914 0.394085 -0.929773
v -1.014902 0.176085 -1.520398
v -0.994087 0.263985 -1.518262
v -0.942643 0.371685 -1.508651
v -1.010293 0.175785 -1.534387
v -0.752627 0.347185 -2.115294
v -0.801692 0.239485 -2.124264
v -0.996317 0.167985 -1.583080
v -0.567221 0.327785 -2.577885
v -0.608257 0.219885 -2.584612
v -0.823102 0.149385 -2.126507
v -0.923314 0.159385 -1.812880
v -0.710550 0.135185 -2.399020
v -0.701927 0.103985 -2.438531
v -0.647063 0.069285 -2.589204
v -0.704603 0.075185 -2.449957
v -0.704603 0.056885 -2.454762
v -0.678584 -0.121415 -2.590165
v -0.732704 -0.115815 -2.456043
v -0.751884 -0.327815 -2.452840
v -0.699399 -0.333415 -2.587495
v -0.753965 -0.390415 -2.450384
v -0.760953 -0.438215 -2.434366
v -0.777755 -0.466415 -2.395604
v -0.884805 -0.455015 -2.119352
v -0.983530 -0.442315 -1.806046
v -1.043300 -0.404615 -1.616077
v -0.995425 -0.410815 -1.767711
v -1.037650 -0.356715 -1.632735
v -0.999290 -0.361715 -1.754363
v -0.998101 -0.299215 -1.756391
v -1.036461 -0.294215 -1.634978
v -0.981746 -0.087115 -1.760342
v -1.020106 -0.082215 -1.638822
v -0.996019 0.086385 -1.639249
v -0.956470 0.086885 -1.760663
v -0.952456 0.103385 -1.765895
v -0.994384 0.108785 -1.633483
v -0.942345 0.132985 -1.774545
v -0.991113 0.136285 -1.623018
v -1.043003 0.393785 -0.922511
v -1.083742 0.402385 -0.694954
v -1.110653 0.402685 -0.702215
v -1.069914 0.394085 -0.929773
v -0.915731 0.371485 -1.501390
v -0.942643 0.371685 -1.508651
v -0.752627 0.347185 -2.115294
v -0.725716 0.346985 -2.108033
v -0.567221 0.327785 -2.577885
v -0.540310 0.327485 -2.570623
v -0.567221 0.327785 -2.577885
v -0.581197 0.219685 -2.577351
v -0.540310 0.327485 -2.570623
v -0.608257 0.219885 -2.584612
v -0.620152 0.068985 -2.581943
v -0.647063 0.069285 -2.589204
v -0.651672 -0.121715 -2.582904
v -0.678584 -0.121415 -2.590165
v -0.672488 -0.333715 -2.580234
v -0.699399 -0.333415 -2.587495
v -0.680814 -0.546315 -2.574040
v -0.707725 -0.546015 -2.581302
v -0.675610 -0.738715 -2.565071
v -0.702521 -0.738415 -2.572332
v -0.657471 -0.892015 -2.554179
v -0.684382 -0.891715 -2.561440
v -0.643792 -0.979715 -2.547131
v -0.670704 -0.979515 -2.554392
v -0.817453 -0.960415 -2.081337
v -0.643792 -0.979715 -2.547131
v -0.670704 -0.979515 -2.554392
v -0.844364 -0.960215 -2.088598
v -1.002710 -0.936015 -1.473412
v -1.029621 -0.935715 -1.480674
v -1.149756 -0.913415 -0.899766
v -1.122845 -0.913715 -0.892612
v -1.193023 -0.904815 -0.672956
v -1.166111 -0.905115 -0.665695
v -1.191982 -0.817215 -0.676159
v -1.166111 -0.905115 -0.665695
v -1.193023 -0.904815 -0.672956
v -1.218893 -0.816915 -0.683421
v -1.213987 -0.663815 -0.688119
v -1.240898 -0.663615 -0.695381
v -1.224097 -0.471415 -0.698371
v -1.251009 -0.471215 -0.705632
v -1.221272 -0.258815 -0.705952
v -1.248184 -0.258515 -0.713214
v -1.205809 -0.046715 -0.710117
v -1.232721 -0.046415 -0.717378
v -1.178452 0.143885 -0.710437
v -1.205363 0.144085 -0.717699
v -1.143363 0.294585 -0.706913
v -1.170274 0.294785 -0.714068
v -1.083742 0.402385 -0.694954
v -1.110653 0.402685 -0.702215
v 0.308515 -0.764015 3.663029
v 0.307028 -0.827415 3.665058
v 0.306879 -0.809315 3.669009
v 0.308515 -0.868415 3.576960
v 0.308366 -0.953915 3.448392
v 0.306285 -0.997515 3.449994
v 0.306879 -0.912115 3.578562
v 0.316544 -1.033915 3.249559
v 0.314313 -1.077515 3.251161
v 0.321153 -1.071415 3.051047
v 0.319071 -1.106015 3.077102
v 0.318922 -1.098815 3.057881
v 0.301824 -0.764015 3.663029
v 0.306879 -0.809315 3.669009
v 0.301824 -0.868415 3.576960
v 0.307028 -0.827415 3.665058
v 0.306879 -0.912115 3.578562
v 0.301824 -0.953915 3.448392
v 0.306285 -0.997515 3.449994
v 0.309853 -1.033915 3.249559
v 0.314313 -1.077515 3.251161
v 0.314462 -1.071415 3.051047
v 0.319071 -1.106015 3.077102
v 0.318922 -1.098815 3.057881
v 0.526928 -1.153815 1.986832
v 0.524698 -1.193515 1.987580
v 0.523657 -1.206415 2.002423
v 0.498381 -1.093315 3.038339
v 0.498679 -1.047415 3.050086
v 0.496300 -1.078515 3.050940
v 0.491542 -1.047315 3.049765
v 0.491542 -1.047315 3.049765
v 0.496300 -1.078515 3.050940
v 0.498381 -1.093315 3.038339
v 0.520238 -1.153815 1.986405
v 0.523657 -1.206415 2.002423
v 0.366798 0.223285 -2.202644
v 0.322937 0.205385 -2.277500
v 0.428352 0.199085 -2.239057
v 0.385978 0.176785 -2.314020
v -0.329479 0.204085 -2.282519
v -0.438463 0.199485 -2.238417
v -0.392966 0.175285 -2.319573
v -0.378395 0.223585 -2.200615
v -0.470281 0.293085 -2.269064
v -0.413335 0.262885 -2.370509
v -0.438463 0.199485 -2.238417
v -0.392966 0.175285 -2.319573
v 0.382856 0.322685 -2.224855
v 0.366798 0.223285 -2.202644
v 0.459724 0.292285 -2.270452
v 0.428352 0.199085 -2.239057
v 0.382856 0.322685 -2.224855
v 0.327843 0.300185 -2.318505
v 0.366798 0.223285 -2.202644
v 0.322937 0.205385 -2.277500
v 0.327843 0.300185 -2.318505
v 0.406793 0.264485 -2.364102
v 0.322937 0.205385 -2.277500
v 0.385978 0.176785 -2.314020
v 0.459724 0.292285 -2.270452
v 0.428352 0.199085 -2.239057
v 0.406793 0.264485 -2.364102
v 0.385978 0.176785 -2.314020
v -0.395196 0.323285 -2.221651
v -0.378395 0.223585 -2.200615
v -0.333939 0.298785 -2.324165
v -0.329479 0.204085 -2.282519
v -0.395196 0.323285 -2.221651
v -0.470281 0.293085 -2.269064
v -0.378395 0.223585 -2.200615
v -0.438463 0.199485 -2.238417
v -0.333939 0.298785 -2.324165
v -0.329479 0.204085 -2.282519
v -0.413335 0.262885 -2.370509
v -0.392966 0.175285 -2.319573
v -0.048173 0.896985 -2.184704
v -0.005947 0.897885 -2.203284
v -0.005947 0.972085 -2.199334
v -0.048322 0.972585 -2.187481
v -0.066461 0.902085 -2.141136
v -0.066609 0.974185 -2.143806
v -0.049808 0.978885 -2.017052
v -0.049660 0.923085 -2.015023
v -0.005650 0.979485 -1.999647
v -0.005650 0.929485 -1.997724
v -0.005947 0.972085 -2.199334
v -0.005947 0.897885 -2.203284
v 0.036427 0.972485 -2.187694
v 0.036427 0.896885 -2.184811
v 0.054715 0.974085 -2.144019
v 0.054864 0.901985 -2.141350
v 0.038360 0.922985 -2.015130
v 0.038360 0.978785 -2.017266
v 0.038360 0.978785 -2.017266
v -0.005650 0.929485 -1.997724
v -0.005650 0.979485 -1.999647
v 0.036427 0.972485 -2.187694
v 0.054715 0.974085 -2.144019
v 0.038360 0.978785 -2.017266
v -0.005650 0.979485 -1.999647
v -0.005947 0.972085 -2.199334
v -0.049808 0.978885 -2.017052
v -0.048322 0.972585 -2.187481
v -0.066609 0.974185 -2.143806
v -0.005947 1.025585 -2.091802
v -0.005799 0.975185 -2.092656
v -0.041780 0.974585 -2.107606
v -0.041780 1.024985 -2.109421
v -0.056648 0.973285 -2.143806
v -0.056796 1.023585 -2.145728
v -0.041928 1.022285 -2.182035
v -0.041780 0.971985 -2.180219
v -0.006096 1.021585 -2.200722
v -0.005947 0.971185 -2.199334
v 0.029885 1.022185 -2.182141
v 0.029885 0.971885 -2.180326
v 0.044753 1.023585 -2.145835
v 0.044902 0.973185 -2.144019
v 0.030034 0.974585 -2.107712
v 0.030034 1.024885 -2.109528
v -0.005799 0.975185 -2.092656
v -0.005947 1.025585 -2.091802
v 0.037319 1.022285 -2.190150
v 0.055458 1.023885 -2.146262
v 0.037468 1.025585 -2.102373
v -0.005947 1.026285 -2.084113
v -0.006096 1.021685 -2.208197
v -0.049362 1.025585 -2.102267
v -0.049511 1.022385 -2.189937
v -0.067353 1.023985 -2.146048
v -0.030480 1.055785 -2.147330
v -0.023343 1.055185 -2.164842
v -0.023343 1.056485 -2.129817
v -0.005947 1.056685 -2.122662
v -0.006096 1.054885 -2.172104
v 0.011300 1.056485 -2.129924
v 0.011300 1.055185 -2.164949
v 0.018437 1.055785 -2.147436
v -0.005947 1.056685 -2.122662
v -0.006096 1.054885 -2.172104
v -0.005947 1.024185 -2.115187
v -0.005947 1.021885 -2.177122
v -0.006096 1.054885 -2.172104
v -0.005947 1.056685 -2.122662
v -0.005947 1.056685 -2.122662
v -0.005947 1.024185 -2.115187
v -0.027655 1.023885 -2.124264
v -0.023343 1.056485 -2.129817
v -0.036576 1.023085 -2.146155
v -0.030480 1.055785 -2.147330
v -0.023343 1.055185 -2.164842
v -0.027655 1.022285 -2.168046
v -0.006096 1.054885 -2.172104
v -0.005947 1.021885 -2.177122
v -0.006096 1.054885 -2.172104
v 0.011300 1.055185 -2.164949
v 0.015612 1.022185 -2.168046
v 0.018437 1.055785 -2.147436
v 0.024681 1.022985 -2.146155
v 0.015760 1.023785 -2.124264
v 0.011300 1.056485 -2.129924
v -0.005947 1.024185 -2.115187
v -0.005947 1.056685 -2.122662
v 0.968959 0.296685 2.267035
v 1.031257 -0.345915 2.300992
v 0.991262 0.296585 2.267035
v 1.052816 -0.345915 2.300886
v 0.968959 0.296685 2.267035
v 0.990964 0.354985 2.243756
v 0.968662 0.354985 2.243756
v 0.996168 0.391085 2.189616
v 0.974163 0.391085 2.189616
v 1.006724 0.383585 1.985017
v 1.028729 0.384285 1.987687
v 1.040773 0.342185 1.934615
v 1.024566 0.341885 1.933760
v 1.042854 0.275485 1.917423
v 1.053857 0.275185 1.916568
v 1.061291 0.106885 1.923616
v 1.086864 -0.192515 1.934722
v 1.069617 0.106385 1.921801
v 1.096826 -0.192915 1.933440
v 1.087905 -0.334315 1.939954
v 1.108423 -0.333615 1.942196
v 1.101137 -0.357915 1.971242
v 1.080471 -0.358615 1.968999
v 1.052816 -0.345915 2.300886
v 1.031257 -0.345915 2.300992
v 0.975353 0.298185 2.318932
v 0.980854 0.297385 2.297682
v 0.958403 0.297385 2.297682
v 0.953050 0.298185 2.319039
v 0.961079 -0.194915 2.639392
v 0.983381 -0.194915 2.639392
v 0.965242 -0.248215 2.660109
v 0.987693 -0.248215 2.660109
v 0.977880 -0.301615 2.646974
v 1.000331 -0.301615 2.646974
v 0.994235 -0.334715 2.605221
v 1.016538 -0.334715 2.605115
v 1.047463 -0.345115 2.322243
v 1.025904 -0.345115 2.322243
v 0.958403 0.297385 2.297682
v 0.980854 0.297385 2.297682
v 1.025904 -0.345115 2.322243
v 1.047463 -0.345115 2.322243
v 1.108125 -0.724215 1.898842
v 1.087905 -0.811815 1.902152
v 0.997060 -0.743515 2.831391
v 1.021593 -0.664615 2.802239
v 1.030811 -0.594515 2.789425
v 1.036610 -0.524015 2.781309
v 1.123142 -0.571115 1.893182
v 1.052816 -0.345915 2.300886
v 1.114073 -0.377415 1.890620
v 1.047463 -0.345115 2.322243
v 1.018173 -0.434515 2.788036
v 1.101137 -0.357915 1.971242
v 1.108423 -0.333615 1.942196
v 1.096826 -0.192915 1.933440
v 1.096826 -0.166215 1.877592
v 1.069617 0.106385 1.921801
v 1.061142 0.236385 1.860933
v 1.045828 0.388885 1.859972
v 1.053857 0.275185 1.916568
v 1.040773 0.342185 1.934615
v 1.028729 0.384285 1.987687
v 1.001372 0.496385 1.853672
v 0.996168 0.391085 2.189616
v 0.949928 0.511785 2.269277
v 0.990964 0.354985 2.243756
v 0.991262 0.296585 2.267035
v 0.980854 0.297385 2.297682
v 0.975353 0.298185 2.318932
v 0.965391 -0.344415 2.816548
v 0.983381 -0.194915 2.639392
v 0.987693 -0.248215 2.660109
v 1.000331 -0.301615 2.646974
v 1.016538 -0.334715 2.605115
v 0.012489 -1.146215 2.913295
v 0.002825 -1.336915 3.363285
v -0.001041 -1.120515 3.021147
v -0.001041 -1.117615 2.964017
v 0.012341 -1.088815 2.888094
v 0.012341 -1.134515 2.900481
v 0.012489 -1.079415 2.968289
v 0.012489 -1.070715 3.043251
v -0.001041 -1.081115 3.063220
v -0.014719 -1.146215 2.913295
v -0.003717 -1.336915 3.363285
v -0.000446 -1.360115 3.355383
v -0.001189 -1.151615 2.911266
v -0.966878 0.296685 2.270345
v -0.989329 0.296585 2.270345
v -1.029324 -0.345915 2.304196
v -1.050734 -0.345915 2.304196
v -0.966878 0.296685 2.270345
v -0.989031 0.354985 2.247066
v -0.966580 0.354985 2.247066
v -0.994235 0.391085 2.192927
v -0.972082 0.391085 2.192927
v -1.004792 0.383585 1.988327
v -1.026648 0.384285 1.990890
v -1.038840 0.342185 1.937925
v -1.022485 0.341885 1.937071
v -1.040773 0.275485 1.920626
v -1.051924 0.275185 1.919772
v -1.059358 0.106885 1.926926
v -1.084782 -0.192515 1.938032
v -1.067535 0.106385 1.925111
v -1.094744 -0.192915 1.936750
v -1.085823 -0.334315 1.943264
v -1.106341 -0.333615 1.945507
v -1.099056 -0.357915 1.974552
v -1.078389 -0.358615 1.972310
v -1.050734 -0.345915 2.304196
v -1.029324 -0.345915 2.304196
v -0.973271 0.298185 2.322243
v -0.956470 0.297385 2.300992
v -0.978772 0.297385 2.300886
v -0.950969 0.298185 2.322243
v -0.958998 -0.194915 2.642703
v -0.981449 -0.194915 2.642703
v -0.963161 -0.248215 2.663419
v -0.985612 -0.248215 2.663312
v -0.975947 -0.301615 2.650284
v -0.998250 -0.301615 2.650284
v -0.992154 -0.334715 2.608425
v -1.014605 -0.334715 2.608425
v -1.045382 -0.345115 2.325553
v -1.023823 -0.345115 2.325553
v -0.956470 0.297385 2.300992
v -1.023823 -0.345115 2.325553
v -0.978772 0.297385 2.300886
v -1.045382 -0.345115 2.325553
v -1.106193 -0.724215 1.902152
v -1.001075 -0.743515 2.834701
v -1.085823 -0.811815 1.905463
v -1.024566 -0.664615 2.805549
v -1.034677 -0.594515 2.792735
v -1.040773 -0.524015 2.784513
v -1.121061 -0.571115 1.896386
v -1.045382 -0.345115 2.325553
v -1.022336 -0.434515 2.791347
v -1.014605 -0.334715 2.608425
v -0.969554 -0.344415 2.819858
v -0.998250 -0.301615 2.650284
v -0.985612 -0.248215 2.663312
v -0.981449 -0.194915 2.642703
v -0.973271 0.298185 2.322243
v -0.958700 0.511785 2.272588
v -0.978772 0.297385 2.300886
v -0.989329 0.296585 2.270345
v -1.050734 -0.345915 2.304196
v -0.989031 0.354985 2.247066
v -1.099056 -0.357915 1.974552
v -0.994235 0.391085 2.192927
v -0.999290 0.496385 1.856982
v -1.026648 0.384285 1.990890
v -1.111991 -0.377415 1.893823
v -1.106341 -0.333615 1.945507
v -1.094744 -0.192915 1.936750
v -1.094744 -0.166215 1.880902
v -1.043895 0.388885 1.863176
v -1.067535 0.106385 1.925111
v -1.059060 0.236385 1.864244
v -1.038840 0.342185 1.937925
v -1.051924 0.275185 1.919772
v 0.255287 0.717085 0.915036
v 0.254841 0.612985 0.917386
v 0.255138 0.615485 0.958177
v 0.255287 0.719485 0.954547
v 0.234620 0.795685 0.913221
v 0.236107 0.800685 0.952624
v 0.192246 0.832185 0.912474
v 0.192246 0.838885 0.951877
v -0.194624 0.837185 0.913114
v -0.194624 0.836285 0.952624
v -0.238337 0.801385 0.953479
v -0.237296 0.796785 0.914075
v -0.259152 0.720285 0.955401
v -0.259152 0.717985 0.915997
v -0.257814 0.616285 0.959138
v -0.258112 0.613785 0.918347
v 0.255138 0.615485 0.958177
v 0.224956 0.592685 0.937781
v 0.225253 0.696785 0.934792
v 0.255287 0.719485 0.954547
v 0.213210 0.776685 0.932976
v 0.236107 0.800685 0.952624
v 0.179013 0.811985 0.932122
v 0.192246 0.838885 0.951877
v -0.181540 0.813185 0.932869
v -0.194624 0.836285 0.952624
v -0.215737 0.777585 0.933830
v -0.238337 0.801385 0.953479
v -0.229119 0.697585 0.935753
v -0.259152 0.720285 0.955401
v -0.228078 0.593485 0.938743
v -0.257814 0.616285 0.959138
v 0.255287 0.717085 0.915036
v 0.224956 0.592685 0.937781
v 0.254841 0.612985 0.917386
v 0.225253 0.696785 0.934792
v 0.234620 0.795685 0.913221
v 0.213210 0.776685 0.932976
v 0.192246 0.832185 0.912474
v 0.179013 0.811985 0.932122
v -0.194624 0.837185 0.913114
v -0.181540 0.813185 0.932869
v -0.237296 0.796785 0.914075
v -0.215737 0.777585 0.933830
v -0.259152 0.717985 0.915997
v -0.229119 0.697585 0.935753
v -0.258112 0.613785 0.918347
v -0.228078 0.593485 0.938743
v -0.802138 0.617785 0.458960
v -0.845851 0.592285 0.418595
v -0.789203 0.605485 0.459280
v -0.777606 0.649685 0.586460
v -0.755452 0.618985 0.587422
v -0.746383 0.628785 0.736600
v -0.770618 0.662485 0.735638
v -0.849568 0.628985 0.458853
v -0.845851 0.592285 0.418595
v -0.853582 0.664085 0.586354
v -0.854177 0.677085 0.735532
v -0.930005 0.628385 0.737027
v -0.923611 0.619785 0.587742
v -0.941602 0.585585 0.738415
v -0.935952 0.581385 0.588917
v -0.902350 0.583485 0.460241
v -0.893429 0.599085 0.459707
v -0.845851 0.592285 0.418595
v 0.802436 0.617785 0.458960
v 0.789500 0.605485 0.459280
v 0.845999 0.592285 0.418595
v 0.777903 0.649685 0.586460
v 0.755601 0.618985 0.587422
v 0.746531 0.628785 0.736706
v 0.770766 0.662485 0.735638
v 0.849716 0.628985 0.458853
v 0.845999 0.592285 0.418595
v 0.853731 0.664085 0.586354
v 0.854326 0.677085 0.735532
v 0.930153 0.628385 0.737027
v 0.923760 0.619785 0.587742
v 0.941751 0.585585 0.738415
v 0.936101 0.581385 0.588917
v 0.902499 0.583485 0.460241
v 0.893726 0.599085 0.459707
v 0.845999 0.592285 0.418595
v 0.128164 0.693985 2.178190
v 0.120878 0.678985 2.177656
v 0.164739 0.682485 2.152242
v 0.104523 0.709385 2.258919
v 0.093670 0.674485 2.257851
v 0.085343 0.670385 2.351395
v 0.097089 0.708885 2.352569
v 0.161022 0.715885 2.179151
v 0.164739 0.682485 2.152242
v 0.157751 0.740985 2.260414
v 0.155967 0.742385 2.354064
v 0.220198 0.712685 2.353637
v 0.217075 0.714385 2.259987
v 0.236255 0.673885 2.352569
v 0.232836 0.679885 2.259026
v 0.207857 0.683885 2.178404
v 0.198639 0.697085 2.178724
v 0.164739 0.682485 2.152242
v 0.164739 0.682485 2.152242
v -0.128015 0.693985 2.178190
v -0.164591 0.682485 2.152242
v -0.120730 0.678985 2.177656
v -0.104375 0.709385 2.258919
v -0.093372 0.674485 2.257851
v -0.085046 0.670385 2.351395
v -0.096941 0.708885 2.352569
v -0.160725 0.715885 2.179151
v -0.164591 0.682485 2.152242
v -0.157603 0.740985 2.260414
v -0.155670 0.742385 2.354064
v -0.220049 0.712685 2.353637
v -0.216778 0.714385 2.259987
v -0.236107 0.673885 2.352569
v -0.232687 0.679885 2.259026
v -0.207560 0.683885 2.178404
v -0.198342 0.697085 2.178724
v -0.164591 0.682485 2.152242
v -0.164591 0.682485 2.152242
v 0.000297 0.673485 1.848653
v 0.000297 0.560485 1.852818
v -0.342712 0.673785 1.849080
v -0.342563 0.560685 1.853352
v -0.910081 0.463285 1.857837
v -0.970743 0.497985 1.856555
v -0.909784 0.561085 1.854206
v -0.828455 0.561085 1.853992
v -0.786081 0.611285 1.852070
v -0.924949 0.579485 1.853565
v -0.786229 0.636085 1.851216
v -0.657322 0.673585 1.849614
v -0.657174 0.648885 1.850469
v -0.342563 0.560685 1.853352
v -0.342712 0.673785 1.849080
v -0.503585 0.673885 1.849401
v -0.503734 0.698685 1.848440
v -0.342712 0.698485 1.848226
v 0.971636 0.496485 1.853779
v 1.001075 0.496385 1.853672
v 0.911122 0.461785 1.855060
v 1.045530 0.388885 1.859972
v 0.966580 0.237085 1.863390
v 1.060845 0.236385 1.860933
v 1.008509 -0.166015 1.878233
v 1.077348 0.045285 1.867554
v 1.012374 -0.571015 1.893289
v 0.343158 0.697985 1.847158
v 0.504031 0.697885 1.846945
v 0.657768 0.672585 1.847692
v 0.504180 0.673085 1.847906
v 0.343158 0.673285 1.848119
v 0.343306 0.560185 1.852284
v 0.657768 0.647885 1.848546
v 0.786675 0.634785 1.848867
v 0.786675 0.610085 1.849828
v 0.925693 0.578085 1.850789
v 0.829198 0.559785 1.851536
v 0.910527 0.559685 1.851430
v 0.911122 0.461785 1.855060
v 0.971636 0.496485 1.853779
v 0.000297 0.560485 1.852818
v 0.000297 0.673485 1.848653
v 0.343306 0.560185 1.852284
v 0.343158 0.673285 1.848119
v -0.325464 -0.560115 3.699549
v -0.325316 -0.676115 3.698481
v -0.325464 -0.561315 3.668048
v -0.329628 -0.735015 3.039407
v -0.325762 -0.442715 3.620956
v -0.325911 -0.355615 3.564146
v -0.326208 -0.256215 3.452983
v -0.330074 -0.353615 3.056920
v -0.325167 -0.763615 3.663883
v -0.325316 -0.953415 3.449246
v -0.325167 -0.868015 3.577815
v -0.328438 -1.071015 3.051901
v -0.325613 -1.033415 3.250413
v 0.323680 -0.560515 3.698695
v 0.323680 -0.561715 3.667193
v 0.323829 -0.676515 3.697520
v 0.327992 -0.735415 3.038553
v 0.323978 -0.764015 3.663029
v 0.323234 -0.356015 3.563292
v 0.323383 -0.443115 3.619995
v 0.327397 -0.354015 3.056066
v 0.322937 -0.256715 3.452129
v 0.323829 -0.953915 3.448392
v 0.323978 -0.868415 3.576960
v 0.328438 -1.071415 3.051047
v 0.323532 -1.033915 3.249559
v 0.201613 -0.501815 1.934188
v 0.211277 -0.369115 2.806617
v -0.207857 -0.501515 1.934828
v -0.002379 -0.368915 2.806937
v -0.215886 -0.368815 2.807151
v 0.201613 -0.501815 1.934188
v 0.202059 -0.775615 1.944332
v 0.211872 -0.735415 3.038767
v 0.211277 -0.369115 2.806617
v 0.211426 -0.354015 3.056172
v -0.207411 -0.775315 1.944973
v 0.202059 -0.775615 1.944332
v -0.207857 -0.501515 1.934828
v 0.201613 -0.501815 1.934188
v -0.215440 -0.735015 3.039300
v -0.207411 -0.775315 1.944973
v -0.207857 -0.501515 1.934828
v -0.215886 -0.368815 2.807151
v -0.215886 -0.353615 3.056813
v 0.327397 -0.354015 3.056066
v 0.211426 -0.354015 3.056172
v 0.327992 -0.735415 3.038553
v 0.211872 -0.735415 3.038767
v -0.329628 -0.735015 3.039407
v -0.215440 -0.735015 3.039300
v -0.330074 -0.353615 3.056920
v -0.215886 -0.353615 3.056813
v -0.002676 -0.775315 1.947109
v -0.207411 -0.775315 1.944973
v -0.026168 -0.775415 1.944653
v 0.202059 -0.775615 1.944332
v -0.026168 -0.775415 1.944653
v 0.001784 -0.785015 1.684205
v 0.202059 -0.775615 1.944332
v 1.004792 -0.785815 1.682710
v 0.001487 -0.791715 1.501924
v 1.113181 -0.792615 1.500322
v 1.077051 -0.785915 1.682603
v 0.001041 -0.803215 1.190113
v 1.150500 -0.804115 1.188405
v 0.000743 -0.811615 0.959672
v 1.167449 -0.812615 0.957857
v -0.000149 -0.833415 0.367018
v 0.612718 -0.833915 0.366164
v 1.198078 -0.834415 0.365310
v 0.611826 -0.857315 -0.269524
v 1.172505 -0.857715 -0.270378
v 0.611082 -0.875515 -0.764791
v 1.124183 -0.875915 -0.765645
v 0.999885 -0.777815 1.900978
v 1.011036 -0.762815 2.308254
v 1.058168 -0.777815 1.900978
v 0.300783 -0.762215 2.309322
v 0.964796 -0.743515 2.831391
v 0.313867 -0.743015 2.832352
v 0.211872 -0.735415 3.038767
v 0.933870 -0.735915 3.037805
v 0.327992 -0.735415 3.038553
v -1.015348 -0.761215 2.311137
v -1.054154 -0.776115 1.904074
v -0.995871 -0.776215 1.903968
v -0.305095 -0.761815 2.310176
v -0.317436 -0.742615 2.833206
v -0.968365 -0.742115 2.834061
v -0.328884 -0.735015 3.039407
v -0.937290 -0.734515 3.040262
v -0.214845 -0.735015 3.039300
v -0.207411 -0.775315 1.944973
v 0.001784 -0.785015 1.684205
v -0.026168 -0.775415 1.944653
v -1.001223 -0.784215 1.685700
v -1.110207 -0.790815 1.503633
v -1.073631 -0.784115 1.685807
v 0.001487 -0.791715 1.501924
v -1.148270 -0.802315 1.191822
v 0.001041 -0.803215 1.190113
v -1.165963 -0.810715 0.961381
v 0.000743 -0.811615 0.959672
v -0.613015 -0.832915 0.367979
v -0.000149 -0.833415 0.367018
v -1.198375 -0.832515 0.368834
v -1.174586 -0.855915 -0.266854
v -0.613907 -0.856315 -0.267709
v -1.127751 -0.874115 -0.762228
v -0.614502 -0.874515 -0.762975
v -0.023492 0.699585 2.457432
v -0.023343 0.630685 2.505378
v -0.023343 0.612085 2.491710
v -0.023640 0.678885 2.373926
v -0.023640 0.714985 2.362180
v -0.023789 0.683185 2.270452
v -0.023640 0.727885 2.349152
v -0.023640 0.743685 2.349366
v -0.023789 0.753585 2.282839
v -0.023640 0.753185 2.363355
v -0.023789 0.772985 2.300458
v -0.023492 0.753185 2.461810
v -0.023492 0.825585 2.582797
v 0.015760 0.678785 2.373926
v 0.016058 0.612085 2.491603
v 0.016058 0.630685 2.505271
v 0.015909 0.699585 2.457325
v 0.015612 0.683185 2.270452
v 0.015760 0.715085 2.362073
v 0.015760 0.727885 2.349045
v 0.015612 0.753585 2.282839
v 0.015760 0.743785 2.349259
v 0.015760 0.753185 2.363248
v 0.015612 0.772985 2.300458
v 0.015909 0.753085 2.461810
v 0.015909 0.825585 2.582797
v -0.004014 0.855785 2.470353
v -0.004163 0.780985 2.296614
v 0.002974 0.839785 2.591980
v -0.004163 1.168485 2.865455
v -0.004014 0.855785 2.470353
v -0.010408 0.839785 2.592087
v -0.004163 0.780985 2.296614
v -0.004163 1.168485 2.865455
v -0.008921 1.168885 2.897597
v 0.000743 1.168885 2.897597
v -0.010408 0.823885 2.603406
v 0.002974 0.823885 2.603406
v 0.015612 0.753585 2.282839
v -0.004163 0.753185 2.271627
v 0.015612 0.683185 2.270452
v -0.004163 0.682785 2.259240
v -0.004163 0.753185 2.271627
v -0.023789 0.753585 2.282839
v -0.004163 0.682785 2.259240
v -0.023789 0.683185 2.270452
v -1.163732 -0.908115 -0.760840
v -0.947846 -0.929015 -1.325089
v -1.127603 -0.908115 -0.760946
v -1.174438 -0.889915 -0.265573
v -1.212500 -0.889815 -0.265573
v -1.198375 -0.866515 0.370115
v -1.236289 -0.866415 0.370222
v -1.165963 -0.844715 0.962662
v -1.203877 -0.844715 0.962769
v -1.186927 -0.836215 1.193210
v -1.148270 -0.836215 1.193103
v -1.148121 -0.824815 1.504914
v -1.110207 -0.824815 1.504914
v -1.111545 -0.818115 1.687195
v -1.073483 -0.818115 1.687088
v -1.073631 -0.784115 1.685807
v -1.073483 -0.818115 1.687088
v -1.110207 -0.824815 1.504914
v -1.110207 -0.790815 1.503633
v -1.148270 -0.836215 1.193103
v -1.148270 -0.802315 1.191822
v -1.165963 -0.844715 0.962662
v -1.165963 -0.810715 0.961381
v -1.198375 -0.866515 0.370115
v -1.198375 -0.832515 0.368834
v -1.174586 -0.855915 -0.266854
v -1.174438 -0.889915 -0.265573
v -1.127751 -0.874115 -0.762228
v -1.127603 -0.908115 -0.760946
v 1.077051 -0.785915 1.682603
v 1.113181 -0.792615 1.500322
v 1.077200 -0.819915 1.683885
v 1.113181 -0.826615 1.501497
v 1.150500 -0.804115 1.188405
v 1.150500 -0.838115 1.189686
v 1.167449 -0.812615 0.957857
v 1.167449 -0.846615 0.959138
v 1.198078 -0.834415 0.365310
v 1.198227 -0.868415 0.366484
v 1.172505 -0.891715 -0.269097
v 1.172505 -0.857715 -0.270378
v 1.124183 -0.875915 -0.765645
v 1.124183 -0.909915 -0.764363
v 1.077200 -0.819915 1.683885
v 1.113181 -0.826615 1.501497
v 1.115114 -0.819915 1.683778
v 1.150500 -0.838115 1.189686
v 1.151243 -0.826615 1.501497
v 1.205512 -0.846615 0.959138
v 1.189008 -0.838115 1.189579
v 1.167449 -0.846615 0.959138
v 1.198227 -0.868415 0.366484
v 1.236140 -0.868415 0.366484
v 1.210567 -0.891815 -0.269204
v 1.172505 -0.891715 -0.269097
v 1.160313 -0.909915 -0.764363
v 1.124183 -0.909915 -0.764363
v -0.003717 0.626085 2.415359
v -0.057391 0.580685 2.474838
v -0.003568 0.580685 2.474838
v -0.304352 0.580885 2.475265
v -0.311934 0.626285 2.415786
v -0.003717 0.654085 2.374781
v -0.427163 0.580985 2.475371
v -0.334237 0.654385 2.375314
v 0.000297 0.673485 1.848653
v -0.342712 0.673785 1.849080
v -0.437571 0.626385 2.415892
v -0.553691 0.562285 2.463305
v -0.468942 0.654385 2.372751
v -0.567221 0.614285 2.401904
v -0.666392 0.534185 2.444297
v -0.607960 0.635385 2.359937
v -0.682747 0.596285 2.380333
v -0.805558 0.491985 2.415892
v -0.761251 0.607285 2.338687
v -0.825333 0.569085 2.346910
v -0.855218 0.571485 2.310069
v -0.877817 0.559085 2.294265
v -0.871424 0.446785 2.385673
v -0.926139 0.513185 2.271840
v -0.871424 -0.282515 2.877629
v -0.937736 -0.343015 2.819218
v -0.867856 -0.301315 2.906033
v -0.781323 -0.242315 2.963377
v -0.805409 -0.235715 2.921410
v -0.976542 -0.416915 2.838012
v -0.990370 -0.433015 2.790813
v -0.888968 -0.349215 2.972026
v -0.988734 -0.461715 2.857660
v -1.008657 -0.522515 2.784085
v -0.672190 -0.184215 3.016128
v -0.693006 -0.176015 2.975764
v -0.558300 -0.139315 3.055211
v -0.575547 -0.131015 3.016128
v -0.430285 -0.104915 3.086072
v -0.443667 -0.098915 3.047950
v -0.317584 -0.087215 3.102410
v -0.327546 -0.080015 3.063754
v -0.056648 -0.062215 3.123554
v -0.058432 -0.054215 3.085538
v -0.002230 -0.054315 3.085538
v -0.002082 -0.062215 3.123554
v -0.229119 -0.171615 3.323881
v -0.001933 -0.164815 3.337443
v -0.384640 -0.183115 3.301029
v -0.326208 -0.256215 3.452983
v -0.001635 -0.245315 3.485019
v -0.560530 -0.209615 3.248705
v -0.398765 -0.261015 3.439208
v -0.325911 -0.355615 3.564146
v -0.700886 -0.244215 3.180149
v -0.569303 -0.283715 3.373322
v -0.420769 -0.360215 3.543110
v -0.325762 -0.442715 3.620956
v -0.433407 -0.446315 3.595221
v -0.325464 -0.561315 3.668048
v -0.447384 -0.562315 3.637080
v -0.586252 -0.376415 3.468788
v -0.595917 -0.457415 3.517695
v -0.607216 -0.565215 3.556244
v -0.711442 -0.313415 3.287254
v -0.846892 -0.357615 3.159219
v -0.812397 -0.295615 3.078170
v -0.723188 -0.397715 3.371721
v -0.729879 -0.472015 3.416357
v -0.738205 -0.569015 3.450741
v -0.853880 -0.429415 3.227348
v -0.857894 -0.493715 3.265683
v -0.863693 -0.574715 3.293875
v -0.928369 -0.403615 3.025952
v -0.931343 -0.462415 3.077102
v -0.933127 -0.516315 3.108924
v -0.936547 -0.580615 3.130601
v -0.985612 -0.504115 2.887346
v -0.988437 -0.544915 2.910839
v -1.002561 -0.593015 2.792201
v -0.972676 -0.584115 3.034709
v -0.980854 -0.588115 2.924294
v -0.993194 -0.663115 2.805015
v -0.967919 -0.657415 2.931021
v -0.963161 -0.652315 3.037272
v -0.968365 -0.742115 2.834061
v -0.937290 -0.734515 3.040262
v 0.000297 0.560485 1.852818
v 0.000149 0.552385 1.634550
v -0.342563 0.560685 1.853352
v -0.828455 0.561085 1.853992
v -0.837227 0.553085 1.635725
v -0.001784 0.503985 0.317364
v -0.918407 0.546485 1.453657
v -1.030216 0.483285 1.456113
v -0.988437 0.489985 1.638395
v -1.013118 0.489985 1.638395
v -0.980854 0.535085 1.141953
v -0.614502 0.504485 0.318325
v -1.054897 0.483285 1.456220
v -1.117344 0.471885 1.144409
v -1.069617 0.473285 1.456541
v -1.027837 0.479885 1.638822
v -1.132063 0.461785 1.144837
v -1.160313 0.453385 0.914396
v -1.092663 0.471885 1.144409
v -1.145593 0.463485 0.914075
v -1.184994 0.431585 0.321848
v -1.120912 0.463485 0.913969
v -1.145742 0.441685 0.321421
v -1.009103 0.526585 0.911513
v -1.170423 0.441685 0.321528
v -1.141876 0.418285 -0.314267
v -1.156447 0.408185 -0.313840
v -1.033933 0.504785 0.318965
v -1.005386 0.481485 -0.316830
v -0.615543 0.481085 -0.317364
v -1.080768 0.400085 -0.809640
v -1.095488 0.389985 -0.809213
v -1.117046 0.418285 -0.314267
v -1.056087 0.399985 -0.809640
v -0.937141 0.463185 -0.812203
v -0.616137 0.462885 -0.812630
v -0.988437 0.489985 1.638395
v -0.917664 0.455185 1.639569
v -0.837227 0.553085 1.635725
v -0.971933 0.230585 1.647898
v -1.074672 0.382085 1.642666
v -1.024418 0.489985 1.638395
v -1.107828 0.230685 1.648112
v -1.134293 0.039785 1.655267
v -1.012226 -0.172515 1.662955
v -1.150946 -0.172315 1.663169
v -1.156298 -0.385015 1.671071
v -1.014902 -0.577415 1.678012
v -1.151392 -0.577315 1.678225
v -1.132807 -0.730515 1.683885
v -1.001223 -0.784215 1.685700
v -1.073631 -0.784115 1.685807
v -1.111545 -0.818115 1.687195
v -1.073483 -0.818115 1.687088
v -0.970743 0.497985 1.856555
v -0.910081 0.463285 1.857837
v -0.965094 0.238585 1.866273
v -1.000182 0.497985 1.856662
v -1.076902 0.046985 1.870651
v -1.094595 -0.164615 1.880795
v -1.005981 -0.164415 1.881223
v -1.111396 -0.375715 1.893716
v -1.103962 -0.722515 1.902152
v -1.083593 -0.810115 1.905356
v -1.008806 -0.569415 1.896279
v -0.995871 -0.776215 1.903968
v -1.054154 -0.776115 1.904074
v -1.154663 -0.820415 -0.764150
v -1.127751 -0.874115 -0.762228
v -1.127603 -0.908115 -0.760946
v -0.614502 -0.874515 -0.762975
v -0.616137 0.462885 -0.812630
v -1.185291 -0.475015 -0.776964
v -1.176370 -0.667315 -0.769809
v -1.162989 -0.050115 -0.792768
v -1.180682 -0.262315 -0.784866
v -1.096528 0.291785 -0.805582
v -1.133996 0.140785 -0.799923
v -1.056087 0.399985 -0.809640
v -0.937141 0.463185 -0.812203
v -0.614502 0.504485 0.318325
v -0.001784 0.503985 0.317364
v -0.613015 -0.832915 0.367979
v -0.000149 -0.833415 0.367018
v 0.611082 0.503485 0.316402
v 0.612718 -0.833915 0.366164
v -0.613907 -0.856315 -0.267709
v -0.614502 -0.874515 -0.762975
v -0.616137 0.462885 -0.812630
v -0.615543 0.481085 -0.317364
v -0.613015 -0.832915 0.367979
v -0.614502 0.504485 0.318325
v -0.837227 0.553085 1.635725
v -0.917664 0.455185 1.639569
v -0.828455 0.561085 1.853992
v -0.910081 0.463285 1.857837
v -0.971933 0.230585 1.647898
v -0.965094 0.238585 1.866273
v -1.012226 -0.172515 1.662955
v -1.005981 -0.164415 1.881223
v -1.014902 -0.577415 1.678012
v -1.008806 -0.569415 1.896279
v -0.995871 -0.776215 1.903968
v -1.001223 -0.784215 1.685700
v -0.909784 0.561085 1.854206
v -0.926139 0.513185 2.271840
v -0.877817 0.559085 2.294265
v -0.970743 0.497985 1.856555
v -1.002710 -0.584115 3.034709
v -0.972676 -0.584115 3.034709
v -0.993640 -0.652315 3.037272
v -0.963161 -0.652315 3.037272
v -0.969554 -0.734515 3.040262
v -0.937290 -0.734515 3.040262
v -0.925544 -0.815915 3.043251
v -0.328884 -0.735015 3.039407
v -0.832915 -0.919915 3.046989
v -0.578224 -1.035015 3.050940
v -0.696426 -0.988015 3.049338
v -0.328438 -1.071015 3.051901
v -0.445451 -1.066315 3.051901
v 0.000297 0.560485 1.852818
v 0.343306 0.560185 1.852284
v 0.000149 0.552385 1.634550
v 0.837525 0.551785 1.633269
v 0.829198 0.559785 1.851536
v -0.001784 0.503985 0.317364
v 0.918259 0.544985 1.450881
v 0.988883 0.488385 1.635405
v 0.611082 0.503485 0.316402
v 1.030067 0.481685 1.453017
v 1.013564 0.488385 1.635298
v 1.054897 0.481685 1.453017
v 1.028283 0.478285 1.635725
v 1.069468 0.471585 1.453337
v 1.116452 0.470085 1.141099
v 1.131171 0.459985 1.141420
v 1.091622 0.470185 1.141099
v 0.979813 0.533485 1.138963
v 1.007319 0.524985 0.908416
v 1.143958 0.461585 0.910551
v 1.158677 0.451485 0.910979
v 1.119277 0.461685 0.910658
v 1.167152 0.439785 0.318004
v 1.181723 0.429685 0.318325
v 1.142322 0.439885 0.318004
v 1.030514 0.503185 0.315762
v 1.000034 0.479885 -0.319820
v 1.111991 0.416485 -0.317684
v 1.136672 0.416485 -0.317684
v 1.151392 0.406385 -0.317364
v 1.088946 0.388185 -0.812523
v 1.074226 0.398285 -0.812844
v 1.049545 0.398385 -0.812844
v 0.930302 0.461685 -0.814979
v 0.610190 0.480185 -0.319286
v 0.609447 0.461985 -0.814552
v 0.837525 0.551785 1.633269
v 0.918259 0.453785 1.636793
v 0.988883 0.488385 1.635405
v 0.972974 0.228985 1.644908
v 1.135780 0.037985 1.651849
v 1.075415 0.380385 1.639462
v 1.153027 -0.174215 1.659751
v 1.158975 -0.386915 1.667654
v 1.014159 -0.174115 1.659965
v 1.136226 -0.732315 1.680468
v 1.018024 -0.579015 1.675022
v 1.004792 -0.785815 1.682710
v 1.077051 -0.785915 1.682603
v 1.115114 -0.819915 1.683778
v 1.077200 -0.819915 1.683885
v 1.151095 -0.822315 -0.767674
v 1.124183 -0.909915 -0.764363
v 1.124183 -0.875915 -0.765645
v 0.611082 -0.875515 -0.764791
v 0.609447 0.461985 -0.814552
v 1.180831 -0.476915 -0.780488
v 1.172356 -0.669215 -0.773333
v 1.157488 -0.052015 -0.796292
v 1.175776 -0.264215 -0.788390
v 1.090135 0.290085 -0.808893
v 1.128049 0.138985 -0.803340
v 0.930302 0.461685 -0.814979
v 1.049545 0.398385 -0.812844
v 0.000297 0.673485 1.848653
v -0.003717 0.654085 2.374781
v 0.343158 0.673285 1.848119
v 0.326654 0.653885 2.374353
v -0.003717 0.626085 2.415359
v 0.304500 0.625885 2.414825
v 0.461508 0.653685 2.371470
v 0.050403 0.580685 2.474731
v -0.003568 0.580685 2.474838
v -0.002230 -0.054315 3.085538
v 0.053971 -0.054315 3.085431
v -0.002082 -0.062215 3.123554
v 0.297364 0.580485 2.474410
v 0.430285 0.625785 2.414718
v 0.420175 0.580385 2.474197
v 0.559936 0.613485 2.400302
v 0.600377 0.634485 2.358229
v 0.546703 0.561485 2.461703
v 0.675313 0.595285 2.378411
v 0.752776 0.606185 2.336658
v 0.659404 0.533185 2.442482
v 0.816858 0.567885 2.344667
v 0.846594 0.570285 2.307720
v 0.869342 0.557785 2.291809
v 0.797529 0.490785 2.413650
v 0.917664 0.511785 2.269277
v 0.863395 0.445585 2.383217
v 0.933127 -0.344415 2.816655
v 0.866964 -0.283815 2.875279
v 0.863395 -0.302515 2.903684
v 0.776862 -0.243415 2.961241
v 0.800949 -0.236815 2.919168
v 0.667879 -0.185215 3.014313
v 0.688545 -0.177015 2.973948
v 0.553988 -0.140115 3.053716
v 0.571087 -0.131815 3.014526
v 0.426122 -0.105515 3.085004
v 0.439206 -0.099515 3.046669
v 0.315205 -0.087715 3.101556
v 0.324870 -0.080515 3.062900
v 0.052336 -0.062315 3.123447
v 0.053971 -0.054315 3.085431
v -0.001933 -0.164815 3.337443
v 0.225104 -0.171915 3.323240
v 0.322937 -0.256715 3.452129
v 0.380625 -0.183715 3.300068
v 0.556070 -0.210315 3.247210
v 0.395345 -0.261515 3.438141
v 0.323234 -0.356015 3.563292
v 0.696426 -0.245115 3.178334
v 0.418093 -0.360715 3.542042
v 0.323383 -0.443115 3.619995
v 0.565586 -0.284515 3.371827
v 0.807937 -0.296815 3.076034
v 0.431029 -0.446915 3.594046
v 0.323680 -0.561715 3.667193
v 0.445451 -0.562915 3.635906
v 0.707428 -0.314415 3.285439
v 0.582981 -0.377215 3.467293
v 0.593092 -0.458315 3.516093
v 0.604838 -0.566015 3.554749
v 0.884954 -0.350515 2.969677
v 0.719620 -0.398715 3.369905
v 0.726757 -0.473015 3.414434
v 0.735380 -0.570015 3.448926
v 0.842580 -0.358715 3.157084
v 0.972230 -0.418315 2.835342
v 0.985909 -0.434515 2.788143
v 0.854326 -0.494915 3.263441
v 0.860422 -0.575815 3.291632
v 0.850014 -0.430615 3.225105
v 0.898781 -0.404915 3.023496
v 0.927328 -0.463715 3.074646
v 0.984571 -0.463115 2.854990
v 1.004346 -0.523915 2.781309
v 0.929261 -0.517615 3.106361
v 0.932978 -0.581915 3.128038
v 0.981746 -0.505515 2.884677
v 0.984720 -0.546315 2.908169
v 0.968811 -0.585515 3.032146
v 0.998547 -0.594415 2.789531
v 0.977285 -0.589615 2.921624
v 0.959592 -0.653615 3.034709
v 0.964499 -0.658815 2.928351
v 0.989329 -0.664515 2.802239
v 0.964796 -0.743515 2.831391
v 0.609447 0.461985 -0.814552
v 0.611082 -0.875515 -0.764791
v 0.611826 -0.857315 -0.269524
v 0.610190 0.480185 -0.319286
v 0.612718 -0.833915 0.366164
v 0.611082 0.503485 0.316402
v 0.829198 0.559785 1.851536
v 0.911122 0.461785 1.855060
v 0.837525 0.551785 1.633269
v 0.918259 0.453785 1.636793
v 0.966580 0.237085 1.863390
v 0.972974 0.228985 1.644908
v 1.008509 -0.166015 1.878233
v 1.014159 -0.174115 1.659965
v 1.012374 -0.571015 1.893289
v 1.018024 -0.579015 1.675022
v 0.999885 -0.777815 1.900978
v 1.004792 -0.785815 1.682710
v 0.910527 0.559685 1.851430
v 0.869342 0.557785 2.291809
v 0.971636 0.496485 1.853779
v 0.917664 0.511785 2.269277
v 0.968811 -0.585515 3.032146
v 0.998844 -0.585515 3.032039
v 0.959592 -0.653615 3.034709
v 0.989923 -0.653715 3.034602
v 0.933870 -0.735915 3.037805
v 0.966134 -0.735915 3.037699
v 0.922273 -0.817215 3.040795
v 0.829942 -0.921015 3.044746
v 0.327992 -0.735415 3.038553
v 0.576142 -1.035815 3.049338
v 0.694195 -0.989015 3.047523
v 0.328438 -1.071415 3.051047
v 0.443369 -1.067015 3.050726
v 1.074523 0.398785 -0.626825
v 1.134293 0.290885 -0.638892
v 1.033338 0.390285 -0.854276
v 1.089986 0.282485 -0.865382
v 0.904283 0.368085 -1.432834
v 0.955875 0.260285 -1.442552
v 0.712632 0.343985 -2.038836
v 0.761846 0.236085 -2.047913
v 0.525888 0.324785 -2.500893
v 0.566924 0.216885 -2.507727
v 1.116898 0.169185 -0.868158
v 1.103070 0.193385 -0.901368
v 1.119277 0.164885 -0.861431
v 0.976988 0.172385 -1.444794
v 0.972379 0.172085 -1.458676
v 0.958254 0.164285 -1.507370
v 1.169828 0.140085 -0.642522
v 1.129090 0.132285 -0.852354
v 1.132509 0.115885 -0.846801
v 1.197632 -0.050515 -0.642416
v 1.157934 -0.058215 -0.845947
v 1.213541 -0.262615 -0.638251
v 1.174438 -0.270315 -0.841996
v 1.175330 -0.332815 -0.840287
v 1.173248 -0.381915 -0.854062
v 1.216961 -0.475215 -0.630669
v 1.172059 -0.386715 -0.861003
v 1.173843 -0.483815 -0.857586
v 1.164922 -0.413415 -0.893786
v 1.207296 -0.667615 -0.620418
v 1.039434 -0.434315 -1.437533
v 1.164773 -0.676215 -0.847442
v 1.185737 -0.820915 -0.608351
v 1.040921 -0.506015 -1.435077
v 1.035123 -0.434815 -1.451629
v 1.019511 -0.436815 -1.500215
v 0.847932 -0.530115 -2.040759
v 1.143512 -0.829515 -0.835589
v 1.160015 -0.908815 -0.597886
v 1.116154 -0.917415 -0.824590
v 0.994384 -0.939415 -1.405070
v 1.032000 -0.698315 -1.424932
v 1.011036 -0.851715 -1.413079
v 0.818642 -0.875815 -2.018975
v 0.807342 -0.963615 -2.012461
v 0.632492 -0.982615 -2.477614
v 0.645725 -0.894915 -2.484769
v 0.839457 -0.722515 -2.030828
v 0.663567 -0.741615 -2.495767
v 0.668176 -0.549215 -2.504737
v 0.846594 -0.458515 -2.043321
v 0.946211 -0.446015 -1.730229
v 1.006427 -0.408415 -1.540473
v 0.738651 -0.469815 -2.319146
v 0.958106 -0.414415 -1.692000
v 1.000628 -0.360515 -1.557132
v 0.722296 -0.441515 -2.358015
v 0.714713 -0.393715 -2.373926
v 0.712929 -0.331115 -2.376489
v 0.659552 -0.336615 -2.510824
v 0.692709 -0.119015 -2.379479
v 0.638142 -0.124615 -2.513494
v 0.664162 0.053685 -2.378197
v 0.999290 -0.297915 -1.559374
v 0.606176 0.066185 -2.512426
v 0.664162 0.071985 -2.373392
v 0.661337 0.100785 -2.361966
v 0.670109 0.131985 -2.322456
v 0.783553 0.146085 -2.050262
v 0.884508 0.155885 -1.736957
v 0.961823 -0.365315 -1.678652
v 0.960633 -0.302815 -1.680681
v 0.943683 -0.090715 -1.684525
v 0.982341 -0.085915 -1.563218
v 0.957957 0.082785 -1.563539
v 0.917961 0.083285 -1.684846
v 0.956321 0.105085 -1.557772
v 0.913947 0.099785 -1.689971
v 0.952902 0.132685 -1.547307
v 0.903688 0.129485 -1.698621
v 0.761846 0.236085 -2.047913
v -1.122845 -0.913715 -0.892612
v -1.166111 -0.905115 -0.665695
v -1.191982 -0.817215 -0.676159
v -1.150500 -0.825815 -0.903504
v -1.019660 -0.848215 -1.481421
v -1.002710 -0.936015 -1.473412
v -1.213987 -0.663815 -0.688119
v -0.817453 -0.960415 -2.081337
v -1.172059 -0.672415 -0.915357
v -1.224097 -0.471415 -0.698371
v -0.829050 -0.872715 -2.087957
v -0.657471 -0.892015 -2.554179
v -0.643792 -0.979715 -2.547131
v -0.675610 -0.738715 -2.565071
v -0.850163 -0.719315 -2.099597
v -0.680665 -0.546315 -2.574040
v -1.041070 -0.694815 -1.493168
v -1.181723 -0.480015 -0.925501
v -0.859083 -0.526915 -2.109635
v -1.050288 -0.502415 -1.503312
v -1.180087 -0.383015 -0.928812
v -1.172951 -0.409715 -0.961701
v -1.181277 -0.378115 -0.921871
v -1.183507 -0.329115 -0.908095
v -1.049099 -0.430715 -1.505768
v -1.044787 -0.431315 -1.519864
v -1.182615 -0.266515 -0.909804
v -1.221272 -0.258815 -0.705952
v -1.029324 -0.433315 -1.568451
v -1.205809 -0.046715 -0.710117
v -1.166706 -0.054415 -0.913862
v -1.141728 0.119485 -0.914823
v -1.178452 0.143885 -0.710437
v -1.138159 0.135985 -0.920376
v -1.128495 0.168585 -0.929345
v -1.143363 0.294585 -0.706913
v -1.126265 0.172785 -0.936180
v -1.112586 0.197085 -0.969390
v -1.099502 0.286085 -0.933510
v -1.083742 0.402385 -0.694954
v -0.987991 0.175785 -1.513136
v -1.043003 0.393785 -0.922511
v -0.967175 0.263685 -1.511001
v -0.915731 0.371485 -1.501390
v -0.983381 0.175585 -1.527125
v -0.725716 0.346985 -2.108033
v -0.774781 0.239185 -2.117003
v -0.969405 0.167685 -1.575819
v -0.581197 0.219685 -2.577351
v -0.540310 0.327485 -2.570623
v -0.796191 0.149185 -2.119245
v -0.896403 0.159185 -1.805619
v -0.683639 0.134885 -2.391866
v -0.915434 0.132785 -1.767283
v -0.675015 0.103785 -2.431376
v -0.964202 0.136085 -1.615756
v -0.620152 0.068985 -2.581943
v -0.677692 0.074885 -2.442695
v -0.677692 0.056585 -2.447501
v -0.925544 0.103085 -1.758634
v -0.967472 0.108485 -1.626221
v -0.651672 -0.121715 -2.582904
v -0.705793 -0.116015 -2.448782
v -0.725567 -0.328115 -2.445685
v -0.672488 -0.333715 -2.580234
v -0.727054 -0.390715 -2.443123
v -0.969108 0.086185 -1.631988
v -0.929559 0.086585 -1.753401
v -0.954835 -0.087415 -1.753081
v -0.993194 -0.082415 -1.631667
v -1.009549 -0.294515 -1.627716
v -0.971189 -0.299415 -1.749130
v -1.010739 -0.357015 -1.625474
v -0.972379 -0.361915 -1.747101
v -1.016389 -0.404915 -1.608815
v -0.968513 -0.411015 -1.760449
v -0.956619 -0.442615 -1.798785
v -0.857894 -0.455215 -2.112091
v -0.734637 -0.438515 -2.427212
v -0.750843 -0.466715 -2.388342
v -1.156298 -0.256715 1.557238
v -1.128049 -0.385015 1.671071
v -1.151541 -0.236315 1.569519
v -1.161354 -0.262115 1.541755
v -1.179493 -0.391715 1.488896
v -1.176668 -0.264115 1.484198
v -1.227517 -0.403115 1.177192
v -1.205661 -0.270615 1.297325
v -1.208634 -0.267115 1.281841
v -1.210865 -0.255815 1.269561
v -1.212054 -0.240615 1.263474
v -1.210865 -0.187015 1.262727
v -1.228558 -0.190415 1.169290
v -1.197483 0.025185 1.254825
v -1.216514 0.021685 1.161388
v -1.191685 0.212485 1.154127
v -1.172356 0.216085 1.247777
v -1.165071 0.244885 1.247136
v -1.158231 0.363485 1.148467
v -1.160610 0.260585 1.251514
v -1.155555 0.272685 1.262406
v -1.151392 0.277385 1.277463
v -1.112140 0.284485 1.463695
v -1.091622 0.375585 1.460598
v -1.098461 0.471885 1.144409
v -1.036163 0.483285 1.456113
v -0.996168 0.489985 1.638395
v -1.105152 0.286785 1.519757
v -1.046423 0.382085 1.642666
v -1.100543 0.282585 1.535668
v -1.100097 0.270785 1.547841
v -1.101137 0.255285 1.553608
v -1.079579 0.230685 1.648005
v -1.107977 0.227385 1.554462
v -1.134591 0.036385 1.561616
v -1.106044 0.039785 1.655267
v -1.149459 -0.175815 1.569519
v -1.122696 -0.172415 1.663169
v -1.151541 -0.236315 1.569519
v -1.170869 -0.584015 1.496051
v -1.122994 -0.577315 1.678225
v -1.213541 -0.595415 1.184240
v -1.187968 -0.748615 1.189900
v -1.144850 -0.737215 1.501710
v -1.159569 -0.836215 1.193103
v -1.104557 -0.730515 1.683885
v -1.122696 -0.824815 1.504914
v -1.083296 -0.818115 1.687088
v 1.190049 -0.750515 1.186376
v 1.125819 -0.826615 1.501497
v 1.161651 -0.838115 1.189686
v 1.147824 -0.739015 1.498187
v 1.086864 -0.819915 1.683778
v 1.215176 -0.597415 1.180609
v 1.107977 -0.732215 1.680574
v 1.173397 -0.585915 1.492527
v 1.228706 -0.405115 1.173455
v 1.181574 -0.393615 1.485372
v 1.126116 -0.579115 1.674808
v 1.130725 -0.386815 1.667654
v 1.178303 -0.266015 1.480567
v 1.163286 -0.263915 1.538231
v 1.206850 -0.272515 1.293694
v 1.158231 -0.258615 1.553715
v 1.209824 -0.269015 1.278210
v 1.154366 -0.246115 1.564286
v 1.152730 -0.230215 1.567810
v 1.151243 -0.177615 1.566101
v 1.124778 -0.174215 1.659751
v 1.212054 -0.257815 1.265930
v 1.213095 -0.242515 1.259844
v 1.135929 0.034585 1.558199
v 1.107531 0.038085 1.651956
v 1.211757 -0.189015 1.259096
v 1.229152 -0.192415 1.165553
v 1.216514 0.019785 1.157651
v 1.197929 0.023285 1.251301
v 1.080619 0.228985 1.644802
v 1.108720 0.225585 1.551152
v 1.101881 0.253485 1.550297
v 1.191387 0.210585 1.150496
v 1.172207 0.214285 1.244253
v 1.164922 0.243085 1.243719
v 1.047017 0.380385 1.639462
v 1.157488 0.361685 1.144943
v 1.100840 0.269085 1.544531
v 1.160313 0.258685 1.247990
v 1.101137 0.280785 1.532358
v 1.155406 0.270885 1.258989
v 1.105747 0.284985 1.516447
v 1.151243 0.275485 1.274046
v 1.112586 0.282685 1.460278
v 1.091770 0.373885 1.457395
v 0.996614 0.488385 1.635405
v 1.097569 0.470185 1.141099
v 1.036163 0.481685 1.453017
v 1.025607 -0.345115 2.322243
v 1.030960 -0.345915 2.300992
v 0.968662 0.296685 2.267035
v 0.958106 0.297385 2.297682
v 0.917664 0.511785 2.269277
v 0.968365 0.354985 2.243863
v 0.952753 0.298185 2.319039
v 0.933127 -0.344415 2.816655
v 0.960782 -0.194915 2.639392
v 0.973866 0.391085 2.189616
v 0.971636 0.496485 1.853779
v 1.006576 0.383585 1.985017
v 1.025161 0.388185 1.857623
v 1.024269 0.341885 1.933760
v 0.964945 -0.248215 2.660109
v 1.037502 0.237085 1.863283
v 0.977583 -0.301615 2.646974
v 1.042557 0.275485 1.917423
v 1.061142 0.106885 1.923616
v 0.993938 -0.334715 2.605221
v 1.086567 -0.192515 1.934722
v 1.025607 -0.345115 2.322243
v 1.056384 0.046085 1.870331
v 1.078092 -0.166115 1.878126
v 1.086715 -0.378815 1.886028
v 1.087607 -0.334315 1.939954
v 1.030960 -0.345915 2.300992
v 1.080173 -0.358615 1.968999
v 1.033785 -0.363415 2.301633
v 0.942791 -0.434415 2.788143
v 1.022187 -0.550215 2.300352
v 0.942940 -0.523915 2.781416
v 1.070955 -0.571115 1.893289
v 0.943089 -0.594415 2.789531
v 1.012820 -0.698815 2.305904
v 0.943089 -0.664515 2.802346
v 0.943237 -0.743515 2.831498
v 1.058317 -0.724215 1.898949
v 1.007617 -0.783815 2.309108
v 1.051180 -0.811815 1.902259
v -1.036312 -0.344315 2.303876
v -1.030960 -0.343615 2.325232
v -0.965986 0.298785 2.300352
v -0.971338 0.298085 2.279849
v -0.926139 0.513185 2.271840
v -0.976691 0.298085 2.269705
v -0.976542 0.356385 2.246532
v -0.982341 0.392585 2.192393
v -0.960484 0.299585 2.321602
v -0.937736 -0.343015 2.819218
v -0.966283 -0.193515 2.642062
v -1.004940 0.385085 1.988007
v -0.970743 0.497985 1.856555
v -1.022782 0.343485 1.936750
v -1.024120 0.389785 1.860720
v -0.970297 -0.246815 2.662778
v -1.040921 0.277085 1.920412
v -0.982935 -0.300215 2.649751
v -1.039137 0.238785 1.866379
v -1.057574 0.047785 1.873427
v -0.999290 -0.333215 2.607891
v -1.078389 -0.164415 1.881329
v -1.030960 -0.343615 2.325232
v -1.059060 0.108485 1.926713
v -1.083742 -0.190815 1.937925
v -1.084485 -0.332615 1.943158
v -1.083593 -0.377115 1.889338
v -1.076902 -0.356915 1.972096
v -1.036312 -0.344315 2.303876
v -1.039137 -0.361815 2.304516
v -0.947252 -0.433115 2.790813
v -0.947103 -0.522515 2.783979
v -1.067387 -0.569415 1.896386
v -0.947103 -0.588715 2.791667
v -1.054451 -0.722515 1.902046
v -1.011928 -0.782315 2.311991
v -1.047166 -0.810215 1.905356
v -0.946954 -0.663115 2.804908
v -0.946806 -0.742115 2.834061
v -0.057391 0.580685 2.474838
v -0.058432 -0.054215 3.085538
v -0.003568 0.580685 2.474838
v -0.002230 -0.054315 3.085538
v 0.933127 -0.344415 2.816655
v 0.965094 -0.344415 2.816548
v 0.942791 -0.434415 2.788143
v 1.017876 -0.434515 2.788036
v 0.942940 -0.523915 2.781416
v 1.036312 -0.524015 2.781309
v 0.943089 -0.594415 2.789531
v 1.030514 -0.594515 2.789425
v 0.943089 -0.664515 2.802346
v 1.021295 -0.664615 2.802239
v 0.943237 -0.743515 2.831498
v 0.996763 -0.743515 2.831391
v -0.085046 0.466785 -2.371470
v -0.005501 0.423385 -2.349259
v -0.005650 0.450785 -2.371043
v -0.109430 0.405085 -2.333775
v -0.208749 0.389385 -2.315835
v -0.152399 0.512285 -2.373072
v -0.197449 0.580185 -2.375528
v -0.213358 0.660285 -2.378518
v -0.396534 0.427785 -1.879087
v -0.251867 0.327685 -2.270666
v -0.197747 0.740385 -2.381508
v -0.337359 0.798585 -1.892969
v -0.455858 0.516885 -1.379549
v -0.312083 0.854685 -1.895105
v -0.152845 0.808285 -2.384071
v -0.085492 0.853585 -2.385886
v -0.436381 0.879985 -1.393111
v -0.478161 0.568885 -0.816368
v -0.457048 0.925185 -0.829822
v -0.403522 0.924785 -1.394819
v -0.239675 0.901985 -1.897347
v -0.131881 0.933685 -1.898522
v -0.006096 0.869485 -2.386527
v -0.310002 0.962485 -1.396848
v -0.422702 0.969985 -0.831531
v -0.458386 0.902785 -0.796826
v -0.476079 0.604185 -0.785507
v -0.477417 0.597685 -0.321742
v -0.475930 0.620085 -0.354738
v -0.456453 0.918585 -0.366057
v -0.456304 0.920485 -0.333808
v -0.421959 0.965285 -0.335624
v -0.323680 1.003285 -0.337119
v -0.325316 1.007685 -0.833667
v -0.176783 1.028585 -0.338293
v -0.170092 0.987785 -1.398023
v -0.178269 1.033085 -0.834521
v -0.003271 1.037285 -0.338934
v -0.004906 1.042085 -0.834948
v -0.004906 0.996785 -1.398129
v -0.004906 0.944885 -1.898949
v -0.005650 0.929485 -1.997724
v -0.049660 0.923085 -2.015023
v -0.066461 0.902085 -2.141136
v -0.048173 0.896985 -2.184704
v -0.005947 0.897885 -2.203284
v -0.003271 1.037285 -0.338934
v -0.002974 0.735585 -0.327722
v -0.176783 1.028585 -0.338293
v -0.323680 1.003285 -0.337119
v -0.323383 0.735785 -0.327188
v -0.323680 1.003285 -0.337119
v -0.323383 0.735785 -0.327188
v -0.323234 0.980985 0.002563
v -0.290673 0.936285 0.301773
v -0.290524 0.759185 0.308287
v -0.323680 1.003285 -0.337119
v -0.323234 0.980985 0.002563
v -0.394007 0.965285 -0.335624
v -0.393412 0.940585 0.004165
v -0.428352 0.920485 -0.333915
v -0.351038 0.895885 0.303268
v -0.290673 0.936285 0.301773
v -0.427906 0.892985 0.005980
v -0.449465 0.597585 -0.321742
v -0.449019 0.621285 0.016124
v -0.412443 0.642085 0.312879
v -0.382112 0.848285 0.305083
v -0.395642 0.645485 0.375027
v -0.337210 0.655785 0.564676
v -0.278332 0.803785 0.559124
v -0.182879 0.664885 0.732862
v -0.205181 0.868685 0.556561
v -0.158346 0.963185 0.300492
v -0.152696 0.722385 0.730620
v -0.001189 0.667985 0.791700
v -0.112701 0.764085 0.729018
v -0.061703 0.781585 0.728270
v -0.001487 0.787785 0.727950
v -0.111809 0.895885 0.555386
v -0.002230 0.972485 0.299958
v -0.001784 0.905385 0.554959
v -0.002230 0.972485 0.299958
v -0.158346 0.963185 0.300492
v -0.002082 0.758885 0.307860
v -0.290524 0.759185 0.308287
v -0.290673 0.936285 0.301773
v -0.428352 0.920485 -0.333915
v -0.449465 0.597585 -0.321742
v -0.477417 0.597685 -0.321742
v -0.456304 0.920485 -0.333808
v -0.394007 0.965285 -0.335624
v -0.421959 0.965285 -0.335624
v -0.323680 1.003285 -0.337119
v 0.073746 0.466685 -2.371684
v -0.005650 0.450785 -2.371043
v -0.005501 0.423385 -2.349259
v 0.098279 0.404885 -2.334096
v 0.197747 0.389085 -2.316476
v 0.140950 0.511985 -2.373499
v 0.185852 0.579885 -2.376062
v 0.201613 0.659985 -2.379052
v 0.386870 0.427185 -1.880261
v 0.241162 0.327285 -2.271413
v 0.185704 0.740085 -2.382042
v 0.326654 0.798085 -1.893930
v 0.447235 0.516185 -1.380937
v 0.301378 0.854185 -1.896066
v 0.140653 0.808085 -2.384498
v 0.073300 0.853485 -2.386100
v 0.426865 0.879285 -1.394392
v 0.471173 0.568085 -0.817756
v 0.229267 0.901785 -1.897667
v 0.121622 0.933585 -1.898735
v -0.006096 0.869485 -2.386527
v 0.394007 0.924185 -1.395994
v 0.449316 0.924485 -0.831211
v 0.300486 0.962285 -1.397275
v 0.414674 0.969385 -0.832812
v 0.054864 0.901985 -2.141350
v 0.036427 0.896885 -2.184811
v -0.005947 0.897885 -2.203284
v 0.038360 0.922985 -2.015130
v -0.005650 0.929485 -1.997724
v -0.004906 0.944885 -1.898949
v 0.160428 0.987785 -1.398023
v -0.004906 0.996785 -1.398129
v 0.316395 1.007485 -0.834094
v 0.169349 1.032985 -0.834841
v -0.004906 1.042085 -0.834948
v -0.003271 1.037285 -0.338934
v 0.170092 1.028285 -0.338827
v 0.317138 1.002785 -0.338080
v 0.415417 0.964685 -0.336798
v 0.450060 0.919785 -0.335197
v 0.450803 0.902085 -0.798107
v 0.469091 0.603485 -0.786895
v 0.471916 0.596885 -0.323130
v 0.450060 0.917885 -0.367339
v 0.470281 0.619285 -0.356233
v -0.003271 1.037285 -0.338934
v 0.170092 1.028285 -0.338827
v -0.002974 0.735585 -0.327722
v 0.317584 0.735285 -0.328149
v 0.317138 1.002785 -0.338080
v 0.317138 1.002785 -0.338080
v 0.317733 0.980485 0.001495
v 0.317584 0.735285 -0.328149
v 0.286361 0.758685 0.307433
v 0.286212 0.935785 0.300812
v 0.317138 1.002785 -0.338080
v 0.387465 0.964685 -0.336798
v 0.317733 0.980485 0.001495
v 0.388060 0.939985 0.002990
v 0.422108 0.919785 -0.335197
v 0.286212 0.935785 0.300812
v 0.422554 0.892285 0.004699
v 0.443815 0.596885 -0.323130
v 0.444410 0.620585 0.014736
v 0.346577 0.895385 0.302307
v 0.274913 0.803285 0.558269
v 0.377800 0.847685 0.304015
v 0.408578 0.641485 0.311597
v 0.391925 0.644885 0.373853
v 0.334088 0.655285 0.563715
v 0.201464 0.868385 0.556027
v 0.153737 0.962885 0.300064
v 0.150020 0.722185 0.730192
v 0.180351 0.664585 0.732328
v -0.001189 0.667985 0.791700
v 0.109876 0.763985 0.728697
v 0.058729 0.781485 0.728164
v -0.001487 0.787785 0.727950
v 0.108240 0.895785 0.555066
v -0.002230 0.972485 0.299958
v -0.001784 0.905385 0.554959
v -0.002230 0.972485 0.299958
v -0.002082 0.758885 0.307860
v 0.153737 0.962885 0.300064
v 0.286212 0.935785 0.300812
v 0.286361 0.758685 0.307433
v 0.422108 0.919785 -0.335197
v 0.471916 0.596885 -0.323130
v 0.443815 0.596885 -0.323130
v 0.415417 0.964685 -0.336798
v 0.450060 0.919785 -0.335197
v 0.387465 0.964685 -0.336798
v 0.317138 1.002785 -0.338080
v -0.937736 -0.343015 2.819218
v -0.947252 -0.433115 2.790813
v -1.022336 -0.433015 2.790920
v -1.040624 -0.522515 2.784085
v -0.947103 -0.522515 2.783979
v -1.034528 -0.593015 2.792308
v -0.947103 -0.588715 2.791667
v -1.025161 -0.663115 2.805015
v -0.946954 -0.663115 2.804908
v -1.001372 -0.742215 2.834274
v -0.946806 -0.742115 2.834061
v 0.262126 0.603785 -0.008543
v 0.262126 0.870485 -0.008543
v 0.185258 0.870485 -0.194027
v 0.185258 0.603785 -0.194027
v 0.185258 0.603785 -0.194027
v 0.185258 0.870485 -0.194027
v -0.000149 0.870485 -0.270805
v -0.000149 0.603785 -0.270805
v -0.000149 0.603785 -0.270805
v -0.000149 0.870485 -0.270805
v -0.185555 0.870485 -0.194027
v -0.185555 0.603785 -0.194027
v -0.185555 0.603785 -0.194027
v -0.185555 0.870485 -0.194027
v -0.262423 0.870485 -0.008543
v -0.262423 0.603785 -0.008543
v -0.262423 0.603785 -0.008543
v -0.262423 0.870485 -0.008543
v -0.185555 0.870485 0.176942
v -0.185555 0.603785 0.176942
v -0.185555 0.603785 0.176942
v -0.185555 0.870485 0.176942
v -0.000149 0.870485 0.253720
v -0.000149 0.603785 0.253720
v -0.000149 0.603785 0.253720
v -0.000149 0.870485 0.253720
v 0.185258 0.870485 0.176942
v 0.185258 0.603785 0.176942
v 0.185258 0.603785 0.176942
v 0.185258 0.870485 0.176942
v 0.262126 0.870485 -0.008543
v 0.262126 0.603785 -0.008543
v -0.001338 1.247885 -0.127074
v -0.118202 1.247885 -0.038336
v -0.119094 1.156085 -0.039083
v -0.001041 1.156085 -0.128462
v -0.072408 1.247885 0.096854
v 0.073895 1.247885 0.096106
v 0.074490 1.156085 0.096640
v -0.073003 1.156085 0.097174
v 0.073895 1.247885 0.096106
v 0.115228 1.247885 -0.041966
v 0.116120 1.156085 -0.042393
v 0.074490 1.156085 0.096640
v 0.115228 1.247885 -0.041966
v -0.001338 1.247885 -0.127074
v -0.001041 1.156085 -0.128462
v 0.116120 1.156085 -0.042393
v -0.118202 1.247885 -0.038336
v -0.072408 1.247885 0.096854
v -0.073003 1.156085 0.097174
v -0.119094 1.156085 -0.039083
v 0.074490 1.156085 0.096640
v 0.116120 1.156085 -0.042393
v -0.001041 1.156085 -0.128462
v -0.073003 1.156085 0.097174
v -0.119094 1.156085 -0.039083
v -0.186447 1.198685 0.241760
v -0.186447 1.223085 0.241226
v -0.032710 1.223985 0.093650
v -0.032561 1.158585 0.094611
v -0.226591 1.198685 0.211327
v -0.186447 1.198685 0.241760
v -0.032561 1.158585 0.094611
v -0.105267 1.158585 0.002776
v -0.226294 1.223085 0.211006
v -0.226591 1.198685 0.211327
v -0.105267 1.158585 0.002776
v -0.104672 1.223985 0.002242
v -0.186447 1.223085 0.241226
v -0.226294 1.223085 0.211006
v -0.104672 1.223985 0.002242
v -0.032710 1.223985 0.093650
v 0.025425 1.197085 -0.268883
v 0.077315 1.158585 -0.068449
v 0.076274 1.223985 -0.068449
v 0.025127 1.231385 -0.285221
v -0.024979 1.196985 -0.268990
v -0.073151 1.158585 -0.068129
v 0.077315 1.158585 -0.068449
v 0.025425 1.197085 -0.268883
v -0.024979 1.231285 -0.285328
v -0.073003 1.223985 -0.068129
v -0.073151 1.158585 -0.068129
v -0.024979 1.196985 -0.268990
v 0.025127 1.231385 -0.285221
v 0.076274 1.223985 -0.068449
v -0.073003 1.223985 -0.068129
v -0.024979 1.231285 -0.285328
v -0.218860 0.633985 0.217093
v -0.217075 1.230285 0.226383
v -0.220198 1.229685 0.245498
v -0.224212 0.632885 0.250516
v -0.200869 1.229985 0.239197
v -0.190461 0.633385 0.239411
v -0.217075 1.230285 0.226383
v -0.218860 0.633985 0.217093
v -0.248299 1.229585 0.230334
v -0.230754 1.237385 0.208123
v -0.182433 1.237385 0.244857
v -0.199680 1.229585 0.267068
v -0.199680 1.229585 0.267068
v -0.180648 1.198485 0.245070
v -0.229416 1.198485 0.208123
v -0.248299 1.229585 0.230334
v -0.182433 1.237385 0.244857
v -0.230754 1.237385 0.208123
v -0.229416 1.198485 0.208123
v -0.180648 1.198485 0.245070
v 0.185258 1.198685 0.241760
v 0.031521 1.158585 0.094611
v 0.031669 1.223985 0.093650
v 0.185406 1.223085 0.241226
v 0.225550 1.198685 0.211327
v 0.104226 1.158585 0.002776
v 0.031521 1.158585 0.094611
v 0.185258 1.198685 0.241760
v 0.225253 1.223085 0.211006
v 0.103631 1.223985 0.002242
v 0.104226 1.158585 0.002776
v 0.225550 1.198685 0.211327
v 0.185406 1.223085 0.241226
v 0.031669 1.223985 0.093650
v 0.103631 1.223985 0.002242
v 0.225253 1.223085 0.211006
v 0.217819 0.633985 0.217093
v 0.219157 1.229685 0.245498
v 0.216035 1.230285 0.226383
v 0.223171 0.632885 0.250516
v 0.199828 1.229985 0.239197
v 0.189421 0.633385 0.239411
v 0.216035 1.230285 0.226383
v 0.217819 0.633985 0.217093
v 0.247258 1.229585 0.230334
v 0.198639 1.229585 0.267068
v 0.181392 1.237385 0.244857
v 0.229713 1.237385 0.208123
v 0.198639 1.229585 0.267068
v 0.247258 1.229585 0.230334
v 0.228375 1.198485 0.208123
v 0.179608 1.198485 0.245070
v 0.181392 1.237385 0.244857
v 0.179608 1.198485 0.245070
v 0.228375 1.198485 0.208123
v 0.229713 1.237385 0.208123
v 0.025127 1.231385 -0.285221
v 0.025127 1.215985 -0.301773
v 0.025425 1.197085 -0.268883
v 0.055310 0.900485 -0.190183
v 0.054566 0.863085 -0.239838
v -0.024979 1.231285 -0.285328
v -0.024979 1.215885 -0.301880
v 0.025127 1.215985 -0.301773
v 0.025127 1.231385 -0.285221
v 0.025425 1.197085 -0.268883
v 0.055310 0.900485 -0.190183
v -0.054715 0.900185 -0.189970
v -0.024979 1.196985 -0.268990
v -0.024979 1.196985 -0.268990
v -0.054715 0.900185 -0.189970
v -0.054566 0.862885 -0.239731
v -0.024979 1.215885 -0.301880
v -0.024979 1.215885 -0.301880
v -0.054566 0.862885 -0.239731
v 0.054566 0.863085 -0.239838
v 0.025127 1.215985 -0.301773
v 0.135300 1.172985 -0.290027
v 0.135152 1.148585 -0.290454
v 0.179162 1.148585 -0.265787
v 0.179013 1.172985 -0.265466
v 0.135152 1.148585 -0.290454
v 0.135300 1.172985 -0.290027
v 0.004460 1.153485 -0.177049
v 0.003866 1.095485 -0.178117
v -0.137828 1.144185 0.091728
v -0.138571 1.086185 0.090553
v 0.179162 1.148585 -0.265787
v 0.135152 1.148585 -0.290454
v 0.003866 1.095485 -0.178117
v 0.141099 1.095485 -0.104222
v -0.138571 1.086185 0.090553
v 0.000000 1.086185 0.164021
v -0.164591 1.099885 0.179932
v -0.062298 1.099885 0.233431
v 0.179013 1.172985 -0.265466
v 0.179162 1.148585 -0.265787
v 0.141099 1.095485 -0.104222
v 0.140504 1.153485 -0.103261
v 0.000000 1.086185 0.164021
v -0.000446 1.144185 0.164982
v 0.135300 1.172985 -0.290027
v 0.179013 1.172985 -0.265466
v 0.140504 1.153485 -0.103261
v 0.004460 1.153485 -0.177049
v -0.000446 1.144185 0.164982
v -0.137828 1.144185 0.091728
v -0.062595 1.130485 0.234178
v -0.163996 1.130485 0.180679
v -0.062298 1.099885 0.233431
v -0.164591 1.099885 0.179932
v 0.158346 0.592985 -0.270485
v 0.167564 1.177885 -0.278280
v 0.168010 1.177285 -0.297502
v 0.158941 0.591885 -0.304336
v 0.149871 1.177585 -0.288639
v 0.126974 0.592485 -0.288745
v 0.167564 1.177885 -0.278280
v 0.158346 0.592985 -0.270485
v 0.197895 1.177085 -0.286396
v 0.183622 1.184885 -0.262049
v 0.130691 1.184985 -0.291735
v 0.144816 1.177085 -0.316189
v 0.144816 1.177085 -0.316189
v 0.129056 1.148385 -0.293017
v 0.182433 1.148385 -0.263117
v 0.197895 1.177085 -0.286396
v 0.130691 1.184985 -0.291735
v 0.183622 1.184885 -0.262049
v 0.182433 1.148385 -0.263117
v 0.129056 1.148385 -0.293017
v -0.138571 1.086185 0.090553
v -0.137828 1.144185 0.091728
v -0.163996 1.130485 0.180679
v -0.164591 1.099885 0.179932
v -0.000446 1.144185 0.164982
v 0.000000 1.086185 0.164021
v -0.062298 1.099885 0.233431
v -0.062595 1.130485 0.234178
v -0.092629 0.862685 0.211967
v -0.088317 1.126785 0.211647
v -0.093372 1.125685 0.179078
v -0.097833 0.861485 0.178544
v -0.126528 0.862085 0.199473
v -0.088317 1.126785 0.211647
v -0.092629 0.862685 0.211967
v -0.121324 1.126285 0.199473
v -0.097833 0.861485 0.178544
v -0.093372 1.125685 0.179078
v -0.155372 0.895385 0.214744
v -0.140950 0.913385 0.181213
v -0.068394 0.913385 0.210793
v -0.082518 0.895385 0.244323
v -0.082518 0.895385 0.244323
v -0.066163 0.856985 0.210579
v -0.139315 0.856985 0.180786
v -0.155372 0.895385 0.214744
v -0.068394 0.913385 0.210793
v -0.140950 0.913385 0.181213
v -0.139315 0.856985 0.180786
v -0.066163 0.856985 0.210579
v -0.280117 0.576385 2.563469
v -0.277886 0.570385 2.546704
v -0.762738 0.607185 2.428279
v -0.764968 0.613185 2.445045
v -0.277886 0.570385 2.546704
v -0.277440 0.587985 2.550227
v -0.762143 0.624785 2.431803
v -0.762738 0.607185 2.428279
v -0.277440 0.587985 2.550227
v -0.280117 0.576385 2.563469
v -0.764968 0.613185 2.445045
v -0.762143 0.624785 2.431803
v -0.086979 0.589985 2.521609
v -0.504329 0.562385 2.550227
v -0.504180 0.564285 2.531113
v -0.087128 0.588085 2.540724
v -0.503437 0.541585 2.549373
v -0.086235 0.567285 2.539869
v -0.086235 0.567285 2.539869
v -0.086979 0.589985 2.521609
v -0.504180 0.564285 2.531113
v -0.503437 0.541585 2.549373
v -0.769726 0.639385 2.429774
v -0.770023 0.622485 2.459247
v -0.763927 0.554485 2.415892
v -0.763481 0.576585 2.377557
v -0.770023 0.622485 2.459247
v -0.742666 0.635285 2.446646
v -0.728392 0.571285 2.399555
v -0.763927 0.554485 2.415892
v -0.742666 0.635285 2.446646
v -0.769726 0.639385 2.429774
v -0.763481 0.576585 2.377557
v -0.728392 0.571285 2.399555
v 0.280117 0.576385 2.563469
v 0.764968 0.613185 2.445045
v 0.762738 0.607185 2.428279
v 0.277886 0.570385 2.546704
v 0.277886 0.570385 2.546704
v 0.762738 0.607185 2.428279
v 0.762143 0.624785 2.431803
v 0.277440 0.587985 2.550227
v 0.277440 0.587985 2.550227
v 0.762143 0.624785 2.431803
v 0.764968 0.613185 2.445045
v 0.280117 0.576385 2.563469
v 0.086979 0.589985 2.521609
v 0.504180 0.564285 2.531113
v 0.504329 0.562385 2.550227
v 0.087128 0.588085 2.540724
v 0.503437 0.541585 2.549373
v 0.086235 0.567285 2.539869
v 0.086235 0.567285 2.539869
v 0.503437 0.541585 2.549373
v 0.504180 0.564285 2.531113
v 0.086979 0.589985 2.521609
v 0.769726 0.639385 2.429774
v 0.763481 0.576585 2.377557
v 0.763927 0.554485 2.415892
v 0.770023 0.622485 2.459247
v 0.770023 0.622485 2.459247
v 0.763927 0.554485 2.415892
v 0.728392 0.571285 2.399555
v 0.742666 0.635285 2.446646
v 0.742666 0.635285 2.446646
v 0.728392 0.571285 2.399555
v 0.763481 0.576585 2.377557
v 0.769726 0.639385 2.429774
v -0.004758 0.859785 -2.385779
v -0.079099 0.844685 -2.385138
v -0.004906 0.857685 -2.432017
v -0.078355 0.842885 -2.433192
v -0.140504 0.800485 -2.436502
v -0.142140 0.801685 -2.383537
v -0.181987 0.737085 -2.441628
v -0.184217 0.737285 -2.381187
v -0.196557 0.662185 -2.447607
v -0.198936 0.661185 -2.378518
v -0.181838 0.587385 -2.453694
v -0.183919 0.585185 -2.375848
v -0.140207 0.523885 -2.458927
v -0.141842 0.520685 -2.373606
v -0.077909 0.481385 -2.462451
v -0.078653 0.477585 -2.372218
v -0.004460 0.466485 -2.463839
v -0.004312 0.462385 -2.371791
v 0.070029 0.477485 -2.372431
v 0.068988 0.481285 -2.462664
v 0.132922 0.520485 -2.374033
v 0.131137 0.523585 -2.459354
v 0.174998 0.584885 -2.376382
v 0.172620 0.587085 -2.454228
v 0.189718 0.660885 -2.379052
v 0.187190 0.661885 -2.448248
v 0.174850 0.736985 -2.381722
v 0.172471 0.736785 -2.442161
v 0.132624 0.801485 -2.383964
v 0.130840 0.800285 -2.436929
v 0.069583 0.844585 -2.385352
v 0.068542 0.842785 -2.433405
v -0.004906 0.857685 -2.432017
v -0.004758 0.859785 -2.385779
v -0.625207 -0.361415 2.807578
v -0.624761 -0.351715 3.056920
v -0.298256 -0.352815 3.056920
v -0.200274 -0.368815 2.807151
v -0.200274 -0.352915 3.056813
v -0.962120 0.298385 2.296614
v -0.980110 0.298385 2.296614
v -1.039583 0.287985 1.915714
v -1.049693 0.288085 1.915714
v -0.964796 0.267785 2.297255
v -1.043152 0.257385 1.917316
v -0.982787 0.267785 2.297255
v -1.053262 0.257485 1.917316
v -0.982787 0.267785 2.297255
v -1.053262 0.257485 1.917316
v -0.980110 0.298385 2.296614
v -1.049693 0.288085 1.915714
v -0.964499 0.267285 2.296721
v -0.961823 0.297885 2.296080
v -1.043003 0.256985 1.916782
v -1.039434 0.287585 1.915180
v 0.961674 0.298385 2.296614
v 1.041219 0.287985 1.915714
v 0.979664 0.298385 2.296614
v 1.051329 0.288085 1.915714
v 0.964350 0.267785 2.297255
v 0.982341 0.267785 2.297255
v 1.043300 0.257385 1.917316
v 1.053411 0.257485 1.917316
v 0.982341 0.267785 2.297255
v 0.979664 0.298385 2.296614
v 1.053411 0.257485 1.917316
v 1.051329 0.288085 1.915714
v 0.964053 0.267285 2.296721
v 1.043152 0.256985 1.916782
v 0.961377 0.297885 2.296187
v 1.040921 0.287585 1.915180
v -0.166672 -1.071515 -1.672993
v -0.286361 -1.094915 -1.555637
v -0.335723 -1.132215 -1.381791
v -0.002974 -1.064515 -1.722327
v -0.002230 -1.156915 -1.293694
v 0.169200 -1.073015 -1.668294
v 0.286659 -1.096715 -1.548589
v 0.328884 -1.134215 -1.374744
v 0.284280 -1.160715 -1.215101
v 0.164442 -1.177315 -1.097745
v -0.001784 -1.185215 -1.055458
v -0.168903 -1.177115 -1.097745
v -0.291119 -1.159515 -1.219799
v 0.251718 -1.236315 0.196804
v 0.291268 -1.237415 0.055314
v 0.253800 -1.238415 -0.098669
v 0.149723 -1.239115 -0.204813
v 0.168754 -1.235615 0.278174
v -0.001933 -1.240615 0.277426
v -0.002825 -1.244515 -0.252652
v -0.174255 -1.235615 0.276572
v -0.147790 -1.239215 -0.208977
v -0.253949 -1.238415 -0.104969
v -0.258112 -1.236315 0.192639
v -0.297661 -1.237415 0.049014
v -0.420175 -1.176415 1.916782
v -0.453331 -1.226115 1.809036
v -0.453331 -1.176415 1.916782
v -0.420175 -1.226115 1.809143
v -0.453331 -1.173515 1.701718
v -0.420175 -1.173515 1.701718
v -0.463739 -1.212015 -0.505518
v -0.496895 -1.261615 -0.613157
v -0.496895 -1.212015 -0.505518
v -0.463739 -1.261615 -0.613157
v -0.496895 -1.209015 -0.720582
v -0.463739 -1.209015 -0.720475
v 0.418837 -1.226115 1.809143
v 0.418837 -1.176415 1.916782
v 0.451993 -1.176415 1.916782
v 0.451993 -1.226115 1.809036
v 0.418837 -1.173515 1.701718
v 0.451993 -1.173515 1.701718
v 0.438314 -1.261615 -0.613157
v 0.438314 -1.212015 -0.505518
v 0.471619 -1.212015 -0.505518
v 0.471619 -1.261615 -0.613157
v 0.438314 -1.209015 -0.720475
v 0.471619 -1.209015 -0.720582
v -0.660593 0.048185 2.703463
v -0.675461 -0.095715 2.796900
v -0.637994 -0.005015 2.793696
v -0.445302 0.092885 2.676981
v -0.363824 0.059685 2.791026
v 0.003717 0.117985 2.662992
v 0.004014 0.071685 2.790065
v 0.452885 0.092185 2.675699
v 0.452290 0.046985 2.790279
v 0.646022 -0.006115 2.791881
v 0.668919 0.046785 2.701434
v 0.683788 -0.096815 2.794977
v 0.452885 0.092185 2.675699
v 0.668919 0.046785 2.701434
v 0.674867 0.013585 2.799035
v 0.371258 0.070885 2.805763
v 0.003717 0.117985 2.662992
v 0.004014 0.084085 2.807471
v -0.445302 0.092885 2.676981
v -0.363378 0.071485 2.806831
v -0.660593 0.048185 2.703463
v -0.666838 0.014685 2.800957
v -0.297066 -0.089115 3.080839
v -0.656430 -0.193515 2.991888
v -0.661931 -0.370915 3.046775
v -0.049065 -0.065515 3.100061
v 0.671596 -0.370915 3.044853
v 0.306136 -0.089615 3.080092
v 0.665351 -0.194615 2.989966
v 0.683788 -0.096815 2.794977
v 0.668919 0.046785 2.701434
v 0.671150 -0.371015 2.803200
v 0.671596 -0.370915 3.044853
v -0.675461 -0.095715 2.796900
v -0.660593 0.048185 2.703463
v -0.666838 0.014685 2.800957
v -0.656430 -0.193515 2.991888
v -0.662377 -0.370915 2.805122
v -0.661931 -0.370915 3.046775
v -0.662377 -0.370915 2.805122
v -0.661931 -0.370915 3.046775
v 0.671596 -0.370915 3.044853
v 0.671150 -0.371015 2.803200
v 0.662972 -0.611515 3.114690
v 0.652267 -0.856715 3.085004
v 0.652267 -0.615815 3.134873
v 0.662972 -0.852415 3.064822
v 0.642603 -0.610515 3.109885
v 0.642603 -0.851315 3.060017
v 0.652267 -0.615815 3.134873
v 0.652267 -0.856715 3.085004
v 0.533024 -0.611515 3.114690
v 0.522171 -0.856715 3.085004
v 0.522171 -0.615815 3.134873
v 0.533024 -0.852415 3.064822
v 0.512506 -0.610515 3.109885
v 0.512506 -0.851315 3.060017
v 0.522171 -0.615815 3.134873
v 0.522171 -0.856715 3.085004
v 0.666094 -0.793415 3.032253
v 0.638142 -0.822115 3.106575
v 0.638142 -0.793415 3.032253
v 0.666243 -0.822115 3.106575
v 0.638142 -0.850015 3.108177
v 0.666243 -0.850015 3.108177
v 0.666243 -0.850015 3.108177
v 0.666094 -0.891715 3.037805
v 0.638142 -0.891715 3.037805
v 0.638142 -0.850015 3.108177
v 0.638142 -0.793415 3.032253
v 0.638142 -0.822115 3.106575
v 0.638142 -0.850015 3.108177
v 0.638142 -0.891715 3.037805
v 0.666243 -0.850015 3.108177
v 0.666243 -0.822115 3.106575
v 0.666094 -0.793415 3.032253
v 0.666094 -0.891715 3.037805
v 0.537039 -0.793415 3.032253
v 0.508938 -0.822115 3.106575
v 0.508938 -0.793415 3.032253
v 0.537039 -0.822115 3.106575
v 0.508938 -0.850015 3.108177
v 0.537039 -0.850015 3.108177
v 0.537039 -0.850015 3.108177
v 0.537039 -0.891715 3.037805
v 0.508938 -0.891715 3.037805
v 0.508938 -0.850015 3.108177
v 0.508938 -0.793415 3.032253
v 0.508938 -0.822115 3.106575
v 0.508938 -0.850015 3.108177
v 0.508938 -0.891715 3.037805
v 0.537039 -0.850015 3.108177
v 0.537039 -0.822115 3.106575
v 0.537039 -0.793415 3.032253
v 0.537039 -0.891715 3.037805
v 0.502693 -0.821315 3.072831
v 0.671298 -0.821915 3.072404
v 0.671298 -0.840015 3.087994
v 0.502693 -0.839515 3.088528
v 0.671150 -0.848915 3.065783
v 0.502544 -0.848315 3.066210
v 0.671298 -0.821915 3.072404
v 0.502693 -0.821315 3.072831
v 0.639332 -0.582915 3.132203
v 0.802733 -0.583515 3.131776
v 0.802733 -0.614915 3.135193
v 0.639183 -0.614315 3.135620
v 0.802584 -0.628715 3.099954
v 0.639183 -0.628115 3.100488
v 0.639183 -0.628115 3.100488
v 0.802584 -0.628715 3.099954
v 0.802733 -0.583515 3.131776
v 0.639332 -0.582915 3.132203
v 0.373340 -0.582915 3.132203
v 0.536593 -0.583515 3.131776
v 0.536593 -0.614915 3.135193
v 0.373340 -0.614315 3.135620
v 0.536444 -0.628715 3.099954
v 0.373191 -0.628115 3.100488
v 0.373191 -0.628115 3.100488
v 0.536444 -0.628715 3.099954
v 0.536593 -0.583515 3.131776
v 0.373340 -0.582915 3.132203
v 0.666243 -0.743215 3.113623
v 0.666243 -0.770415 3.106788
v 0.638142 -0.770415 3.106788
v 0.638142 -0.743215 3.113623
v 0.537039 -0.743215 3.113623
v 0.537039 -0.770415 3.106788
v 0.508938 -0.770415 3.106788
v 0.508938 -0.743215 3.113623
v 0.638142 -0.770415 3.106788
v 0.638142 -0.775015 3.020079
v 0.638142 -0.747815 3.026807
v 0.638142 -0.743215 3.113623
v 0.666243 -0.747815 3.026807
v 0.666243 -0.743215 3.113623
v 0.666243 -0.775015 3.020079
v 0.666243 -0.770415 3.106788
v 0.638142 -0.775015 3.020079
v 0.638142 -0.770415 3.106788
v 0.508938 -0.770415 3.106788
v 0.508938 -0.775015 3.020079
v 0.508938 -0.747815 3.026807
v 0.508938 -0.743215 3.113623
v 0.537039 -0.747815 3.026807
v 0.537039 -0.743215 3.113623
v 0.537039 -0.775015 3.020079
v 0.537039 -0.770415 3.106788
v 0.508938 -0.775015 3.020079
v 0.508938 -0.770415 3.106788
v 0.659404 -0.734315 3.032893
v 0.681706 -0.738015 3.157084
v 0.659404 -0.744615 3.033534
v 0.681706 -0.727815 3.156550
v 0.737462 -0.738015 3.157297
v 0.737462 -0.727815 3.156763
v 0.768536 -0.744615 3.033748
v 0.768536 -0.734315 3.033214
v 0.659404 -0.744615 3.033534
v 0.681706 -0.738015 3.157084
v 0.737462 -0.738015 3.157297
v 0.768536 -0.744615 3.033748
v 0.737462 -0.727815 3.156763
v 0.681706 -0.727815 3.156550
v 0.659404 -0.734315 3.032893
v 0.768536 -0.734315 3.033214
v 0.407685 -0.734315 3.032893
v 0.433407 -0.738015 3.157084
v 0.407685 -0.744615 3.033534
v 0.433407 -0.727815 3.156550
v 0.489758 -0.738015 3.157297
v 0.489758 -0.727815 3.156763
v 0.516669 -0.744615 3.033748
v 0.516669 -0.734315 3.033214
v 0.407685 -0.744615 3.033534
v 0.433407 -0.738015 3.157084
v 0.489758 -0.738015 3.157297
v 0.516669 -0.744615 3.033748
v 0.489758 -0.727815 3.156763
v 0.433407 -0.727815 3.156550
v 0.407685 -0.734315 3.032893
v 0.516669 -0.734315 3.033214
v 0.581197 -0.018515 2.539763
v 0.601418 -0.020715 2.561867
v 0.580900 -0.023915 2.583224
v 0.560233 -0.020515 2.561867
v 0.580900 -0.171515 2.569342
v 0.557705 -0.245415 2.644518
v 0.557705 -0.197815 2.525987
v 0.580900 -0.217815 2.674525
v 0.605432 -0.197915 2.526094
v 0.605432 -0.245515 2.644625
v 0.557705 -0.197815 2.525987
v 0.557705 -0.245415 2.644518
v 0.580900 -0.290515 2.727917
v 0.605432 -0.307415 2.687018
v 0.557705 -0.307315 2.686912
v 0.588483 -0.752415 2.715316
v 0.613312 -0.755315 2.673777
v 0.564991 -0.755315 2.673670
v 0.605432 -0.307415 2.687018
v 0.605432 -0.245515 2.644625
v -0.592646 -0.018515 2.539763
v -0.572425 -0.020715 2.561867
v -0.592943 -0.023915 2.583224
v -0.613461 -0.020515 2.561867
v -0.592943 -0.171515 2.569342
v -0.616137 -0.245415 2.644518
v -0.616137 -0.197815 2.525987
v -0.592943 -0.217815 2.674525
v -0.568411 -0.197915 2.526094
v -0.568411 -0.245515 2.644625
v -0.616137 -0.197815 2.525987
v -0.616137 -0.245415 2.644518
v -0.592943 -0.290515 2.727917
v -0.568411 -0.307415 2.687018
v -0.616137 -0.307315 2.686912
v -0.600526 -0.752415 2.715316
v -0.575696 -0.755315 2.673777
v -0.624018 -0.755315 2.673670
v -0.568411 -0.307415 2.687018
v -0.568411 -0.245515 2.644625
v -0.512506 -0.611515 3.114797
v -0.523211 -0.856715 3.085004
v -0.523211 -0.615815 3.134873
v -0.512506 -0.852415 3.064929
v -0.532876 -0.610515 3.109885
v -0.532876 -0.851315 3.060017
v -0.523211 -0.615815 3.134873
v -0.523211 -0.856715 3.085004
v -0.642454 -0.611515 3.114797
v -0.653308 -0.856715 3.085004
v -0.653308 -0.615815 3.134873
v -0.642454 -0.852415 3.064929
v -0.662972 -0.610515 3.109885
v -0.662972 -0.851315 3.060017
v -0.653308 -0.615815 3.134873
v -0.653308 -0.856715 3.085004
v -0.509235 -0.793415 3.032359
v -0.537336 -0.822115 3.106682
v -0.537336 -0.793415 3.032359
v -0.509235 -0.822115 3.106682
v -0.537336 -0.850015 3.108283
v -0.509235 -0.850015 3.108283
v -0.509235 -0.850015 3.108283
v -0.509235 -0.891715 3.037805
v -0.537336 -0.891715 3.037805
v -0.537336 -0.850015 3.108283
v -0.537336 -0.793415 3.032359
v -0.537336 -0.822115 3.106682
v -0.537336 -0.850015 3.108283
v -0.537336 -0.891715 3.037805
v -0.509235 -0.850015 3.108283
v -0.509235 -0.822115 3.106682
v -0.509235 -0.793415 3.032359
v -0.509235 -0.891715 3.037805
v -0.638440 -0.793415 3.032359
v -0.666392 -0.822115 3.106682
v -0.666392 -0.793415 3.032359
v -0.638440 -0.822115 3.106682
v -0.666392 -0.850015 3.108283
v -0.638440 -0.850015 3.108283
v -0.638440 -0.850015 3.108283
v -0.638440 -0.891715 3.037805
v -0.666392 -0.891715 3.037805
v -0.666392 -0.850015 3.108283
v -0.666392 -0.793415 3.032359
v -0.666392 -0.822115 3.106682
v -0.666392 -0.850015 3.108283
v -0.666392 -0.891715 3.037805
v -0.638440 -0.850015 3.108283
v -0.638440 -0.822115 3.106682
v -0.638440 -0.793415 3.032359
v -0.638440 -0.891715 3.037805
v -0.672785 -0.821315 3.072938
v -0.504031 -0.821915 3.072404
v -0.504180 -0.840015 3.088101
v -0.672785 -0.839515 3.088528
v -0.504180 -0.848915 3.065783
v -0.672785 -0.848315 3.066210
v -0.504031 -0.821915 3.072404
v -0.672785 -0.821315 3.072938
v -0.536147 -0.582915 3.132310
v -0.372745 -0.583515 3.131883
v -0.372745 -0.614915 3.135300
v -0.536147 -0.614315 3.135727
v -0.372894 -0.628715 3.100061
v -0.536295 -0.628115 3.100488
v -0.536295 -0.628115 3.100488
v -0.372894 -0.628715 3.100061
v -0.372745 -0.583515 3.131883
v -0.536147 -0.582915 3.132310
v -0.802138 -0.582915 3.132310
v -0.638886 -0.583515 3.131883
v -0.638886 -0.614915 3.135300
v -0.802138 -0.614315 3.135727
v -0.639034 -0.628715 3.100061
v -0.802287 -0.628115 3.100488
v -0.802287 -0.628115 3.100488
v -0.639034 -0.628715 3.100061
v -0.638886 -0.583515 3.131883
v -0.802138 -0.582915 3.132310
v -0.509235 -0.743215 3.113623
v -0.509235 -0.770415 3.106895
v -0.537336 -0.770415 3.106895
v -0.537336 -0.743215 3.113623
v -0.638440 -0.743215 3.113623
v -0.638440 -0.770415 3.106895
v -0.666392 -0.770415 3.106895
v -0.666392 -0.743215 3.113623
v -0.537336 -0.770415 3.106895
v -0.537336 -0.775015 3.020186
v -0.537336 -0.747815 3.026913
v -0.537336 -0.743215 3.113623
v -0.509235 -0.747815 3.026913
v -0.509235 -0.743215 3.113623
v -0.509235 -0.775015 3.020186
v -0.509235 -0.770415 3.106895
v -0.537336 -0.775015 3.020186
v -0.537336 -0.770415 3.106895
v -0.666392 -0.770415 3.106895
v -0.666392 -0.775015 3.020186
v -0.666392 -0.747815 3.026913
v -0.666392 -0.743215 3.113623
v -0.638440 -0.747815 3.026913
v -0.638440 -0.743215 3.113623
v -0.638440 -0.775015 3.020186
v -0.638440 -0.770415 3.106895
v -0.666392 -0.775015 3.020186
v -0.666392 -0.770415 3.106895
v -0.516075 -0.734315 3.033000
v -0.493772 -0.738015 3.157190
v -0.516075 -0.744615 3.033534
v -0.493772 -0.727815 3.156657
v -0.438017 -0.738015 3.157404
v -0.438017 -0.727815 3.156763
v -0.406942 -0.744615 3.033854
v -0.406942 -0.734315 3.033321
v -0.516075 -0.744615 3.033534
v -0.493772 -0.738015 3.157190
v -0.438017 -0.738015 3.157404
v -0.406942 -0.744615 3.033854
v -0.438017 -0.727815 3.156763
v -0.493772 -0.727815 3.156657
v -0.516075 -0.734315 3.033000
v -0.406942 -0.734315 3.033321
v -0.767644 -0.734315 3.033000
v -0.742071 -0.738015 3.157190
v -0.767644 -0.744615 3.033534
v -0.742071 -0.727815 3.156657
v -0.685720 -0.738015 3.157404
v -0.685720 -0.727815 3.156763
v -0.658809 -0.744615 3.033854
v -0.658809 -0.734315 3.033321
v -0.767644 -0.744615 3.033534
v -0.742071 -0.738015 3.157190
v -0.685720 -0.738015 3.157404
v -0.658809 -0.744615 3.033854
v -0.685720 -0.727815 3.156763
v -0.742071 -0.727815 3.156657
v -0.767644 -0.734315 3.033000
v -0.658809 -0.734315 3.033321
v 1.373968 -0.636515 0.041219
v 1.359398 -0.637215 0.021570
v 1.417830 -0.262815 0.023599
v 1.399839 -0.263515 0.003951
v 1.359398 -0.637215 0.021570
v 1.416789 -0.264215 -0.013882
v 1.399839 -0.263515 0.003951
v 1.373968 -0.638015 0.002136
v 1.431508 -0.263715 0.003844
v 1.416789 -0.264215 -0.013882
v 1.388539 -0.637215 0.021677
v 1.417830 -0.262815 0.023599
v 1.373968 -0.636515 0.041219
v -1.373968 -0.636515 0.041219
v -1.417830 -0.262815 0.023599
v -1.359398 -0.637215 0.021570
v -1.399839 -0.263515 0.003951
v -1.359398 -0.637215 0.021570
v -1.399839 -0.263515 0.003951
v -1.416789 -0.264215 -0.013882
v -1.373968 -0.638015 0.002136
v -1.416789 -0.264215 -0.013882
v -1.431508 -0.263715 0.003844
v -1.388539 -0.637215 0.021677
v -1.417830 -0.262815 0.023599
v -1.373968 -0.636515 0.041219
v 1.396271 -0.593715 0.048694
v 1.355235 -0.593615 0.050936
v 1.396271 -0.596015 -0.009931
v 1.355086 -0.595915 -0.007688
v 1.406530 -0.635815 0.059799
v 1.345422 -0.635715 0.063110
v 1.396271 -0.593715 0.048694
v 1.355235 -0.593615 0.050936
v 1.345422 -0.635715 0.063110
v 1.355086 -0.595915 -0.007688
v 1.355235 -0.593615 0.050936
v 1.345273 -0.638715 -0.013882
v 1.345273 -0.638715 -0.013882
v 1.406381 -0.638815 -0.017192
v 1.355086 -0.595915 -0.007688
v 1.396271 -0.596015 -0.009931
v 1.406381 -0.638815 -0.017192
v 1.396271 -0.593715 0.048694
v 1.396271 -0.596015 -0.009931
v 1.406530 -0.635815 0.059799
v -1.354045 -0.593715 0.048694
v -1.395230 -0.593615 0.050936
v -1.354194 -0.596015 -0.009931
v -1.395379 -0.595915 -0.007688
v -1.343935 -0.635815 0.059799
v -1.404894 -0.635715 0.063110
v -1.354045 -0.593715 0.048694
v -1.395230 -0.593615 0.050936
v -1.404894 -0.635715 0.063110
v -1.395379 -0.595915 -0.007688
v -1.395230 -0.593615 0.050936
v -1.405192 -0.638715 -0.013882
v -1.405192 -0.638715 -0.013882
v -1.344083 -0.638815 -0.017192
v -1.395379 -0.595915 -0.007688
v -1.354194 -0.596015 -0.009931
v -1.344083 -0.638815 -0.017192
v -1.354045 -0.593715 0.048694
v -1.354194 -0.596015 -0.009931
v -1.343935 -0.635815 0.059799
v 1.400136 -0.651715 0.333168
v 1.375604 -0.777515 0.363708
v 1.375604 -0.654815 0.360504
v 1.400136 -0.782015 0.336585
v 1.419614 -0.629615 0.021784
v 1.419614 -0.820415 0.026803
v 1.400136 -0.668415 -0.287998
v 1.400136 -0.797915 -0.284687
v 1.375455 -0.673015 -0.315228
v 1.375455 -0.794715 -0.312024
v 1.419614 -0.629615 0.021784
v 1.331446 -0.629615 0.021784
v 1.350923 -0.668415 -0.287998
v 1.400136 -0.668415 -0.287998
v 1.375455 -0.673015 -0.315228
v 1.400136 -0.651715 0.333168
v 1.331446 -0.629615 0.021784
v 1.419614 -0.629615 0.021784
v 1.350923 -0.651715 0.333168
v 1.375604 -0.654815 0.360504
v 1.419614 -0.820415 0.026803
v 1.331446 -0.820415 0.026803
v 1.350923 -0.782015 0.336585
v 1.400136 -0.782015 0.336585
v 1.375604 -0.777515 0.363708
v 1.400136 -0.797915 -0.284687
v 1.331446 -0.820415 0.026803
v 1.419614 -0.820415 0.026803
v 1.350923 -0.797915 -0.284687
v 1.375455 -0.794715 -0.312024
v 1.350923 -0.782015 0.336585
v 1.375604 -0.654815 0.360504
v 1.375604 -0.777515 0.363708
v 1.350923 -0.651715 0.333168
v 1.331446 -0.820415 0.026803
v 1.331446 -0.629615 0.021784
v 1.350923 -0.797915 -0.284687
v 1.350923 -0.668415 -0.287998
v 1.375455 -0.794715 -0.312024
v 1.375455 -0.673015 -0.315228
v 1.320443 -0.678815 0.284154
v 1.374563 -0.678815 0.284154
v 1.374563 -0.676515 0.355592
v 1.320443 -0.676515 0.355592
v 1.276285 -0.705215 0.284794
v 1.276285 -0.702915 0.356233
v 1.225881 -0.936015 0.289493
v 1.225881 -0.933815 0.360932
v 1.086121 -1.062915 0.292590
v 1.086121 -1.060715 0.364028
v 0.893280 -1.134515 0.365737
v 0.893280 -1.136815 0.294298
v 0.556665 -1.193515 0.295366
v 0.556665 -1.191215 0.366698
v 1.374563 -0.676515 0.355592
v 1.375009 -0.754515 0.357621
v 1.333527 -0.753915 0.357515
v 1.320443 -0.676515 0.355592
v 1.276285 -0.702915 0.356233
v 1.282083 -0.967415 0.361786
v 1.225881 -0.933815 0.360932
v 1.123291 -1.124415 0.365737
v 1.086121 -1.060715 0.364028
v 0.915136 -1.198015 0.367445
v 0.893280 -1.134515 0.365737
v 0.556665 -1.216815 0.367445
v 0.556665 -1.191215 0.366698
v 1.320443 -0.678815 0.284154
v 1.375009 -0.756715 0.286182
v 1.374563 -0.678815 0.284154
v 1.333527 -0.756215 0.286182
v 1.276285 -0.705215 0.284794
v 1.225881 -0.936015 0.289493
v 1.282083 -0.969715 0.290347
v 1.086121 -1.062915 0.292590
v 1.123291 -1.126615 0.294298
v 0.893280 -1.136815 0.294298
v 0.915136 -1.200315 0.296007
v 0.556665 -1.193515 0.295366
v 0.556665 -1.219015 0.296007
v 0.556665 -1.191215 0.366698
v 0.556665 -1.216815 0.367445
v 0.556665 -1.219015 0.296007
v 0.556665 -1.193515 0.295366
v 1.333527 -0.753915 0.357515
v 1.375009 -0.754515 0.357621
v 1.375009 -0.756715 0.286182
v 1.333527 -0.756215 0.286182
v 1.282083 -0.969715 0.290347
v 1.282083 -0.967415 0.361786
v 1.123291 -1.126615 0.294298
v 1.123291 -1.124415 0.365737
v 0.915136 -1.200315 0.296007
v 0.915136 -1.198015 0.367445
v 0.556665 -1.219015 0.296007
v 0.556665 -1.216815 0.367445
v -1.400136 -0.651715 0.333168
v -1.375604 -0.654815 0.360504
v -1.375604 -0.777515 0.363708
v -1.400136 -0.782015 0.336585
v -1.419614 -0.629615 0.021784
v -1.419614 -0.820415 0.026803
v -1.400136 -0.668415 -0.287998
v -1.400136 -0.797915 -0.284687
v -1.375455 -0.673015 -0.315228
v -1.375455 -0.794715 -0.312024
v -1.419614 -0.629615 0.021784
v -1.350923 -0.668415 -0.287998
v -1.331446 -0.629615 0.021784
v -1.400136 -0.668415 -0.287998
v -1.375455 -0.673015 -0.315228
v -1.400136 -0.651715 0.333168
v -1.419614 -0.629615 0.021784
v -1.331446 -0.629615 0.021784
v -1.350923 -0.651715 0.333168
v -1.375604 -0.654815 0.360504
v -1.419614 -0.820415 0.026803
v -1.350923 -0.782015 0.336585
v -1.331446 -0.820415 0.026803
v -1.400136 -0.782015 0.336585
v -1.375604 -0.777515 0.363708
v -1.400136 -0.797915 -0.284687
v -1.419614 -0.820415 0.026803
v -1.331446 -0.820415 0.026803
v -1.350923 -0.797915 -0.284687
v -1.375455 -0.794715 -0.312024
v -1.350923 -0.782015 0.336585
v -1.375604 -0.777515 0.363708
v -1.375604 -0.654815 0.360504
v -1.350923 -0.651715 0.333168
v -1.331446 -0.820415 0.026803
v -1.331446 -0.629615 0.021784
v -1.350923 -0.797915 -0.284687
v -1.350923 -0.668415 -0.287998
v -1.375455 -0.794715 -0.312024
v -1.375455 -0.673015 -0.315228
v -1.320443 -0.678815 0.284154
v -1.374563 -0.676515 0.355592
v -1.374563 -0.678815 0.284154
v -1.320443 -0.676515 0.355592
v -1.276285 -0.705215 0.284794
v -1.276285 -0.702915 0.356233
v -1.225881 -0.936015 0.289493
v -1.225881 -0.933815 0.360932
v -1.086121 -1.062915 0.292590
v -1.086121 -1.060715 0.364028
v -0.893280 -1.134515 0.365737
v -0.893280 -1.136815 0.294298
v -0.556665 -1.193515 0.295366
v -0.556665 -1.191215 0.366698
v -1.374563 -0.676515 0.355592
v -1.333527 -0.753915 0.357515
v -1.375009 -0.754515 0.357621
v -1.320443 -0.676515 0.355592
v -1.276285 -0.702915 0.356233
v -1.282083 -0.967415 0.361786
v -1.225881 -0.933815 0.360932
v -1.123291 -1.124415 0.365737
v -1.086121 -1.060715 0.364028
v -0.915136 -1.198015 0.367445
v -0.893280 -1.134515 0.365737
v -0.556665 -1.216815 0.367445
v -0.556665 -1.191215 0.366698
v -1.320443 -0.678815 0.284154
v -1.374563 -0.678815 0.284154
v -1.375009 -0.756715 0.286182
v -1.333527 -0.756215 0.286182
v -1.276285 -0.705215 0.284794
v -1.225881 -0.936015 0.289493
v -1.282083 -0.969715 0.290347
v -1.086121 -1.062915 0.292590
v -1.123291 -1.126615 0.294298
v -0.893280 -1.136815 0.294298
v -0.915136 -1.200315 0.296007
v -0.556665 -1.193515 0.295366
v -0.556665 -1.219015 0.296007
v -0.556665 -1.191215 0.366698
v -0.556665 -1.193515 0.295366
v -0.556665 -1.219015 0.296007
v -0.556665 -1.216815 0.367445
v -1.333527 -0.753915 0.357515
v -1.375009 -0.756715 0.286182
v -1.375009 -0.754515 0.357621
v -1.333527 -0.756215 0.286182
v -1.282083 -0.969715 0.290347
v -1.282083 -0.967415 0.361786
v -1.123291 -1.126615 0.294298
v -1.123291 -1.124415 0.365737
v -0.915136 -1.200315 0.296007
v -0.915136 -1.198015 0.367445
v -0.556665 -1.219015 0.296007
v -0.556665 -1.216815 0.367445
v 1.320443 -0.694315 -0.307753
v 1.374563 -0.694315 -0.307753
v 1.374563 -0.692015 -0.236421
v 1.320443 -0.692015 -0.236421
v 1.276285 -0.720715 -0.307112
v 1.276285 -0.718415 -0.235673
v 1.225881 -0.951515 -0.302414
v 1.225881 -0.949315 -0.231082
v 1.086121 -1.078415 -0.299317
v 1.086121 -1.076215 -0.227878
v 0.893280 -1.150015 -0.226170
v 0.893280 -1.152315 -0.297608
v 0.556665 -1.209015 -0.296541
v 0.556665 -1.206715 -0.225209
v 1.374563 -0.692015 -0.236421
v 1.375009 -0.770015 -0.234392
v 1.333527 -0.769415 -0.234392
v 1.320443 -0.692015 -0.236421
v 1.276285 -0.718415 -0.235673
v 1.282083 -0.982915 -0.230121
v 1.225881 -0.949315 -0.231082
v 1.123291 -1.139915 -0.226276
v 1.086121 -1.076215 -0.227878
v 0.915136 -1.213515 -0.224568
v 0.893280 -1.150015 -0.226170
v 0.556665 -1.232315 -0.224568
v 0.556665 -1.206715 -0.225209
v 1.320443 -0.694315 -0.307753
v 1.375009 -0.772215 -0.305724
v 1.374563 -0.694315 -0.307753
v 1.333527 -0.771715 -0.305724
v 1.276285 -0.720715 -0.307112
v 1.225881 -0.951515 -0.302414
v 1.282083 -0.985215 -0.301559
v 1.086121 -1.078415 -0.299317
v 1.123291 -1.142115 -0.297608
v 0.893280 -1.152315 -0.297608
v 0.915136 -1.215815 -0.295900
v 0.556665 -1.209015 -0.296541
v 0.556665 -1.234515 -0.295900
v 0.556665 -1.206715 -0.225209
v 0.556665 -1.232315 -0.224568
v 0.556665 -1.234515 -0.295900
v 0.556665 -1.209015 -0.296541
v 1.333527 -0.769415 -0.234392
v 1.375009 -0.770015 -0.234392
v 1.375009 -0.772215 -0.305724
v 1.333527 -0.771715 -0.305724
v 1.282083 -0.985215 -0.301559
v 1.282083 -0.982915 -0.230121
v 1.123291 -1.142115 -0.297608
v 1.123291 -1.139915 -0.226276
v 0.915136 -1.215815 -0.295900
v 0.915136 -1.213515 -0.224568
v 0.556665 -1.234515 -0.295900
v 0.556665 -1.232315 -0.224568
v -1.320443 -0.694315 -0.307753
v -1.374563 -0.692015 -0.236421
v -1.374563 -0.694315 -0.307753
v -1.320443 -0.692015 -0.236421
v -1.276285 -0.720715 -0.307112
v -1.276285 -0.718415 -0.235673
v -1.225881 -0.951515 -0.302414
v -1.225881 -0.949315 -0.231082
v -1.086121 -1.078415 -0.299317
v -1.086121 -1.076215 -0.227878
v -0.893280 -1.150015 -0.226170
v -0.893280 -1.152315 -0.297608
v -0.556665 -1.209015 -0.296541
v -0.556665 -1.206715 -0.225209
v -1.374563 -0.692015 -0.236421
v -1.333527 -0.769415 -0.234392
v -1.375009 -0.770015 -0.234392
v -1.320443 -0.692015 -0.236421
v -1.276285 -0.718415 -0.235673
v -1.282083 -0.982915 -0.230121
v -1.225881 -0.949315 -0.231082
v -1.123291 -1.139915 -0.226276
v -1.086121 -1.076215 -0.227878
v -0.915136 -1.213515 -0.224568
v -0.893280 -1.150015 -0.226170
v -0.556665 -1.232315 -0.224568
v -0.556665 -1.206715 -0.225209
v -1.320443 -0.694315 -0.307753
v -1.374563 -0.694315 -0.307753
v -1.375009 -0.772215 -0.305724
v -1.333527 -0.771715 -0.305724
v -1.276285 -0.720715 -0.307112
v -1.225881 -0.951515 -0.302414
v -1.282083 -0.985215 -0.301559
v -1.086121 -1.078415 -0.299317
v -1.123291 -1.142115 -0.297608
v -0.893280 -1.152315 -0.297608
v -0.915136 -1.215815 -0.295900
v -0.556665 -1.209015 -0.296541
v -0.556665 -1.234515 -0.295900
v -0.556665 -1.206715 -0.225209
v -0.556665 -1.209015 -0.296541
v -0.556665 -1.234515 -0.295900
v -0.556665 -1.232315 -0.224568
v -1.333527 -0.769415 -0.234392
v -1.375009 -0.772215 -0.305724
v -1.375009 -0.770015 -0.234392
v -1.333527 -0.771715 -0.305724
v -1.282083 -0.985215 -0.301559
v -1.282083 -0.982915 -0.230121
v -1.123291 -1.142115 -0.297608
v -1.123291 -1.139915 -0.226276
v -0.915136 -1.215815 -0.295900
v -0.915136 -1.213515 -0.224568
v -0.556665 -1.234515 -0.295900
v -0.556665 -1.232315 -0.224568
v 0.998250 -0.446915 1.754042
v 0.998250 -0.421015 1.778069
v 0.998250 -0.396915 1.752227
v 0.998250 -0.411115 1.713784
v 0.998250 -0.433915 1.578702
v 0.998250 -0.425215 1.578488
v 0.998250 -0.416815 1.420554
v 0.998250 -0.403615 1.370579
v 0.998250 -0.468715 1.373035
v 0.998250 -0.437315 1.339291
v -0.985166 -0.446915 1.754042
v -0.985166 -0.396915 1.752227
v -0.985166 -0.421015 1.778069
v -0.985166 -0.411115 1.713784
v -0.985166 -0.425215 1.578488
v -0.985166 -0.433915 1.578702
v -0.985166 -0.403615 1.370579
v -0.985166 -0.416815 1.420554
v -0.985166 -0.468715 1.373035
v -0.985166 -0.437315 1.339291
v 0.998250 -0.446915 1.754042
v -0.985166 -0.421015 1.778069
v 0.998250 -0.421015 1.778069
v -0.985166 -0.446915 1.754042
v 0.998250 -0.411115 1.713784
v -0.985166 -0.411115 1.713784
v 0.998250 -0.421015 1.778069
v -0.985166 -0.421015 1.778069
v -0.985166 -0.396915 1.752227
v 0.998250 -0.396915 1.752227
v 0.998250 -0.425215 1.578488
v -0.985166 -0.425215 1.578488
v 0.998250 -0.403615 1.370579
v -0.985166 -0.403615 1.370579
v -0.985166 -0.437315 1.339291
v 0.998250 -0.437315 1.339291
v -0.985166 -0.468715 1.373035
v 0.998250 -0.468715 1.373035
v -0.985166 -0.416815 1.420554
v 0.998250 -0.416815 1.420554
v -0.985166 -0.416815 1.420554
v 0.998250 -0.433915 1.578702
v 0.998250 -0.416815 1.420554
v -0.985166 -0.433915 1.578702
v 0.998250 -0.411115 1.713784
v -0.985166 -0.411115 1.713784
v 0.969405 -0.442815 1.753081
v 0.976096 -0.436715 1.374957
v 0.969405 -0.456815 1.375705
v 0.976096 -0.422715 1.752334
v 0.956024 -0.436515 1.374957
v 0.956024 -0.422515 1.752334
v 0.969405 -0.456815 1.375705
v 0.969405 -0.442815 1.753081
v 0.649591 -0.442215 1.385849
v 0.670109 -0.442715 1.371326
v 0.670109 -0.810615 1.386597
v 0.649591 -0.810015 1.401226
v 0.670109 -0.442715 1.371326
v 0.649591 -0.811115 1.372074
v 0.670109 -0.810615 1.386597
v 0.649591 -0.443315 1.356697
v 0.649591 -0.810015 1.401226
v 0.649591 -0.442215 1.385849
v 0.322788 -0.442215 1.385849
v 0.343158 -0.442715 1.371326
v 0.343158 -0.810615 1.386597
v 0.322788 -0.810015 1.401226
v 0.343158 -0.442715 1.371326
v 0.322788 -0.811115 1.372074
v 0.343158 -0.810615 1.386597
v 0.322788 -0.443315 1.356697
v 0.322788 -0.810015 1.401226
v 0.322788 -0.442215 1.385849
v 0.980705 -0.441615 1.385849
v 0.665351 -0.823315 1.387131
v 0.650780 -0.808315 1.401119
v 0.994235 -0.456615 1.371754
v 0.650780 -0.809315 1.371967
v 0.980705 -0.442715 1.356697
v 0.650780 -0.808315 1.401119
v 0.980705 -0.441615 1.385849
v -0.000595 -0.442715 1.356697
v 0.309258 -0.823315 1.387131
v 0.323829 -0.809315 1.371967
v -0.015017 -0.456615 1.371754
v 0.323829 -0.808315 1.401119
v -0.000595 -0.441615 1.385849
v 0.323829 -0.809315 1.371967
v -0.000595 -0.442715 1.356697
v -0.957957 -0.442815 1.753081
v -0.957957 -0.456815 1.375705
v -0.964648 -0.436715 1.374957
v -0.964648 -0.422715 1.752334
v -0.944575 -0.436515 1.374850
v -0.944575 -0.422515 1.752334
v -0.957957 -0.456815 1.375705
v -0.957957 -0.442815 1.753081
v -0.637696 -0.442215 1.385849
v -0.637696 -0.810015 1.401226
v -0.658214 -0.810615 1.386597
v -0.658214 -0.442715 1.371326
v -0.658214 -0.442715 1.371326
v -0.658214 -0.810615 1.386597
v -0.637696 -0.811115 1.372074
v -0.637696 -0.443315 1.356697
v -0.637696 -0.810015 1.401226
v -0.637696 -0.442215 1.385849
v -0.308961 -0.442215 1.385849
v -0.308961 -0.810015 1.401226
v -0.329479 -0.810615 1.386597
v -0.329479 -0.442715 1.371326
v -0.329479 -0.442715 1.371326
v -0.329479 -0.810615 1.386597
v -0.308961 -0.811115 1.372074
v -0.308961 -0.443315 1.356697
v -0.308961 -0.810015 1.401226
v -0.308961 -0.442215 1.385849
v 0.014422 -0.442715 1.356697
v -0.310002 -0.809315 1.371967
v -0.295431 -0.823315 1.387131
v 0.028844 -0.456615 1.371754
v -0.310002 -0.808315 1.401119
v 0.014422 -0.441615 1.385849
v -0.310002 -0.809315 1.371967
v 0.014422 -0.442715 1.356697
v -0.695831 -0.816515 1.418419
v 0.695831 -0.816515 1.418419
v 0.695831 -0.523115 1.407526
v -0.695831 -0.523115 1.407526
v -0.695831 -0.523115 1.407526
v -0.695831 -0.519315 1.509079
v -0.695831 -0.812715 1.519971
v -0.695831 -0.816515 1.418419
v 0.695831 -0.523115 1.407526
v 0.695831 -0.519315 1.509079
v -0.695831 -0.519315 1.509079
v -0.695831 -0.523115 1.407526
v 0.695831 -0.816515 1.418419
v 0.695831 -0.812715 1.519971
v 0.695831 -0.519315 1.509079
v 0.695831 -0.523115 1.407526
v -0.695831 -0.519315 1.509079
v 0.695831 -0.519315 1.509079
v 0.695831 -0.812715 1.519971
v -0.695831 -0.812715 1.519971
v -0.695831 -0.810915 1.567169
v 0.695682 -0.810915 1.567169
v 0.695831 -0.517615 1.556277
v -0.695831 -0.517615 1.556277
v -0.695831 -0.517615 1.556277
v -0.695831 -0.513815 1.657829
v -0.695831 -0.807115 1.668721
v -0.695831 -0.810915 1.567169
v 0.695831 -0.517615 1.556277
v 0.695831 -0.513815 1.657829
v -0.695831 -0.513815 1.657829
v -0.695831 -0.517615 1.556277
v 0.695682 -0.810915 1.567169
v 0.695682 -0.807115 1.668721
v 0.695831 -0.513815 1.657829
v 0.695831 -0.517615 1.556277
v -0.695831 -0.513815 1.657829
v 0.695831 -0.513815 1.657829
v 0.695682 -0.807115 1.668721
v -0.695831 -0.807115 1.668721
v -0.695831 -0.806115 1.697660
v 0.695682 -0.806115 1.697660
v 0.695831 -0.512715 1.686768
v -0.695831 -0.512715 1.686768
v -0.695831 -0.512715 1.686768
v -0.695831 -0.509015 1.788320
v -0.695831 -0.802315 1.799212
v -0.695831 -0.806115 1.697660
v 0.695831 -0.512715 1.686768
v 0.695831 -0.509015 1.788320
v -0.695831 -0.509015 1.788320
v -0.695831 -0.512715 1.686768
v 0.695682 -0.806115 1.697660
v 0.695831 -0.802315 1.799212
v 0.695831 -0.509015 1.788320
v 0.695831 -0.512715 1.686768
v -0.695831 -0.509015 1.788320
v 0.695831 -0.509015 1.788320
v 0.695831 -0.802315 1.799212
v -0.695831 -0.802315 1.799212
v -0.714713 -0.819715 1.397489
v 0.714713 -0.819715 1.397489
v 0.714713 -0.789715 1.396421
v -0.714713 -0.789715 1.396421
v -0.714713 -0.789715 1.396421
v -0.714713 -0.769515 1.830714
v -0.714713 -0.799615 1.832102
v -0.714713 -0.819715 1.397489
v 0.714713 -0.789715 1.396421
v 0.714713 -0.769515 1.830714
v -0.714713 -0.769515 1.830714
v -0.714713 -0.789715 1.396421
v 0.714713 -0.819715 1.397489
v 0.714713 -0.799615 1.832102
v 0.714713 -0.769515 1.830714
v 0.714713 -0.789715 1.396421
v -1.079281 -0.912915 0.315655
v -1.060399 0.506385 0.289279
v -1.060399 -0.912115 0.334556
v -1.079281 0.505585 0.270378
v -1.060399 -0.913715 0.296754
v -1.060399 0.504785 0.251477
v -1.060399 -0.912115 0.334556
v -1.060399 0.506385 0.289279
v -1.041516 0.505585 0.270378
v -1.041516 -0.912915 0.315655
v -1.060399 0.504785 0.251477
v -1.060399 -0.913715 0.296754
v 1.074969 -0.912915 0.315655
v 1.056087 -0.912115 0.334556
v 1.056087 0.506385 0.289279
v 1.074969 0.505585 0.270378
v 1.056087 -0.913715 0.296754
v 1.056087 0.504785 0.251477
v 1.056087 -0.912115 0.334556
v 1.037056 0.505585 0.270378
v 1.056087 0.506385 0.289279
v 1.037056 -0.912915 0.315655
v 1.056087 0.504785 0.251477
v 1.056087 -0.913715 0.296754
v -0.963904 -0.441615 1.357658
v -0.655687 -0.823315 1.385315
v -0.640075 -0.808315 1.372608
v -0.978772 -0.456615 1.370472
v -0.642603 -0.809315 1.401653
v -0.966580 -0.442715 1.386703
v -0.640075 -0.808315 1.372608
v -0.963904 -0.441615 1.357658
v -1.099799 -0.500715 0.736706
v -1.099799 -0.435715 0.733396
v -1.099799 -0.466615 0.767567
v -1.099799 -0.453215 0.684916
v -1.099799 -0.475415 0.528263
v -1.099799 -0.480115 0.528797
v -1.099799 -0.500715 0.736706
v 1.101881 -0.500715 0.736706
v 1.101881 -0.453215 0.684916
v -1.099799 -0.453215 0.684916
v -1.099799 -0.466615 0.767567
v 1.101881 -0.500715 0.736706
v -1.099799 -0.500715 0.736706
v 1.101881 -0.466615 0.767567
v -1.099799 -0.435715 0.733396
v 1.101881 -0.435715 0.733396
v 1.101881 -0.475415 0.528263
v -1.099799 -0.475415 0.528263
v 0.373043 -0.450415 0.367232
v 1.101881 -0.450415 0.367232
v -0.372745 -0.450415 0.367232
v -1.100840 -0.450415 0.367232
v 1.101881 -0.453215 0.684916
v -1.099799 -0.480115 0.528797
v -1.099799 -0.453215 0.684916
v 1.101881 -0.480115 0.528797
v -1.099799 -0.451615 0.363281
v 1.101881 -0.451615 0.363281
v -1.067684 -0.508115 0.355913
v -1.075118 -0.469115 0.732008
v -1.067684 -0.489215 0.733076
v -1.075118 -0.488015 0.354845
v -1.052964 -0.468915 0.732008
v -1.052964 -0.487815 0.354845
v -1.067684 -0.489215 0.733076
v -1.067684 -0.508115 0.355913
v -0.745045 -0.475515 0.721650
v -0.766603 -0.842215 0.746530
v -0.745045 -0.843015 0.731901
v -0.766603 -0.474815 0.736172
v -0.745045 -0.841515 0.761053
v -0.745045 -0.474115 0.750802
v -0.745045 -0.843015 0.731901
v -0.745045 -0.475515 0.721650
v -0.379733 -0.475515 0.721650
v -0.402482 -0.842215 0.746530
v -0.379733 -0.843015 0.731901
v -0.402482 -0.474815 0.736172
v -0.379733 -0.841515 0.761053
v -0.379733 -0.474115 0.750802
v -0.379733 -0.843015 0.731901
v -0.379733 -0.475515 0.721650
v -1.080173 -0.474915 0.721650
v -0.761994 -0.854915 0.747171
v -0.746680 -0.841215 0.731794
v -1.095339 -0.488615 0.736920
v -0.746680 -0.839715 0.760946
v -1.080173 -0.473415 0.750695
v -0.746680 -0.841215 0.731794
v -1.080173 -0.474915 0.721650
v -0.020964 -0.473415 0.750695
v -0.364865 -0.854915 0.747171
v -0.380923 -0.839715 0.760946
v -0.004758 -0.488615 0.736920
v -0.380923 -0.841215 0.731794
v -0.020964 -0.474915 0.721650
v -0.380923 -0.839715 0.760946
v -0.020964 -0.473415 0.750695
v 1.071550 -0.508115 0.355913
v 1.071550 -0.489215 0.733076
v 1.078984 -0.469115 0.732008
v 1.078984 -0.488015 0.354845
v 1.056830 -0.468915 0.732008
v 1.056830 -0.487815 0.354845
v 1.071550 -0.489215 0.733076
v 1.071550 -0.508115 0.355913
v 0.761399 -0.475515 0.721650
v 0.761399 -0.843015 0.731901
v 0.782958 -0.842215 0.746530
v 0.782958 -0.474815 0.736172
v 0.761399 -0.841515 0.761053
v 0.761399 -0.474115 0.750802
v 0.761399 -0.843015 0.731901
v 0.761399 -0.475515 0.721650
v 0.377354 -0.475515 0.721650
v 0.377354 -0.843015 0.731901
v 0.400103 -0.842215 0.746530
v 0.400103 -0.474815 0.736172
v 0.377354 -0.841515 0.761053
v 0.377354 -0.474115 0.750802
v 0.377354 -0.843015 0.731901
v 0.377354 -0.475515 0.721650
v 0.018437 -0.473415 0.750695
v 0.378544 -0.839715 0.760946
v 0.362338 -0.854915 0.747171
v 0.002379 -0.488615 0.736920
v 0.378544 -0.841215 0.731794
v 0.018437 -0.474915 0.721650
v 0.378544 -0.839715 0.760946
v 0.018437 -0.473415 0.750695
v 1.091324 0.077585 0.346409
v 0.350592 0.049285 0.318218
v 1.091176 0.049285 0.318111
v 0.350740 0.077585 0.346516
v 1.091473 0.049285 0.374707
v 0.350889 0.049285 0.374814
v 1.091176 0.049285 0.318111
v 0.350592 0.049285 0.318218
v 0.350740 0.021085 0.346516
v 1.091324 0.021085 0.346409
v 0.350889 0.049285 0.374814
v 1.091473 0.049285 0.374707
v 1.079876 -0.473415 0.749841
v 0.760805 -0.853915 0.748559
v 0.744598 -0.837715 0.760199
v 1.095785 -0.489615 0.738308
v 0.746680 -0.841315 0.731260
v 1.081809 -0.477015 0.721009
v 0.744598 -0.837715 0.760199
v 1.079876 -0.473415 0.749841
v 1.106639 -0.459315 0.366805
v -1.105300 -0.487515 0.338614
v 1.106490 -0.487515 0.338507
v -1.105003 -0.459315 0.366912
v 1.106787 -0.487515 0.394996
v -1.104854 -0.487515 0.395103
v 1.106490 -0.487515 0.338507
v -1.105300 -0.487515 0.338614
v -1.105003 -0.515815 0.366912
v 1.106639 -0.515815 0.366805
v -1.104854 -0.487515 0.395103
v 1.106787 -0.487515 0.394996
v -0.352227 0.077585 0.346409
v -1.092811 0.049285 0.318218
v -0.352376 0.049285 0.318111
v -1.092663 0.077585 0.346516
v -0.352079 0.049285 0.374707
v -1.092514 0.049285 0.374814
v -0.352376 0.049285 0.318111
v -1.092811 0.049285 0.318218
v -1.092663 0.021085 0.346516
v -0.352227 0.021085 0.346409
v -1.092514 0.049285 0.374814
v -0.352079 0.049285 0.374707
v 1.080917 0.054685 0.379192
v 0.372448 0.080485 0.347370
v 1.080917 0.080485 0.347370
v 0.372448 0.054685 0.379192
v 0.372448 -0.154315 0.347050
v 1.080917 -0.154315 0.347050
v 0.373043 -0.450415 0.367232
v 1.101881 -0.450415 0.367232
v 1.080917 0.080485 0.347370
v 0.372448 0.080485 0.347370
v 0.372448 0.048685 0.315121
v 1.080917 0.048585 0.315121
v 1.080917 0.054685 0.379192
v 0.372151 0.054685 0.375668
v 0.372151 -0.154315 0.343419
v 1.080917 -0.154315 0.347050
v 0.372597 -0.450415 0.363708
v 1.101881 -0.450415 0.367232
v -1.080917 0.054685 0.379192
v -1.080917 0.080485 0.347370
v -0.372448 0.080485 0.347370
v -0.372448 0.054685 0.379192
v -0.372448 -0.154315 0.347050
v -1.080917 -0.154315 0.347050
v -0.372745 -0.450415 0.367232
v -1.100840 -0.450415 0.367232
v -1.080917 0.080485 0.347370
v -1.080917 0.048585 0.315121
v -0.372448 0.048685 0.315121
v -0.372448 0.080485 0.347370
v -1.080917 0.054685 0.379192
v -0.372151 -0.154315 0.343419
v -0.372151 0.054685 0.375668
v -1.080917 -0.154315 0.347050
v -0.372597 -0.450415 0.363708
v -1.100840 -0.450415 0.367232
v 0.372448 0.048685 0.315121
v 0.372448 -0.001215 0.366484
v 1.080917 -0.001215 0.366484
v 1.080917 0.048585 0.315121
v -1.080917 0.048585 0.315121
v -1.080917 -0.001215 0.366484
v -0.372448 -0.001215 0.366484
v -0.372448 0.048685 0.315121
v 0.761399 -0.477415 0.715456
v 0.617922 -0.838115 0.363388
v 0.636358 -0.847915 0.374280
v 0.784148 -0.487215 0.726348
v -0.006988 -0.477415 0.715456
v -0.006988 -0.838115 0.363388
v 0.015760 -0.847915 0.374280
v 0.015760 -0.487215 0.726348
v -0.006988 -0.857715 0.385065
v -0.006988 -0.497015 0.737133
v -0.006988 -0.838115 0.363388
v -0.006988 -0.477415 0.715456
v -0.651821 -0.496315 0.251371
v -0.653457 -0.446415 0.249342
v -0.630560 -0.470415 0.250303
v -0.687207 -0.460615 0.249876
v -0.806153 -0.483315 0.250837
v -0.806450 -0.474615 0.250516
v -0.945468 -0.466215 0.250089
v -0.989477 -0.453015 0.249555
v -0.987247 -0.518015 0.252225
v -1.016984 -0.486715 0.250944
v -0.651821 -0.496315 0.251371
v -0.630560 -0.470415 0.250303
v -0.630560 -0.511215 -0.755500
v -0.651821 -0.537115 -0.754432
v -0.687207 -0.460615 0.249876
v -0.687207 -0.501415 -0.755927
v -0.630560 -0.470415 0.250303
v -0.653457 -0.487215 -0.756461
v -0.630560 -0.511215 -0.755500
v -0.653457 -0.446415 0.249342
v -0.806450 -0.474615 0.250516
v -0.806450 -0.515515 -0.755394
v -0.989477 -0.453015 0.249555
v -0.989477 -0.493815 -0.756248
v -1.016984 -0.527515 -0.754860
v -1.016984 -0.486715 0.250944
v -0.987247 -0.558915 -0.753578
v -0.987247 -0.518015 0.252225
v -0.945468 -0.507015 -0.755714
v -0.945468 -0.466215 0.250089
v -0.945468 -0.507015 -0.755714
v -0.945468 -0.466215 0.250089
v -0.806153 -0.483315 0.250837
v -0.806153 -0.524115 -0.754966
v -0.687207 -0.460615 0.249876
v -0.687207 -0.501415 -0.755927
v -0.973122 -0.485915 -0.098882
v -0.855812 -0.853415 -0.083933
v -0.870383 -0.853115 -0.063430
v -0.987693 -0.485615 -0.078380
v -0.884954 -0.854515 -0.083933
v -1.002264 -0.487015 -0.098882
v -0.855812 -0.853415 -0.083933
v -0.973122 -0.485915 -0.098882
v -0.973122 -0.500715 -0.423294
v -0.855812 -0.868215 -0.408344
v -0.870383 -0.867915 -0.387841
v -0.987693 -0.500415 -0.402791
v -0.884954 -0.869315 -0.408344
v -1.002264 -0.501815 -0.423187
v -0.855812 -0.868215 -0.408344
v -0.973122 -0.500715 -0.423294
v -0.973122 -0.500115 0.225315
v -0.855812 -0.853415 -0.063003
v -0.870383 -0.853115 -0.036734
v -0.987693 -0.499815 0.251584
v -0.884954 -0.854515 -0.062896
v -1.002264 -0.501215 0.225422
v -0.855812 -0.853415 -0.063003
v -0.973122 -0.500115 0.225315
v -0.973122 -0.536015 -0.759238
v -0.855812 -0.868215 -0.427565
v -0.870383 -0.867915 -0.401296
v -0.987693 -0.535715 -0.732969
v -0.884954 -0.869315 -0.427458
v -1.002264 -0.537115 -0.759131
v -0.855812 -0.868215 -0.427565
v -0.973122 -0.536015 -0.759238
v 0.644090 -0.496315 0.251371
v 0.622828 -0.470415 0.250303
v 0.645725 -0.446415 0.249342
v 0.679476 -0.460615 0.249876
v 0.798421 -0.483315 0.250837
v 0.798719 -0.474615 0.250516
v 0.937736 -0.466215 0.250089
v 0.981746 -0.453015 0.249555
v 0.979516 -0.518015 0.252225
v 1.009252 -0.486715 0.250944
v 0.644090 -0.496315 0.251371
v 0.622828 -0.511215 -0.755500
v 0.622828 -0.470415 0.250303
v 0.644090 -0.537115 -0.754432
v 0.679476 -0.460615 0.249876
v 0.679476 -0.501415 -0.755927
v 0.622828 -0.470415 0.250303
v 0.622828 -0.511215 -0.755500
v 0.645725 -0.487215 -0.756461
v 0.645725 -0.446415 0.249342
v 0.798719 -0.474615 0.250516
v 0.798719 -0.515515 -0.755394
v 0.981746 -0.453015 0.249555
v 0.981746 -0.493815 -0.756248
v 1.009252 -0.527515 -0.754860
v 1.009252 -0.486715 0.250944
v 0.979516 -0.558915 -0.753578
v 0.979516 -0.518015 0.252225
v 0.937736 -0.507015 -0.755714
v 0.937736 -0.466215 0.250089
v 0.937736 -0.507015 -0.755714
v 0.798421 -0.483315 0.250837
v 0.937736 -0.466215 0.250089
v 0.798421 -0.524115 -0.754966
v 0.679476 -0.460615 0.249876
v 0.679476 -0.501415 -0.755927
v 0.965391 -0.485915 -0.098882
v 0.862652 -0.853115 -0.063430
v 0.848081 -0.853415 -0.083933
v 0.979962 -0.485615 -0.078380
v 0.877223 -0.854515 -0.083933
v 0.994533 -0.487015 -0.098882
v 0.848081 -0.853415 -0.083933
v 0.965391 -0.485915 -0.098882
v 0.965391 -0.500715 -0.423294
v 0.862652 -0.867915 -0.387841
v 0.848081 -0.868215 -0.408344
v 0.979962 -0.500415 -0.402791
v 0.877223 -0.869315 -0.408344
v 0.994533 -0.501815 -0.423187
v 0.848081 -0.868215 -0.408344
v 0.965391 -0.500715 -0.423294
v 0.965391 -0.500115 0.225315
v 0.862652 -0.853115 -0.036734
v 0.848081 -0.853415 -0.063003
v 0.979962 -0.499815 0.251584
v 0.877223 -0.854515 -0.062896
v 0.994533 -0.501215 0.225422
v 0.848081 -0.853415 -0.063003
v 0.965391 -0.500115 0.225315
v 0.965391 -0.536015 -0.759238
v 0.862652 -0.867915 -0.401296
v 0.848081 -0.868215 -0.427565
v 0.979962 -0.535715 -0.732969
v 0.877223 -0.869315 -0.427458
v 0.994533 -0.537115 -0.759131
v 0.848081 -0.868215 -0.427565
v 0.965391 -0.536015 -0.759238
v 1.178898 0.275485 1.274046
v 1.183061 0.270885 1.258989
v 1.154812 0.270885 1.258989
v 1.150648 0.275485 1.274046
v 1.146039 0.282585 1.460171
v 1.111991 0.282685 1.460278
v 1.128495 0.284685 1.514418
v 1.105152 0.284985 1.516447
v 1.124034 0.281185 1.530863
v 1.100543 0.280785 1.532358
v 1.100245 0.269085 1.544531
v 1.122250 0.270785 1.544104
v 1.122250 0.254385 1.550191
v 1.101286 0.253485 1.550297
v 1.108125 0.225585 1.551152
v 1.128792 0.225885 1.550725
v 1.135334 0.034585 1.558199
v 1.160015 0.034585 1.558306
v 1.178452 -0.177515 1.566529
v 1.150648 -0.177615 1.566101
v 1.180385 -0.230215 1.567703
v 1.152135 -0.230215 1.567810
v 1.153771 -0.246115 1.564286
v 1.182020 -0.246115 1.564286
v 1.154812 0.270885 1.258989
v 1.183061 0.270885 1.258989
v 1.159718 0.258685 1.247990
v 1.188116 0.258685 1.247990
v 1.164327 0.243085 1.243612
v 1.192577 0.243085 1.243612
v 1.171613 0.214285 1.244253
v 1.199862 0.214185 1.244146
v 1.197335 0.023285 1.251301
v 1.225584 0.023185 1.251194
v 1.211162 -0.189015 1.259096
v 1.239560 -0.189015 1.259096
v 1.212500 -0.242515 1.259844
v 1.240750 -0.242515 1.259844
v 1.211459 -0.257815 1.265930
v 1.239709 -0.257815 1.265823
v 1.209229 -0.269015 1.278210
v 1.237479 -0.269115 1.278104
v 1.206255 -0.272515 1.293694
v 1.234654 -0.272615 1.293694
v 1.177709 -0.266015 1.480567
v 1.205958 -0.266015 1.480567
v 1.162692 -0.263915 1.538231
v 1.190941 -0.264015 1.538231
v 1.185886 -0.258615 1.553715
v 1.157636 -0.258615 1.553715
v 1.182020 -0.246115 1.564286
v 1.153771 -0.246115 1.564286
v 1.023525 0.488385 1.635298
v 1.063818 0.481585 1.453017
v 1.075861 0.380585 1.643841
v 1.119425 0.373885 1.457288
v 1.125224 0.470085 1.141099
v 1.185143 0.361685 1.144943
v 1.128495 0.284685 1.514418
v 1.146039 0.282585 1.460171
v 1.178898 0.275485 1.274046
v 1.124034 0.281185 1.530863
v 1.183061 0.270885 1.258989
v 1.188116 0.258685 1.247990
v 1.192577 0.243085 1.243612
v 1.122250 0.270785 1.544104
v 1.122250 0.254385 1.550191
v 1.128792 0.225885 1.550725
v 1.108274 0.228885 1.644802
v 1.160015 0.034585 1.558306
v 1.135186 0.037985 1.651849
v 1.178452 -0.177515 1.566529
v 1.152433 -0.174215 1.659751
v 1.180385 -0.230215 1.567703
v 1.219042 0.210585 1.150496
v 1.199862 0.214185 1.244146
v 1.225584 0.023185 1.251194
v 1.244318 0.019785 1.157651
v 1.158380 -0.386915 1.667654
v 1.239560 -0.189015 1.259096
v 1.256807 -0.192415 1.165553
v 1.256361 -0.405115 1.173455
v 1.240750 -0.242515 1.259844
v 1.182020 -0.246115 1.564286
v 1.239709 -0.257815 1.265823
v 1.185886 -0.258615 1.553715
v 1.237479 -0.269115 1.278104
v 1.234654 -0.272615 1.293694
v 1.190941 -0.264015 1.538231
v 1.205958 -0.266015 1.480567
v 1.209229 -0.393615 1.485266
v 1.201052 -0.585915 1.492420
v 1.153771 -0.579215 1.674808
v 1.242831 -0.597415 1.180609
v 1.135632 -0.732315 1.680468
v 1.175478 -0.739015 1.498187
v 1.114519 -0.819915 1.683778
v 1.217704 -0.750515 1.186269
v 1.153473 -0.826615 1.501497
v 1.189008 -0.838115 1.189579
v 1.096974 0.470185 1.141099
v 1.156893 0.361685 1.144943
v 1.125224 0.470085 1.141099
v 1.185143 0.361685 1.144943
v 1.190793 0.210585 1.150496
v 1.219042 0.210585 1.150496
v 1.215920 0.019785 1.157651
v 1.244318 0.019785 1.157651
v 1.228558 -0.192415 1.165553
v 1.256807 -0.192415 1.165553
v 1.228112 -0.405115 1.173455
v 1.256361 -0.405115 1.173455
v 1.214582 -0.597415 1.180609
v 1.242831 -0.597415 1.180609
v 1.189454 -0.750515 1.186376
v 1.217704 -0.750515 1.186269
v 1.161056 -0.838115 1.189686
v 1.189008 -0.838115 1.189579
v -1.178749 0.277785 1.277570
v -1.154514 0.273185 1.262513
v -1.182912 0.273185 1.262513
v -1.150500 0.277885 1.277570
v -1.145891 0.284885 1.463695
v -1.111694 0.285085 1.463909
v -1.128198 0.287085 1.518048
v -1.104854 0.287385 1.519971
v -1.123737 0.283585 1.534387
v -1.100245 0.283185 1.535988
v -1.099799 0.271385 1.548162
v -1.121953 0.273185 1.547628
v -1.122102 0.256785 1.553821
v -1.101137 0.255785 1.553821
v -1.107531 0.227885 1.554782
v -1.128644 0.228185 1.554248
v -1.134442 0.036885 1.561830
v -1.159718 0.036885 1.561830
v -1.178155 -0.175215 1.570052
v -1.149310 -0.175315 1.569625
v -1.180087 -0.227915 1.571334
v -1.151392 -0.236415 1.569946
v -1.181872 -0.243715 1.567810
v -1.154514 0.273185 1.262513
v -1.159569 0.261085 1.251621
v -1.182912 0.273185 1.262513
v -1.187819 0.261085 1.251514
v -1.164178 0.245385 1.247243
v -1.192428 0.245385 1.247136
v -1.171464 0.216585 1.247777
v -1.199713 0.216585 1.247670
v -1.197335 0.025585 1.254611
v -1.225435 0.025585 1.254825
v -1.211013 -0.187115 1.262727
v -1.239263 -0.186615 1.262620
v -1.212054 -0.240615 1.263261
v -1.240452 -0.240215 1.263367
v -1.210865 -0.255815 1.269454
v -1.239411 -0.255415 1.269454
v -1.208783 -0.267015 1.281307
v -1.237181 -0.266715 1.281734
v -1.205809 -0.270715 1.297005
v -1.234356 -0.270215 1.297218
v -1.176519 -0.264315 1.484091
v -1.205809 -0.263715 1.484091
v -1.161056 -0.262315 1.542182
v -1.190793 -0.261615 1.541755
v -1.185737 -0.256315 1.557238
v -1.156001 -0.257015 1.557345
v -1.181872 -0.243715 1.567810
v -1.151392 -0.236415 1.569946
v -1.023377 0.490685 1.638822
v -1.075564 0.382985 1.647365
v -1.063670 0.483985 1.456541
v -1.119277 0.376185 1.460812
v -1.124927 0.472485 1.144623
v -1.184994 0.363985 1.148467
v -1.128198 0.287085 1.518048
v -1.145891 0.284885 1.463695
v -1.178749 0.277785 1.277570
v -1.123737 0.283585 1.534387
v -1.182912 0.273185 1.262513
v -1.187819 0.261085 1.251514
v -1.192428 0.245385 1.247136
v -1.121953 0.273185 1.547628
v -1.122102 0.256785 1.553821
v -1.128644 0.228185 1.554248
v -1.108125 0.231285 1.648326
v -1.159718 0.036885 1.561830
v -1.135037 0.040385 1.655480
v -1.178155 -0.175215 1.570052
v -1.152284 -0.171815 1.663275
v -1.180087 -0.227915 1.571334
v -1.218893 0.212885 1.154020
v -1.199713 0.216585 1.247670
v -1.225435 0.025585 1.254825
v -1.244021 0.022085 1.161175
v -1.158083 -0.384515 1.671177
v -1.239263 -0.186615 1.262620
v -1.256659 -0.190115 1.169077
v -1.256213 -0.402815 1.176979
v -1.240452 -0.240215 1.263367
v -1.181872 -0.243715 1.567810
v -1.239411 -0.255415 1.269454
v -1.185737 -0.256315 1.557238
v -1.237181 -0.266715 1.281734
v -1.234356 -0.270215 1.297218
v -1.190793 -0.261615 1.541755
v -1.205809 -0.263715 1.484091
v -1.209080 -0.391315 1.488896
v -1.200903 -0.583615 1.496051
v -1.153473 -0.576815 1.678332
v -1.242682 -0.595115 1.184133
v -1.135483 -0.729915 1.684098
v -1.175181 -0.736715 1.501710
v -1.114370 -0.817615 1.687409
v -1.217407 -0.748215 1.189900
v -1.153176 -0.824315 1.505021
v -1.188860 -0.835815 1.193210
v -1.096677 0.472485 1.144730
v -1.124927 0.472485 1.144623
v -1.156596 0.363985 1.148467
v -1.184994 0.363985 1.148467
v -1.190644 0.212985 1.154020
v -1.218893 0.212885 1.154020
v -1.215771 0.022085 1.161281
v -1.244021 0.022085 1.161175
v -1.228409 -0.190115 1.169077
v -1.256659 -0.190115 1.169077
v -1.227963 -0.402715 1.176979
v -1.256213 -0.402815 1.176979
v -1.214433 -0.595015 1.184133
v -1.242682 -0.595115 1.184133
v -1.189157 -0.748115 1.189900
v -1.217407 -0.748215 1.189900
v -1.160907 -0.835815 1.193210
v -1.188860 -0.835815 1.193210
v -1.081511 -0.012515 0.335410
v -1.080768 0.108885 0.331352
v -1.041219 0.108885 0.331032
v -1.041962 -0.012515 0.335090
v -1.041962 -0.012515 0.335090
v -1.041219 0.108885 0.331032
v -1.041367 0.104985 0.247740
v -1.042111 -0.016415 0.251905
v -1.042111 -0.016415 0.251905
v -1.041367 0.104985 0.247740
v -1.080917 0.104985 0.248060
v -1.081660 -0.016415 0.252118
v -1.081660 -0.016415 0.252118
v -1.080917 0.104985 0.248060
v -1.080768 0.108885 0.331352
v -1.081511 -0.012515 0.335410
v -1.081511 -0.552315 0.355806
v -1.080768 -0.430915 0.351641
v -1.041219 -0.430915 0.351428
v -1.041962 -0.552315 0.355486
v -1.041962 -0.552315 0.355486
v -1.041219 -0.430915 0.351428
v -1.041367 -0.434815 0.268136
v -1.042111 -0.556215 0.272194
v -1.042111 -0.556215 0.272194
v -1.041367 -0.434815 0.268136
v -1.080917 -0.434815 0.268349
v -1.081660 -0.556215 0.272514
v -1.081660 -0.556215 0.272514
v -1.080917 -0.434815 0.268349
v -1.080768 -0.430915 0.351641
v -1.081511 -0.552315 0.355806
v 1.076010 -0.012515 0.335410
v 1.036461 -0.012515 0.335090
v 1.035717 0.108885 0.331032
v 1.075267 0.108885 0.331352
v 1.036461 -0.012515 0.335090
v 1.036610 -0.016415 0.251905
v 1.035866 0.104985 0.247740
v 1.035717 0.108885 0.331032
v 1.036610 -0.016415 0.251905
v 1.076159 -0.016415 0.252118
v 1.075415 0.104985 0.248060
v 1.035866 0.104985 0.247740
v 1.076159 -0.016415 0.252118
v 1.076010 -0.012515 0.335410
v 1.075267 0.108885 0.331352
v 1.075415 0.104985 0.248060
v 1.076010 -0.552315 0.355806
v 1.036461 -0.552315 0.355486
v 1.035717 -0.430915 0.351428
v 1.075267 -0.430915 0.351641
v 1.036461 -0.552315 0.355486
v 1.036610 -0.556215 0.272194
v 1.035866 -0.434815 0.268136
v 1.035717 -0.430915 0.351428
v 1.036610 -0.556215 0.272194
v 1.076159 -0.556215 0.272514
v 1.075415 -0.434815 0.268349
v 1.035866 -0.434815 0.268136
v 1.076159 -0.556215 0.272514
v 1.076010 -0.552315 0.355806
v 1.075267 -0.430915 0.351641
v 1.075415 -0.434815 0.268349
v 0.828604 -0.595015 1.942944
v 0.829050 0.159585 1.788106
v 0.346280 0.159585 1.788106
v 0.346875 -0.595015 1.942944
v 0.346875 -0.496415 1.922762
v 0.346280 0.159985 1.789601
v 0.829050 0.159985 1.789601
v 0.828604 -0.496415 1.922762
v 0.828604 -0.595015 1.942944
v 0.346875 -0.595015 1.942944
v 0.346875 -0.548715 2.416106
v 0.828604 -0.548715 2.416106
v 0.828604 -0.548715 2.416106
v 0.346875 -0.548715 2.416106
v 0.346875 -0.433515 2.491603
v 0.828604 -0.433515 2.491603
v 0.346875 -0.496415 1.922762
v 0.828604 -0.496415 1.922762
v 0.828604 -0.433515 2.491603
v 0.346875 -0.433515 2.491603
v 0.797975 0.054585 1.807541
v 0.797380 -0.488815 1.918918
v 0.778349 -0.480015 2.029973
v 0.778795 0.050885 1.909093
v 0.396980 -0.480015 2.029973
v 0.396534 0.050885 1.909093
v 0.377949 -0.488815 1.918918
v 0.377503 0.054585 1.807541
v 0.377503 0.054585 1.807541
v 0.797975 0.054585 1.807541
v 0.338400 -0.582215 1.942196
v 0.338400 -0.301615 1.883358
v 0.338400 -0.539315 2.391439
v 0.338400 -0.276315 2.291809
v 0.338400 -0.317315 2.343599
v 0.339887 -0.582215 1.942196
v 0.339887 -0.539315 2.391439
v 0.339887 -0.317315 2.343599
v 0.339887 -0.276315 2.291809
v 0.339887 -0.301615 1.883358
v 0.830091 -0.582215 1.942196
v 0.830091 -0.301615 1.883358
v 0.830091 -0.539315 2.391439
v 0.830091 -0.276315 2.291809
v 0.830091 -0.317315 2.343599
v 0.831131 -0.582215 1.942196
v 0.831131 -0.539315 2.391439
v 0.831131 -0.317315 2.343599
v 0.831131 -0.276315 2.291809
v 0.831131 -0.301615 1.883358
v 0.347023 -0.308115 1.888270
v 0.349848 0.157585 1.790563
v 0.228970 0.182585 1.902366
v 0.226294 -0.283115 1.999753
v 0.226888 -0.280715 1.999433
v 0.230457 0.184685 1.903220
v 0.351335 0.159685 1.791417
v 0.347469 -0.305715 1.887950
v 0.890455 0.136185 2.092976
v 0.890455 -0.086615 2.104936
v 0.890455 -0.245515 2.032323
v 0.890455 0.177785 2.043535
v 0.890455 0.155685 1.671818
v 0.890455 -0.354015 1.698728
v 0.890455 -0.331815 2.036701
v 0.894024 -0.354015 1.698728
v 0.894024 -0.331815 2.036701
v 0.894024 -0.245515 2.032323
v 0.894024 0.155685 1.671818
v 0.894024 0.177785 2.043535
v 0.894024 0.136185 2.092976
v 0.894024 -0.086615 2.104936
v 0.830685 -0.329315 2.057417
v 0.830685 -0.339515 1.886028
v 0.912163 -0.339515 1.886028
v 0.912163 -0.329315 2.057417
v 0.912163 -0.329315 2.057417
v 0.912163 -0.339515 1.886028
v 0.830685 -0.397515 1.918918
v 0.830685 -0.388815 2.060621
v 0.357282 -0.593815 1.947536
v 0.357282 -0.545815 2.414611
v 0.357282 -0.768615 2.351822
v 0.357282 -0.787615 1.993453
v 0.388357 -0.593815 1.947536
v 0.357282 -0.593815 1.947536
v 0.357282 -0.787615 1.993453
v 0.388357 -0.787615 1.993453
v 0.388357 -0.545815 2.414611
v 0.388357 -0.593815 1.947536
v 0.388357 -0.787615 1.993453
v 0.388357 -0.768615 2.351822
v 0.357282 -0.545815 2.414611
v 0.388357 -0.545815 2.414611
v 0.388357 -0.768615 2.351822
v 0.357282 -0.768615 2.351822
v 0.785040 -0.593815 1.947536
v 0.785040 -0.545815 2.414611
v 0.785040 -0.768615 2.351822
v 0.785040 -0.787615 1.993453
v 0.815966 -0.593815 1.947536
v 0.785040 -0.593815 1.947536
v 0.785040 -0.787615 1.993453
v 0.815966 -0.787615 1.993453
v 0.815966 -0.545815 2.414611
v 0.815966 -0.593815 1.947536
v 0.815966 -0.787615 1.993453
v 0.815966 -0.768615 2.351822
v 0.785040 -0.545815 2.414611
v 0.815966 -0.545815 2.414611
v 0.815966 -0.768615 2.351822
v 0.785040 -0.768615 2.351822
v 0.313273 -0.194215 1.837334
v 0.313273 -0.793815 1.959496
v 0.330520 -0.789415 1.984270
v 0.330520 -0.189815 1.862108
v 0.296025 -0.789415 1.984270
v 0.296025 -0.189815 1.862108
v 0.313273 -0.793815 1.959496
v 0.313273 -0.194215 1.837334
v 0.861165 -0.194215 1.837334
v 0.861165 -0.793815 1.959496
v 0.878412 -0.789415 1.984270
v 0.878412 -0.189815 1.862108
v 0.843769 -0.789415 1.984270
v 0.843769 -0.189815 1.862108
v 0.861165 -0.793815 1.959496
v 0.861165 -0.194215 1.837334
v 0.313273 -0.386315 1.883679
v 0.313273 -0.778215 2.533249
v 0.330520 -0.756415 2.545743
v 0.330520 -0.364615 1.896172
v 0.296025 -0.756415 2.545743
v 0.296025 -0.364615 1.896172
v 0.313273 -0.778215 2.533249
v 0.313273 -0.386315 1.883679
v 0.861165 -0.386515 1.883785
v 0.861165 -0.778415 2.533356
v 0.878412 -0.756615 2.545956
v 0.878412 -0.364715 1.896279
v 0.843769 -0.756615 2.545956
v 0.843769 -0.364715 1.896279
v 0.861165 -0.778415 2.533356
v 0.861165 -0.386515 1.883785
v 0.861165 -0.213115 1.842353
v 0.312232 -0.224415 1.868515
v 0.860570 -0.224415 1.868515
v 0.312827 -0.213115 1.842353
v 0.860570 -0.192615 1.862215
v 0.312232 -0.192615 1.862215
v 0.860570 -0.224415 1.868515
v 0.312232 -0.224415 1.868515
v 0.312232 -0.192615 1.862215
v 0.860570 -0.192615 1.862215
v 0.356688 -0.237815 1.812453
v 0.356688 -0.796615 1.927033
v 0.379882 -0.790715 1.960136
v 0.379882 -0.211315 1.844489
v 0.356688 -0.796615 1.927033
v 0.356688 -0.237815 1.812453
v 0.333493 -0.211315 1.844489
v 0.333642 -0.790715 1.960136
v 0.379882 -0.211315 1.844489
v 0.379882 -0.790715 1.960136
v 0.333642 -0.790715 1.960136
v 0.333493 -0.211315 1.844489
v 0.817304 -0.237815 1.812453
v 0.817304 -0.796615 1.927033
v 0.840349 -0.790715 1.960136
v 0.840498 -0.211315 1.844489
v 0.817304 -0.796615 1.927033
v 0.817304 -0.237815 1.812453
v 0.794109 -0.211315 1.844489
v 0.794109 -0.790715 1.960136
v 0.840498 -0.211315 1.844489
v 0.840349 -0.790715 1.960136
v 0.794109 -0.790715 1.960136
v 0.794109 -0.211315 1.844489
v 0.680665 -0.421815 1.821423
v 0.680665 -0.406715 1.888377
v 0.486189 -0.406715 1.888377
v 0.486189 -0.421815 1.821423
v 0.680665 -0.534515 1.844489
v 0.680665 -0.421815 1.821423
v 0.486189 -0.421815 1.821423
v 0.486189 -0.534515 1.844489
v 0.680665 -0.519415 1.911443
v 0.680665 -0.534515 1.844489
v 0.486189 -0.534515 1.844489
v 0.486189 -0.519415 1.911443
v 0.680665 -0.421815 1.821423
v 0.680665 -0.534515 1.844489
v 0.680665 -0.519415 1.911443
v 0.680665 -0.406715 1.888377
v 0.486189 -0.519415 1.911443
v 0.486189 -0.534515 1.844489
v 0.486189 -0.421815 1.821423
v 0.486189 -0.406715 1.888377
v 0.609595 -0.422415 1.830073
v 0.609595 0.164485 1.785116
v 0.557259 0.164485 1.785116
v 0.557259 -0.422415 1.830073
v 0.557259 0.164485 1.785116
v 0.609595 0.164485 1.785116
v 0.609595 0.041385 1.922548
v 0.557259 0.041385 1.922548
v 0.879155 0.175985 1.890513
v 0.800949 0.170485 1.782767
v 0.910230 0.169785 1.783942
v 0.910230 0.175985 1.890513
v 0.910230 0.169785 1.783942
v 0.800949 0.170485 1.782767
v 0.800949 0.042485 1.809036
v 0.910230 0.143185 1.800707
v 0.800949 0.042485 1.809036
v 0.910230 0.175985 1.890513
v 0.910230 0.143185 1.800707
v 0.879155 0.175985 1.890513
v -0.828604 -0.595015 1.942944
v -0.346875 -0.595015 1.942944
v -0.346280 0.159585 1.788106
v -0.829050 0.159585 1.788106
v -0.346875 -0.496415 1.922762
v -0.828604 -0.496415 1.922762
v -0.829050 0.159985 1.789601
v -0.346280 0.159985 1.789601
v -0.828604 -0.595015 1.942944
v -0.828604 -0.548715 2.416106
v -0.346875 -0.548715 2.416106
v -0.346875 -0.595015 1.942944
v -0.828604 -0.548715 2.416106
v -0.828604 -0.433515 2.491603
v -0.346875 -0.433515 2.491603
v -0.346875 -0.548715 2.416106
v -0.346875 -0.496415 1.922762
v -0.346875 -0.433515 2.491603
v -0.828604 -0.433515 2.491603
v -0.828604 -0.496415 1.922762
v -0.797975 0.054585 1.807541
v -0.778349 -0.480015 2.029973
v -0.797380 -0.488815 1.918918
v -0.778795 0.050885 1.909093
v -0.396980 -0.480015 2.029973
v -0.396534 0.050885 1.909093
v -0.377949 -0.488815 1.918918
v -0.377503 0.054585 1.807541
v -0.377503 0.054585 1.807541
v -0.797975 0.054585 1.807541
v -0.338400 -0.582215 1.942196
v -0.338400 -0.539315 2.391439
v -0.338400 -0.301615 1.883358
v -0.338400 -0.276315 2.291809
v -0.338400 -0.317315 2.343599
v -0.339887 -0.317315 2.343599
v -0.339887 -0.539315 2.391439
v -0.339887 -0.582215 1.942196
v -0.339887 -0.276315 2.291809
v -0.339887 -0.301615 1.883358
v -0.830091 -0.582215 1.942196
v -0.830091 -0.539315 2.391439
v -0.830091 -0.301615 1.883358
v -0.830091 -0.276315 2.291809
v -0.830091 -0.317315 2.343599
v -0.831131 -0.317315 2.343599
v -0.831131 -0.539315 2.391439
v -0.831131 -0.582215 1.942196
v -0.831131 -0.276315 2.291809
v -0.831131 -0.301615 1.883358
v -0.347023 -0.308115 1.888270
v -0.226294 -0.283115 1.999753
v -0.228970 0.182585 1.902366
v -0.349848 0.157585 1.790563
v -0.226888 -0.280715 1.999433
v -0.347469 -0.305715 1.887950
v -0.351335 0.159685 1.791417
v -0.230457 0.184685 1.903220
v -0.890455 -0.354015 1.698728
v -0.890455 -0.331815 2.036701
v -0.890455 -0.245515 2.032323
v -0.890455 0.155685 1.671818
v -0.890455 0.177785 2.043535
v -0.890455 0.136185 2.092976
v -0.890455 -0.086615 2.104936
v -0.894024 0.136185 2.092976
v -0.894024 -0.086615 2.104936
v -0.894024 -0.245515 2.032323
v -0.894024 0.177785 2.043535
v -0.894024 0.155685 1.671818
v -0.894024 -0.354015 1.698728
v -0.894024 -0.331815 2.036701
v -0.830685 -0.329315 2.057417
v -0.912163 -0.329315 2.057417
v -0.912163 -0.339515 1.886028
v -0.830685 -0.339515 1.886028
v -0.912163 -0.329315 2.057417
v -0.830685 -0.388815 2.060621
v -0.830685 -0.397515 1.918918
v -0.912163 -0.339515 1.886028
v -0.357282 -0.593815 1.947536
v -0.357282 -0.787615 1.993453
v -0.357282 -0.768615 2.351822
v -0.357282 -0.545815 2.414611
v -0.388357 -0.593815 1.947536
v -0.388357 -0.787615 1.993453
v -0.357282 -0.787615 1.993453
v -0.357282 -0.593815 1.947536
v -0.388357 -0.545815 2.414611
v -0.388357 -0.768615 2.351822
v -0.388357 -0.787615 1.993453
v -0.388357 -0.593815 1.947536
v -0.357282 -0.545815 2.414611
v -0.357282 -0.768615 2.351822
v -0.388357 -0.768615 2.351822
v -0.388357 -0.545815 2.414611
v -0.785040 -0.593815 1.947536
v -0.785040 -0.787615 1.993453
v -0.785040 -0.768615 2.351822
v -0.785040 -0.545815 2.414611
v -0.815966 -0.593815 1.947536
v -0.815966 -0.787615 1.993453
v -0.785040 -0.787615 1.993453
v -0.785040 -0.593815 1.947536
v -0.815966 -0.545815 2.414611
v -0.815966 -0.768615 2.351822
v -0.815966 -0.787615 1.993453
v -0.815966 -0.593815 1.947536
v -0.785040 -0.545815 2.414611
v -0.785040 -0.768615 2.351822
v -0.815966 -0.768615 2.351822
v -0.815966 -0.545815 2.414611
v -0.313273 -0.194215 1.837334
v -0.330520 -0.789415 1.984270
v -0.313273 -0.793815 1.959496
v -0.330520 -0.189815 1.862108
v -0.296025 -0.789415 1.984270
v -0.296025 -0.189815 1.862108
v -0.313273 -0.793815 1.959496
v -0.313273 -0.194215 1.837334
v -0.861165 -0.194215 1.837334
v -0.878412 -0.789415 1.984270
v -0.861165 -0.793815 1.959496
v -0.878412 -0.189815 1.862108
v -0.843769 -0.789415 1.984270
v -0.843769 -0.189815 1.862108
v -0.861165 -0.793815 1.959496
v -0.861165 -0.194215 1.837334
v -0.313273 -0.386315 1.883679
v -0.330520 -0.756415 2.545743
v -0.313273 -0.778215 2.533249
v -0.330520 -0.364615 1.896172
v -0.296025 -0.756415 2.545743
v -0.296025 -0.364615 1.896172
v -0.313273 -0.778215 2.533249
v -0.313273 -0.386315 1.883679
v -0.861165 -0.386515 1.883785
v -0.878412 -0.756615 2.545956
v -0.861165 -0.778415 2.533356
v -0.878412 -0.364715 1.896279
v -0.843769 -0.756615 2.545956
v -0.843769 -0.364715 1.896279
v -0.861165 -0.778415 2.533356
v -0.861165 -0.386515 1.883785
v -0.861165 -0.213115 1.842353
v -0.860570 -0.224415 1.868515
v -0.312232 -0.224415 1.868515
v -0.312827 -0.213115 1.842353
v -0.860570 -0.192615 1.862215
v -0.312232 -0.192615 1.862215
v -0.860570 -0.224415 1.868515
v -0.860570 -0.192615 1.862215
v -0.312232 -0.192615 1.862215
v -0.312232 -0.224415 1.868515
v -0.356688 -0.237815 1.812453
v -0.379882 -0.211315 1.844489
v -0.379882 -0.790715 1.960136
v -0.356688 -0.796615 1.927033
v -0.356688 -0.796615 1.927033
v -0.333642 -0.790715 1.960136
v -0.333493 -0.211315 1.844489
v -0.356688 -0.237815 1.812453
v -0.379882 -0.211315 1.844489
v -0.333493 -0.211315 1.844489
v -0.333642 -0.790715 1.960136
v -0.379882 -0.790715 1.960136
v -0.817304 -0.237815 1.812453
v -0.840498 -0.211315 1.844489
v -0.840349 -0.790715 1.960136
v -0.817304 -0.796615 1.927033
v -0.817304 -0.796615 1.927033
v -0.794109 -0.790715 1.960136
v -0.794109 -0.211315 1.844489
v -0.817304 -0.237815 1.812453
v -0.840498 -0.211315 1.844489
v -0.794109 -0.211315 1.844489
v -0.794109 -0.790715 1.960136
v -0.840349 -0.790715 1.960136
v -0.680665 -0.421815 1.821423
v -0.486189 -0.421815 1.821423
v -0.486189 -0.406715 1.888377
v -0.680665 -0.406715 1.888377
v -0.680665 -0.534515 1.844489
v -0.486189 -0.534515 1.844489
v -0.486189 -0.421815 1.821423
v -0.680665 -0.421815 1.821423
v -0.680665 -0.519415 1.911443
v -0.486189 -0.519415 1.911443
v -0.486189 -0.534515 1.844489
v -0.680665 -0.534515 1.844489
v -0.680665 -0.421815 1.821423
v -0.680665 -0.406715 1.888377
v -0.680665 -0.519415 1.911443
v -0.680665 -0.534515 1.844489
v -0.486189 -0.519415 1.911443
v -0.486189 -0.406715 1.888377
v -0.486189 -0.421815 1.821423
v -0.486189 -0.534515 1.844489
v -0.609595 -0.422415 1.830073
v -0.557259 -0.422415 1.830073
v -0.557259 0.164485 1.785116
v -0.609595 0.164485 1.785116
v -0.557259 0.164485 1.785116
v -0.557259 0.041385 1.922548
v -0.609595 0.041385 1.922548
v -0.609595 0.164485 1.785116
v -0.879155 0.175985 1.890513
v -0.910230 0.175985 1.890513
v -0.910230 0.169785 1.783942
v -0.800949 0.170485 1.782767
v -0.910230 0.169785 1.783942
v -0.910230 0.143185 1.800707
v -0.800949 0.042485 1.809036
v -0.800949 0.170485 1.782767
v -0.800949 0.042485 1.809036
v -0.910230 0.143185 1.800707
v -0.910230 0.175985 1.890513
v -0.879155 0.175985 1.890513
v -0.290524 0.759185 0.308287
v -0.323383 0.735785 -0.327188
v -0.002974 0.735585 -0.327722
v -0.002082 0.758885 0.307860
v -0.002082 0.758885 0.307860
v -0.002974 0.735585 -0.327722
v 0.317584 0.735285 -0.328149
v 0.286361 0.758685 0.307433
v -0.097981 0.512384 -8.257859
v -0.121770 0.502184 -8.259034
v -0.088317 0.514884 -8.398708
v -0.127718 0.489485 -8.400203
v -0.159090 0.479084 -8.259781
v -0.096197 0.500684 -8.503677
v -0.066758 0.519784 -8.501755
v -0.001487 0.511784 -8.695782
v -0.143775 0.438385 -8.402552
v -0.179162 0.422384 -8.261703
v -0.110768 0.431284 -8.509443
v -0.001487 0.511784 -8.695782
v -0.150466 0.355784 -8.406396
v -0.187636 0.330684 -8.265014
v -0.109281 0.337784 -8.517132
v -0.145113 0.272784 -8.410134
v -0.180946 0.238584 -8.268217
v -0.070773 0.270184 -8.521723
v -0.126231 0.211084 -8.413017
v -0.157454 0.169984 -8.270673
v -0.061108 0.181384 -8.414512
v -0.001041 0.257284 -8.522898
v -0.000743 0.178984 -8.414725
v -0.075976 0.136984 -8.271954
v -0.000446 0.134384 -8.272168
v -0.202653 -0.003316 -7.331610
v -0.096792 -0.046115 -7.333212
v 0.001189 -0.049615 -7.333532
v -0.311637 -0.589615 -3.928281
v -0.354160 -0.540615 -3.918991
v -0.392371 -0.717215 -2.636936
v -0.139612 -0.671915 -3.939067
v 0.010408 -0.689915 -3.942163
v -0.174255 -0.804215 -2.643130
v -0.004609 -0.811115 -2.643877
v 0.000297 0.563585 -7.474061
v 0.000595 0.541285 -7.322533
v -0.078355 0.532084 -7.501932
v -0.059473 0.527385 -7.321572
v -0.005799 0.354785 -2.580874
v -0.109578 0.331085 -2.579807
v -0.096494 0.490885 -7.319117
v -0.096941 0.476985 -7.550518
v -0.173809 0.268685 -2.577458
v -0.096494 0.452684 -7.316447
v -0.173660 0.229285 -2.575963
v 0.000297 0.563585 -7.474061
v 0.078950 0.531985 -7.502145
v 0.000595 0.541285 -7.322533
v 0.060662 0.527284 -7.321679
v -0.005799 0.354785 -2.580874
v 0.097981 0.330885 -2.580127
v 0.097833 0.490784 -7.319437
v 0.097535 0.476884 -7.550732
v 0.162361 0.268485 -2.577885
v 0.097981 0.452484 -7.316660
v 0.162361 0.228985 -2.576390
v 0.009218 1.782584 -9.000118
v 0.049808 1.782584 -9.000225
v 0.049660 1.787984 -9.093127
v 0.009070 1.787984 -9.093020
v -0.086830 1.896984 -9.035037
v 0.049511 1.861084 -9.155383
v 0.008772 1.861084 -9.155276
v -0.086830 1.896984 -9.035037
v 0.049362 1.958784 -9.150364
v 0.008772 1.958884 -9.150364
v -0.086830 1.896984 -9.035037
v 0.049511 2.024084 -9.081167
v 0.008772 2.024084 -9.081167
v -0.086830 1.896984 -9.035037
v 0.008921 2.018584 -8.988158
v -0.086830 1.896984 -9.035037
v 0.049660 2.018584 -8.988158
v 0.009070 1.945584 -8.925903
v -0.086830 1.896984 -9.035037
v 0.049808 1.945484 -8.926010
v 0.009218 1.847884 -8.930921
v -0.086830 1.896984 -9.035037
v 0.049957 1.847884 -8.931028
v -0.003271 1.883684 -8.893120
v -0.054120 1.854884 -8.923553
v 0.047429 1.854784 -8.923660
v -0.045199 1.847984 -8.930921
v 0.009218 1.847884 -8.930921
v 0.049957 1.847884 -8.931028
v -0.045199 1.782684 -9.000118
v -0.067650 1.804784 -8.976625
v -0.067650 1.706484 -9.080741
v 0.060960 1.706384 -9.080954
v 0.060960 1.804684 -8.976839
v 0.009218 1.782584 -9.000118
v 0.049808 1.782584 -9.000225
v 0.232836 1.964184 -9.061947
v 0.232836 1.931984 -9.096224
v 0.232836 1.961384 -9.015922
v 0.232984 1.925184 -8.985168
v 0.232836 1.883584 -9.098680
v 0.232984 1.876784 -8.987624
v 0.232836 1.847384 -9.067927
v 0.232984 1.844584 -9.022009
v 0.117607 1.876884 -8.987518
v 0.049808 1.782584 -9.000225
v 0.049957 1.847884 -8.931028
v 0.117607 1.925284 -8.984954
v 0.049808 1.945484 -8.926010
v 0.117459 1.961484 -9.015708
v 0.049660 2.018584 -8.988158
v 0.117459 1.964284 -9.061733
v 0.049511 2.024084 -9.081167
v 0.049362 1.958784 -9.150364
v 0.117459 1.932084 -9.096010
v 0.049511 1.861084 -9.155383
v 0.117459 1.883684 -9.098574
v 0.049660 1.787984 -9.093127
v 0.049660 1.787984 -9.093127
v 0.049808 1.782584 -9.000225
v 0.203991 1.807384 -9.102631
v 0.204140 1.800584 -8.991575
v 0.204140 1.876884 -8.987624
v 0.204140 1.844584 -9.021902
v 0.204140 1.800584 -8.991575
v 0.203991 1.807384 -9.102631
v 0.203991 1.847384 -9.067927
v 0.203843 1.883584 -9.098680
v 1.391662 0.064685 -5.625941
v 1.391810 0.021285 -5.578209
v 1.391810 0.049085 -5.583762
v 1.391810 -0.012015 -5.625941
v 1.391662 -0.019815 -5.800961
v 1.391513 0.089985 -5.835132
v 1.391216 0.026185 -6.044964
v 1.390918 0.115385 -6.321642
v 1.391810 0.021285 -5.578209
v 1.391810 -0.012015 -5.625941
v 0.316097 -0.011015 -5.623913
v 0.319369 0.022385 -5.576180
v 1.391810 0.049085 -5.583762
v 0.318922 0.050085 -5.581732
v 1.391662 0.064685 -5.625941
v 0.316246 0.065685 -5.623913
v 1.391513 0.089985 -5.835132
v 0.303311 0.090985 -5.833103
v 0.273277 0.116485 -6.319507
v 1.390918 0.115385 -6.321642
v 0.316097 -0.011015 -5.623913
v 1.391810 -0.012015 -5.625941
v 0.306136 -0.018815 -5.798932
v 1.391662 -0.019815 -5.800961
v 1.391216 0.026185 -6.044964
v 0.290822 0.027185 -6.042828
v 1.390918 0.115385 -6.321642
v 0.273277 0.116485 -6.319507
v -1.391513 0.064685 -5.625941
v -1.391513 0.049085 -5.583762
v -1.391662 0.021285 -5.578209
v -1.391513 -0.012015 -5.625941
v -1.391364 -0.019815 -5.800961
v -1.391216 0.089985 -5.835132
v -1.391067 0.026185 -6.044964
v -1.390621 0.115385 -6.321642
v -1.391662 0.021285 -5.578209
v -0.315949 -0.011015 -5.623913
v -1.391513 -0.012015 -5.625941
v -0.319071 0.022385 -5.576180
v -1.391513 0.049085 -5.583762
v -0.318774 0.050085 -5.581732
v -1.391513 0.064685 -5.625941
v -0.315949 0.065685 -5.623913
v -1.391216 0.089985 -5.835132
v -0.303162 0.090985 -5.833103
v -0.273128 0.116485 -6.319507
v -1.390621 0.115385 -6.321642
v -0.315949 -0.011015 -5.623913
v -0.305838 -0.018815 -5.798932
v -1.391513 -0.012015 -5.625941
v -1.391364 -0.019815 -5.800961
v -1.391067 0.026185 -6.044964
v -0.290673 0.027185 -6.042828
v -1.390621 0.115385 -6.321642
v -0.273128 0.116485 -6.319507
v -0.088912 1.969784 -9.062694
v -0.088763 1.966784 -9.011651
v -0.088912 1.933984 -9.100816
v -0.088763 1.880184 -9.103485
v -0.088614 1.926584 -8.977372
v -0.088763 1.839984 -9.069315
v -0.088614 1.904184 -8.978548
v -0.088614 1.838984 -9.047850
v -0.088614 1.872884 -8.980150
v -0.088614 1.836984 -9.018165
v -0.030034 1.904084 -8.978655
v -0.030034 1.872784 -8.980150
v -0.088614 1.872884 -8.980150
v -0.088614 1.904184 -8.978548
v -0.030034 1.926584 -8.977479
v -0.088614 1.926584 -8.977372
v -0.030182 1.966784 -9.011651
v -0.088763 1.966784 -9.011651
v -0.030182 1.969784 -9.062801
v -0.088912 1.969784 -9.062694
v -0.088912 1.933984 -9.100816
v -0.030182 1.933884 -9.100923
v -0.088763 1.880184 -9.103485
v -0.030182 1.880184 -9.103592
v -0.088763 1.839984 -9.069315
v -0.030034 1.839984 -9.069315
v -0.088614 1.838984 -9.047850
v -0.030034 1.838984 -9.047957
v -0.088614 1.836984 -9.018165
v -0.030034 1.836984 -9.018271
v -0.030034 1.872784 -8.980150
v -0.088614 1.872884 -8.980150
v -0.001933 0.714585 -8.806945
v -0.032710 0.678684 -8.696851
v -0.002082 0.712584 -8.906041
v -0.033007 0.675684 -8.903585
v -0.002082 0.673584 -8.943629
v -0.001784 0.639284 -8.766367
v -0.001933 0.641185 -8.901449
v -0.002082 0.673584 -8.943629
v 0.029142 0.675684 -8.903692
v -0.002082 0.673584 -8.943629
v 0.029439 0.678684 -8.696956
v -0.002082 0.712584 -8.906041
v -0.001933 0.714585 -8.806945
v -0.002082 0.673584 -8.943629
v -0.067650 1.706484 -9.080741
v -0.050254 1.697584 -9.211872
v 0.042969 1.697484 -9.211979
v 0.060960 1.706384 -9.080954
v -0.455412 -0.493315 -2.624549
v -0.392371 -0.717215 -2.636936
v -0.354160 -0.540615 -3.918991
v -0.409916 -0.413315 -3.539159
v -0.202653 -0.003316 -7.331610
v -0.461954 -0.129615 -2.599882
v -0.237594 0.145484 -7.326378
v -0.157454 0.169984 -8.270673
v -0.180946 0.238584 -8.268217
v -0.187636 0.330684 -8.265014
v -0.230903 0.324485 -7.320077
v -0.396980 0.140585 -2.581622
v -0.179162 0.422384 -8.261703
v -0.204884 0.408984 -7.317835
v -0.297215 0.201585 -2.577671
v -0.156413 0.439085 -7.316767
v -0.159090 0.479084 -8.259781
v -0.173660 0.229285 -2.575963
v -0.121770 0.502184 -8.259034
v -0.096494 0.452684 -7.316447
v -0.097981 0.512384 -8.257859
v -0.096941 0.476985 -7.550518
v 0.018883 0.184484 -8.277934
v -0.018734 0.184484 -8.277934
v -0.012341 -0.072916 -9.049666
v 0.012489 -0.072916 -9.049666
v -0.012341 -0.076316 -9.134239
v 0.018883 0.157485 -8.224863
v 0.012489 -0.076316 -9.134239
v 0.012489 -0.106916 -9.049345
v 0.012489 -0.108116 -9.136162
v -0.018734 0.157485 -8.224863
v -0.012341 -0.106916 -9.049345
v 0.012489 -0.108116 -9.136162
v -0.012341 -0.108116 -9.136162
v -0.018734 0.184484 -8.277934
v -0.018734 0.157485 -8.224863
v -0.012341 -0.106916 -9.049345
v -0.012341 -0.072916 -9.049666
v -0.012341 -0.108116 -9.136162
v -0.012341 -0.076316 -9.134239
v -0.012341 -0.076316 -9.134239
v 0.012489 -0.108116 -9.136162
v 0.012489 -0.076316 -9.134239
v -0.012341 -0.108116 -9.136162
v -0.293498 0.081785 -7.145271
v -0.326357 0.051085 -7.108644
v 0.319963 0.051085 -7.108644
v 0.287402 0.081785 -7.145271
v -0.325762 0.098485 -7.101490
v 0.319963 0.098485 -7.101490
v 0.394601 0.107785 -7.160115
v 0.343009 0.089685 -7.195033
v 0.394750 0.060485 -7.167269
v 0.322937 0.165985 -7.608609
v 0.372299 0.147484 -7.645129
v -0.280860 0.172184 -7.651644
v -0.311488 0.201384 -7.690193
v 0.305541 0.201384 -7.690193
v 0.274467 0.172184 -7.651644
v -0.311786 0.154984 -7.697240
v 0.322937 0.165985 -7.608609
v 0.305541 0.154984 -7.697240
v 0.372299 0.147484 -7.645129
v 0.322937 0.165985 -7.608609
v 0.372299 0.147484 -7.645129
v 0.372151 0.193784 -7.638082
v 0.343009 0.089685 -7.195033
v 0.394601 0.107785 -7.160115
v -0.311488 0.201384 -7.690193
v -0.311786 0.154984 -7.697240
v 0.305541 0.154984 -7.697240
v 0.305541 0.201384 -7.690193
v 0.372151 0.193784 -7.638082
v 0.372299 0.147484 -7.645129
v 0.394601 0.107785 -7.160115
v 0.394750 0.060485 -7.167269
v -0.280860 0.172184 -7.651644
v -0.392520 0.193285 -7.634344
v -0.343604 0.165385 -7.604658
v -0.311786 0.154984 -7.697240
v -0.392669 0.146884 -7.641392
v -0.326357 0.051085 -7.108644
v -0.413038 0.060085 -7.165240
v -0.412592 0.107485 -7.158085
v -0.325762 0.098485 -7.101490
v 0.319963 0.098485 -7.101490
v 0.319963 0.051085 -7.108644
v 0.394750 0.060485 -7.167269
v 0.394601 0.107785 -7.160115
v -0.293498 0.081785 -7.145271
v -0.413038 0.060085 -7.165240
v -0.326357 0.051085 -7.108644
v -0.361148 0.089284 -7.192897
v -0.325762 0.098485 -7.101490
v -0.412592 0.107485 -7.158085
v -0.392520 0.193285 -7.634344
v -0.392669 0.146884 -7.641392
v -0.413038 0.060085 -7.165240
v -0.343604 0.165385 -7.604658
v -0.311488 0.201384 -7.690193
v -0.392520 0.193285 -7.634344
v -0.392669 0.146884 -7.641392
v -0.311786 0.154984 -7.697240
v -0.267627 3.138085 -9.460680
v -0.265694 3.140085 -9.453098
v 0.003866 1.724984 -9.215396
v -0.000446 1.720484 -9.232268
v -0.260491 3.140984 -9.459078
v 0.015760 1.727184 -9.228743
v -0.265694 3.140085 -9.453098
v 0.003866 1.724984 -9.215396
v 1.320443 -0.617915 0.173952
v 1.246994 -0.601715 0.173525
v 1.244467 -0.615415 -0.228732
v 1.317915 -0.631515 -0.228305
v 1.283124 -0.864915 0.192105
v 1.163584 -0.838615 0.191358
v 1.223056 -0.557615 0.181747
v 1.342597 -0.583915 0.182388
v 1.163584 -0.838615 0.191358
v 1.160907 -0.852915 -0.230334
v 1.220380 -0.572015 -0.239945
v 1.223056 -0.557615 0.181747
v 1.160907 -0.852915 -0.230334
v 1.280448 -0.879215 -0.229587
v 1.339920 -0.598315 -0.239304
v 1.220380 -0.572015 -0.239945
v 1.280448 -0.879215 -0.229587
v 1.283124 -0.864915 0.192105
v 1.342597 -0.583915 0.182388
v 1.339920 -0.598315 -0.239304
v 1.163584 -0.838615 0.191358
v 1.283124 -0.864915 0.192105
v 1.280448 -0.879215 -0.229587
v 1.160907 -0.852915 -0.230334
v 1.223056 -0.557615 0.181747
v 1.216812 -0.599315 0.173418
v 1.330851 -0.624415 0.174059
v 1.342597 -0.583915 0.182388
v 1.220380 -0.572015 -0.239945
v 1.214284 -0.613015 -0.228839
v 1.216812 -0.599315 0.173418
v 1.223056 -0.557615 0.181747
v 1.339920 -0.598315 -0.239304
v 1.328175 -0.638015 -0.228092
v 1.214284 -0.613015 -0.228839
v 1.220380 -0.572015 -0.239945
v 1.342597 -0.583915 0.182388
v 1.330851 -0.624415 0.174059
v 1.328175 -0.638015 -0.228092
v 1.339920 -0.598315 -0.239304
v 1.330851 -0.624415 0.174059
v 1.216812 -0.599315 0.173418
v 1.214284 -0.613015 -0.228839
v 1.328175 -0.638015 -0.228092
v -1.285206 -0.864915 0.192105
v -1.344678 -0.583915 0.182388
v -1.225138 -0.557615 0.181747
v -1.165665 -0.838615 0.191358
v -1.165665 -0.838615 0.191358
v -1.225138 -0.557615 0.181747
v -1.222462 -0.572015 -0.239945
v -1.162989 -0.852915 -0.230334
v -1.162989 -0.852915 -0.230334
v -1.222462 -0.572015 -0.239945
v -1.342002 -0.598315 -0.239304
v -1.282529 -0.879215 -0.229587
v -1.282529 -0.879215 -0.229587
v -1.342002 -0.598315 -0.239304
v -1.344678 -0.583915 0.182388
v -1.285206 -0.864915 0.192105
v -1.165665 -0.838615 0.191358
v -1.162989 -0.852915 -0.230334
v -1.282529 -0.879215 -0.229587
v -1.285206 -0.864915 0.192105
v -1.225138 -0.557615 0.181747
v -1.344678 -0.583915 0.182388
v -1.332932 -0.624415 0.174059
v -1.218893 -0.599315 0.173418
v -1.222462 -0.572015 -0.239945
v -1.225138 -0.557615 0.181747
v -1.218893 -0.599315 0.173418
v -1.216366 -0.613015 -0.228839
v -1.342002 -0.598315 -0.239304
v -1.222462 -0.572015 -0.239945
v -1.216366 -0.613015 -0.228839
v -1.330256 -0.638015 -0.228092
v -1.344678 -0.583915 0.182388
v -1.342002 -0.598315 -0.239304
v -1.330256 -0.638015 -0.228092
v -1.332932 -0.624415 0.174059
v -1.332932 -0.624415 0.174059
v -1.330256 -0.638015 -0.228092
v -1.216366 -0.613015 -0.228839
v -1.218893 -0.599315 0.173418
v -1.317172 -0.618715 0.173952
v -1.314644 -0.632315 -0.228305
v -1.241642 -0.616315 -0.228732
v -1.244169 -0.602615 0.173525
v -0.001041 0.257284 -8.522898
v 0.068691 0.270084 -8.521830
v -0.000743 0.178984 -8.414725
v 0.059621 0.181284 -8.414725
v -0.000446 0.134384 -8.272168
v 0.075084 0.136884 -8.272168
v 0.001189 -0.049615 -7.333532
v 0.099171 -0.046316 -7.333532
v 0.010408 -0.689915 -3.942163
v 0.146898 -0.671515 -3.940028
v -0.004609 -0.811115 -2.643877
v 0.165037 -0.804415 -2.643664
v 0.305392 -0.590115 -3.928815
v 0.382856 -0.717915 -2.638111
v 0.205032 -0.003615 -7.332144
v 0.347915 -0.541215 -3.919418
v 0.445599 -0.494115 -2.625938
v 0.402333 -0.414015 -3.540013
v 0.451398 -0.130415 -2.601271
v 0.156413 0.169784 -8.271100
v 0.239675 0.145085 -7.327018
v 0.124744 0.210884 -8.413444
v 0.179905 0.238184 -8.268751
v 0.232538 0.324085 -7.320718
v 0.385829 0.139985 -2.582797
v 0.143627 0.272584 -8.410561
v 0.186447 0.330384 -8.265441
v 0.206370 0.408685 -7.318369
v 0.285915 0.201085 -2.578525
v 0.107200 0.337584 -8.517452
v 0.177675 0.422085 -8.262237
v 0.148830 0.355584 -8.406824
v 0.157900 0.438784 -7.317301
v 0.162361 0.228985 -2.576390
v 0.097981 0.452484 -7.316660
v 0.108538 0.431084 -8.509764
v 0.157603 0.478785 -8.260208
v 0.120284 0.501985 -8.259354
v 0.097535 0.476884 -7.550732
v 0.096346 0.512184 -8.258179
v 0.086235 0.514684 -8.398921
v 0.141842 0.438184 -8.402979
v 0.125636 0.489284 -8.400523
v 0.093818 0.500584 -8.503997
v 0.064231 0.519684 -8.501968
v -0.006096 0.869485 -2.386527
v -0.085492 0.853585 -2.385886
v -0.005947 0.660185 -2.378838
v 0.073300 0.853485 -2.386100
v -0.152845 0.808285 -2.384071
v 0.140653 0.808085 -2.384498
v -0.197747 0.740385 -2.381508
v 0.185704 0.740085 -2.382042
v -0.213358 0.660285 -2.378518
v 0.201613 0.659985 -2.379052
v -0.197449 0.580185 -2.375528
v 0.185852 0.579885 -2.376062
v -0.152399 0.512285 -2.373072
v 0.140950 0.511985 -2.373499
v -0.085046 0.466785 -2.371470
v 0.073746 0.466685 -2.371684
v -0.005650 0.450785 -2.371043
v -0.962863 -0.408415 2.932516
v -1.017132 -0.408315 2.675059
v -1.031257 -0.374515 2.814305
v -0.990518 -0.369115 2.671855
v -1.023079 -0.356015 2.813131
v -0.945170 -0.368815 2.929953
v -0.965094 -0.725115 2.949174
v -1.005238 -0.733415 2.668224
v -1.038988 -0.737115 2.820072
v -1.014456 -0.692315 2.668545
v -1.045828 -0.718015 2.820285
v -0.979664 -0.684115 2.949708
v -1.087607 0.503685 0.767781
v -1.142471 0.461185 0.678082
v -1.124778 0.539785 0.667937
v -1.035717 0.537485 0.671461
v -1.088946 0.489085 0.513206
v -1.150797 -0.933115 0.988397
v -1.129536 -0.969515 0.937034
v -1.189157 -0.958415 0.922618
v -1.174438 -0.904215 0.923152
v -1.155555 -0.944315 0.814445
v -1.110950 -0.362815 1.796115
v -1.181277 -0.364515 1.517942
v -1.191685 -0.348915 1.671071
v -1.174735 -0.317215 1.516553
v -1.190941 -0.325815 1.670643
v -1.109315 -0.313415 1.795261
v -1.041070 0.355485 1.779777
v -1.096974 0.348485 1.501497
v -1.116749 0.378685 1.652917
v -1.080322 0.392985 1.497225
v -1.110950 0.400985 1.651102
v -1.028729 0.403285 1.775826
v 0.963161 -0.408415 2.932516
v 1.031554 -0.374515 2.814305
v 1.017430 -0.408315 2.675059
v 0.990667 -0.369115 2.671855
v 1.023228 -0.356015 2.813131
v 0.945468 -0.368815 2.929953
v 0.965242 -0.725115 2.949174
v 1.039286 -0.737115 2.820072
v 1.005535 -0.733415 2.668224
v 1.014753 -0.692315 2.668545
v 1.045976 -0.718015 2.820285
v 0.979813 -0.684115 2.949708
v 1.087756 0.503685 0.767781
v 1.125075 0.539785 0.667937
v 1.142620 0.461185 0.678082
v 1.035866 0.537485 0.671461
v 1.089094 0.489085 0.513206
v 1.151095 -0.933115 0.988397
v 1.189306 -0.958415 0.922618
v 1.129684 -0.969515 0.937034
v 1.174735 -0.904215 0.923152
v 1.155704 -0.944315 0.814445
v 1.111099 -0.362815 1.796115
v 1.191833 -0.348915 1.671071
v 1.179195 -0.364515 1.517942
v 1.172653 -0.317215 1.516553
v 1.191090 -0.325815 1.670643
v 1.109612 -0.313415 1.795261
v 1.041367 0.355485 1.779777
v 1.117046 0.378685 1.652917
v 1.097272 0.348485 1.501497
v 1.080471 0.392985 1.497225
v 1.111248 0.400985 1.651102
v 1.028878 0.403285 1.775826
v 1.303567 -1.580115 -1.098619
v 1.256732 -1.594715 -1.146032
v 1.303567 -1.631015 -1.110579
v 1.256732 -1.594715 -1.146032
v 1.256732 -1.656515 -1.116666
v 1.209897 -1.631015 -1.110579
v 1.256732 -1.594715 -1.146032
v 1.209897 -1.580115 -1.098619
v 1.299404 -1.422415 2.686998
v 1.256732 -1.380715 2.694153
v 1.298363 -1.381615 2.632752
v 1.214209 -1.422415 2.686998
v 1.215101 -1.381115 2.633179
v 1.298363 -1.381615 2.632752
v 1.256732 -1.380715 2.694153
v 1.215101 -1.381115 2.633179
v -1.323344 -1.422415 2.686998
v -1.322303 -1.381615 2.632752
v -1.280672 -1.380715 2.694153
v -1.239041 -1.381115 2.633179
v -1.238149 -1.422415 2.686998
v -1.322303 -1.381615 2.632752
v -1.239041 -1.381115 2.633179
v -1.280672 -1.380715 2.694153
v -1.229971 -1.463515 2.627946
v -1.229079 -1.422215 2.574127
v -1.332413 -1.422715 2.573807
v -1.331372 -1.463515 2.627946
v -1.280672 -1.483115 2.655283
v -1.332413 -1.422715 2.573807
v -1.229971 -1.463515 2.627946
v -1.233540 -1.580115 -1.098619
v -1.280374 -1.594715 -1.146032
v -1.233540 -1.631015 -1.110579
v -1.280374 -1.594715 -1.146032
v -1.280374 -1.656515 -1.116666
v -1.327209 -1.631015 -1.110579
v -1.280374 -1.594715 -1.146032
v -1.327209 -1.580115 -1.098619
v 1.308473 -1.627915 -0.879497
v 1.256732 -1.554615 -1.092639
v 1.303567 -1.580115 -1.098619
v 1.256732 -1.602615 -0.877896
v 1.209897 -1.580115 -1.098619
v 1.205139 -1.627915 -0.879497
v 1.256732 -1.617015 1.989482
v 1.205139 -1.642315 1.990122
v 1.308473 -1.642315 1.990122
v 1.256732 -1.578415 2.250250
v 1.206329 -1.602215 2.257938
v 1.307135 -1.602615 2.256443
v 1.305945 -1.515815 2.479302
v 1.256732 -1.493515 2.467129
v 1.301931 -1.408715 2.621326
v 1.207667 -1.515615 2.479730
v 1.256732 -1.390415 2.600289
v 1.211681 -1.408715 2.621326
v 1.308473 -1.700315 1.990550
v 1.308473 -1.685915 -0.882808
v 1.303567 -1.580115 -1.098619
v 1.303567 -1.631015 -1.110579
v 1.306689 -1.655415 2.269898
v 1.307135 -1.602615 2.256443
v 1.305053 -1.563215 2.503115
v 1.305945 -1.515815 2.479302
v 1.301931 -1.438315 2.657419
v 1.301931 -1.408715 2.621326
v 1.205139 -1.685915 -0.882808
v 1.256732 -1.656515 -1.116666
v 1.209897 -1.631015 -1.110579
v 1.256732 -1.715015 -0.884409
v 1.303567 -1.631015 -1.110579
v 1.205139 -1.700315 1.990550
v 1.308473 -1.685915 -0.882808
v 1.256732 -1.729215 1.991190
v 1.206923 -1.655015 2.271393
v 1.308473 -1.700315 1.990550
v 1.256732 -1.681715 2.276625
v 1.208559 -1.563215 2.503115
v 1.306689 -1.655415 2.269898
v 1.256732 -1.586515 2.515395
v 1.211681 -1.438315 2.657419
v 1.305053 -1.563215 2.503115
v 1.256732 -1.453215 2.676960
v 1.301931 -1.438315 2.657419
v 1.205139 -1.627915 -0.879497
v 1.209897 -1.631015 -1.110579
v 1.209897 -1.580115 -1.098619
v 1.205139 -1.685915 -0.882808
v 1.205139 -1.642315 1.990122
v 1.205139 -1.700315 1.990550
v 1.206329 -1.602215 2.257938
v 1.206923 -1.655015 2.271393
v 1.207667 -1.515615 2.479730
v 1.208559 -1.563215 2.503115
v 1.211681 -1.408715 2.621326
v 1.211681 -1.438315 2.657419
v 1.256732 -1.554615 -1.092639
v 1.256732 -1.594715 -1.146032
v 1.303567 -1.580115 -1.098619
v 1.209897 -1.580115 -1.098619
v 1.314420 -1.624815 -0.715049
v 1.314718 -1.626015 -0.549320
v 1.260449 -1.594015 -0.550494
v 1.260003 -1.592915 -0.714088
v 1.219264 -1.605315 -0.550494
v 1.218967 -1.604215 -0.714088
v 1.218967 -1.604215 -0.714088
v 1.219264 -1.605315 -0.550494
v 1.198449 -1.631615 -0.549320
v 1.198002 -1.630415 -0.715049
v 1.198002 -1.630415 -0.715049
v 1.198449 -1.631615 -0.549320
v 1.199192 -1.670315 -0.549427
v 1.198895 -1.669115 -0.715049
v 1.260449 -1.594015 -0.550494
v 1.198449 -1.631615 -0.549320
v 1.219264 -1.605315 -0.550494
v 1.314718 -1.626015 -0.549320
v 1.199192 -1.670315 -0.549427
v 1.218967 -1.604215 -0.714088
v 1.314420 -1.624815 -0.715049
v 1.260003 -1.592915 -0.714088
v 1.198002 -1.630415 -0.715049
v 1.198895 -1.669115 -0.715049
v 1.198895 -1.669115 -0.715049
v 1.199192 -1.670315 -0.549427
v 1.314718 -1.626015 -0.549320
v 1.314420 -1.624815 -0.715049
v 0.823324 -1.317915 1.847992
v 0.821243 -1.331315 1.796309
v 0.502766 -1.205715 1.785523
v 0.502320 -1.204715 1.848313
v 0.839382 -1.282815 1.856001
v 0.502320 -1.204715 1.848313
v 0.507524 -1.167115 1.856215
v 0.823324 -1.317915 1.847992
v 1.050213 -1.428415 1.856642
v 1.023599 -1.456415 1.848526
v 1.274128 -1.657415 1.856535
v 1.239931 -1.675215 1.848206
v 0.852466 -1.255615 1.813287
v 0.507524 -1.167115 1.856215
v 0.511836 -1.141015 1.813394
v 0.839382 -1.282815 1.856001
v 1.071772 -1.406915 1.814035
v 1.050213 -1.428415 1.856642
v 0.821243 -1.331315 1.796309
v 0.507970 -1.168815 1.771535
v 0.502766 -1.205715 1.785523
v 0.839828 -1.284515 1.771214
v 0.511836 -1.141015 1.813394
v 1.011407 -1.465415 1.797697
v 0.852466 -1.255615 1.813287
v 1.050659 -1.430115 1.771855
v 1.071772 -1.406915 1.814035
v 1.226103 -1.681815 1.797270
v 1.274574 -1.659115 1.771748
v 1.023599 -1.456415 1.848526
v 0.821243 -1.331315 1.796309
v 0.823324 -1.317915 1.847992
v 1.011407 -1.465415 1.797697
v 1.239931 -1.675215 1.848206
v 1.226103 -1.681815 1.797270
v 1.301782 -1.644215 1.814035
v 1.274128 -1.657415 1.856535
v 1.050213 -1.428415 1.856642
v 1.071772 -1.406915 1.814035
v 1.274574 -1.659115 1.771748
v 1.050659 -1.430115 1.771855
v 0.823324 -1.320915 -0.596091
v 0.821243 -1.334315 -0.647775
v 0.502766 -1.225515 -0.658987
v 0.502320 -1.224515 -0.596198
v 0.839382 -1.285815 -0.588189
v 0.502320 -1.224515 -0.596198
v 0.507524 -1.186915 -0.588296
v 0.823324 -1.320915 -0.596091
v 1.050213 -1.431415 -0.587869
v 1.023599 -1.459415 -0.595985
v 1.274128 -1.645215 -0.586908
v 1.239931 -1.662915 -0.595130
v 0.852466 -1.258615 -0.630903
v 0.507524 -1.186915 -0.588296
v 0.511836 -1.160815 -0.631117
v 0.839382 -1.285815 -0.588189
v 1.071772 -1.409915 -0.630476
v 1.050213 -1.431415 -0.587869
v 0.821243 -1.334315 -0.647775
v 0.507970 -1.185915 -0.673083
v 0.502766 -1.225515 -0.658987
v 0.839828 -1.287415 -0.672976
v 0.511836 -1.160815 -0.631117
v 1.011407 -1.468315 -0.646921
v 0.852466 -1.258615 -0.630903
v 1.050659 -1.433015 -0.672656
v 1.071772 -1.409915 -0.630476
v 1.226103 -1.669615 -0.646067
v 1.274574 -1.646815 -0.671588
v 1.023599 -1.459415 -0.595985
v 0.821243 -1.334315 -0.647775
v 0.823324 -1.320915 -0.596091
v 1.011407 -1.468315 -0.646921
v 1.239931 -1.662915 -0.595130
v 1.226103 -1.669615 -0.646067
v 1.301782 -1.631915 -0.629301
v 1.274128 -1.645215 -0.586908
v 1.050213 -1.431415 -0.587869
v 1.071772 -1.409915 -0.630476
v 1.274574 -1.646815 -0.671588
v 1.050659 -1.433015 -0.672656
v 1.314420 -1.637215 1.735335
v 1.314718 -1.638415 1.901064
v 1.260449 -1.606515 1.899783
v 1.260003 -1.605315 1.736296
v 1.219264 -1.617815 1.899783
v 1.218967 -1.616615 1.736296
v 1.218967 -1.616615 1.736296
v 1.219264 -1.617815 1.899783
v 1.198449 -1.644015 1.901064
v 1.198002 -1.642815 1.735335
v 1.198002 -1.642815 1.735335
v 1.198449 -1.644015 1.901064
v 1.199192 -1.682715 1.900957
v 1.198895 -1.681515 1.735335
v 1.260449 -1.606515 1.899783
v 1.198449 -1.644015 1.901064
v 1.219264 -1.617815 1.899783
v 1.314718 -1.638415 1.901064
v 1.199192 -1.682715 1.900957
v 1.218967 -1.616615 1.736296
v 1.314420 -1.637215 1.735335
v 1.260003 -1.605315 1.736296
v 1.198002 -1.642815 1.735335
v 1.198895 -1.681515 1.735335
v 1.198895 -1.681515 1.735335
v 1.199192 -1.682715 1.900957
v 1.314718 -1.638415 1.901064
v 1.314420 -1.637215 1.735335
v 1.298957 -1.381315 2.636275
v 1.215547 -1.381215 2.636169
v 1.235024 -1.381815 2.352976
v 1.278737 -1.381915 2.352976
v 1.235024 -1.381815 2.352976
v 1.235024 -1.559015 2.383089
v 1.278737 -1.559115 2.383089
v 1.278737 -1.381915 2.352976
v 1.278737 -1.381915 2.352976
v 1.298957 -1.417115 2.635955
v 1.298957 -1.381315 2.636275
v 1.278737 -1.414915 2.394409
v 1.278737 -1.559115 2.383089
v 1.278737 -1.564215 2.402417
v 1.215547 -1.381215 2.636169
v 1.215547 -1.417015 2.635848
v 1.235024 -1.414815 2.394409
v 1.235024 -1.381815 2.352976
v 1.235024 -1.564115 2.402417
v 1.235024 -1.559015 2.383089
v 1.278737 -1.414915 2.394409
v 1.235024 -1.414815 2.394409
v 1.215547 -1.417015 2.635848
v 1.298957 -1.417115 2.635955
v 1.278737 -1.564215 2.402417
v 1.235024 -1.564115 2.402417
v 1.235024 -1.414815 2.394409
v 1.278737 -1.414915 2.394409
v 1.256732 -1.437615 2.701628
v 1.256732 -1.380715 2.694153
v 1.299404 -1.422415 2.686998
v 1.214209 -1.422415 2.686998
v 1.298363 -1.381615 2.632752
v 1.308473 -1.422715 2.573807
v 1.307432 -1.463515 2.627946
v 1.299404 -1.422415 2.686998
v 1.299404 -1.422415 2.686998
v 1.307432 -1.463515 2.627946
v 1.256732 -1.483115 2.655283
v 1.256732 -1.437615 2.701628
v 1.206031 -1.463515 2.627946
v 1.214209 -1.422415 2.686998
v 1.214209 -1.422415 2.686998
v 1.206031 -1.463515 2.627946
v 1.205139 -1.422215 2.574127
v 1.215101 -1.381115 2.633179
v 1.298363 -1.381615 2.632752
v 1.215101 -1.381115 2.633179
v 1.205139 -1.422215 2.574127
v 1.308473 -1.422715 2.573807
v 1.307432 -1.463515 2.627946
v 1.308473 -1.422715 2.573807
v 1.205139 -1.422215 2.574127
v 1.256732 -1.483115 2.655283
v 1.206031 -1.463515 2.627946
v -1.338360 -1.624815 -0.715049
v -1.284389 -1.594015 -0.550494
v -1.338658 -1.626015 -0.549320
v -1.283943 -1.592915 -0.714088
v -1.243204 -1.605315 -0.550494
v -1.242907 -1.604215 -0.714088
v -1.242907 -1.604215 -0.714088
v -1.221942 -1.630415 -0.715049
v -1.222389 -1.631615 -0.549320
v -1.243204 -1.605315 -0.550494
v -1.221942 -1.630415 -0.715049
v -1.222835 -1.669115 -0.715049
v -1.223132 -1.670315 -0.549427
v -1.222389 -1.631615 -0.549320
v -1.284389 -1.594015 -0.550494
v -1.243204 -1.605315 -0.550494
v -1.222389 -1.631615 -0.549320
v -1.338658 -1.626015 -0.549320
v -1.223132 -1.670315 -0.549427
v -1.242907 -1.604215 -0.714088
v -1.283943 -1.592915 -0.714088
v -1.338360 -1.624815 -0.715049
v -1.221942 -1.630415 -0.715049
v -1.222835 -1.669115 -0.715049
v -1.222835 -1.669115 -0.715049
v -1.338360 -1.624815 -0.715049
v -1.338658 -1.626015 -0.549320
v -1.223132 -1.670315 -0.549427
v -0.847264 -1.317915 1.847992
v -0.526260 -1.204715 1.848313
v -0.526706 -1.205715 1.785523
v -0.845183 -1.331315 1.796309
v -0.863322 -1.282815 1.856001
v -0.531464 -1.167115 1.856215
v -0.526260 -1.204715 1.848313
v -0.847264 -1.317915 1.847992
v -1.074153 -1.428415 1.856642
v -1.047539 -1.456415 1.848526
v -1.298068 -1.657415 1.856535
v -1.263871 -1.675215 1.848206
v -0.876406 -1.255615 1.813287
v -0.535776 -1.141015 1.813394
v -0.531464 -1.167115 1.856215
v -0.863322 -1.282815 1.856001
v -1.095712 -1.406915 1.814035
v -1.074153 -1.428415 1.856642
v -0.845183 -1.331315 1.796309
v -0.526706 -1.205715 1.785523
v -0.531910 -1.168815 1.771535
v -0.863768 -1.284515 1.771214
v -0.535776 -1.141015 1.813394
v -1.035347 -1.465415 1.797697
v -0.876406 -1.255615 1.813287
v -1.074599 -1.430115 1.771855
v -1.095712 -1.406915 1.814035
v -1.250043 -1.681815 1.797270
v -1.298514 -1.659115 1.771748
v -1.047539 -1.456415 1.848526
v -0.847264 -1.317915 1.847992
v -0.845183 -1.331315 1.796309
v -1.035347 -1.465415 1.797697
v -1.263871 -1.675215 1.848206
v -1.250043 -1.681815 1.797270
v -1.325722 -1.644215 1.814035
v -1.074153 -1.428415 1.856642
v -1.298068 -1.657415 1.856535
v -1.095712 -1.406915 1.814035
v -1.298514 -1.659115 1.771748
v -1.074599 -1.430115 1.771855
v -0.847264 -1.320915 -0.596091
v -0.526260 -1.224515 -0.596198
v -0.526706 -1.225515 -0.658987
v -0.845183 -1.334315 -0.647775
v -0.863322 -1.285815 -0.588189
v -0.531464 -1.186915 -0.588296
v -0.526260 -1.224515 -0.596198
v -0.847264 -1.320915 -0.596091
v -1.074153 -1.431415 -0.587869
v -1.047539 -1.459415 -0.595985
v -1.298068 -1.645215 -0.586908
v -1.263871 -1.662915 -0.595130
v -0.876406 -1.258615 -0.630903
v -0.535776 -1.160815 -0.631117
v -0.531464 -1.186915 -0.588296
v -0.863322 -1.285815 -0.588189
v -1.095712 -1.409915 -0.630476
v -1.074153 -1.431415 -0.587869
v -0.845183 -1.334315 -0.647775
v -0.526706 -1.225515 -0.658987
v -0.531910 -1.185915 -0.673083
v -0.863768 -1.287415 -0.672976
v -0.535776 -1.160815 -0.631117
v -1.035347 -1.468315 -0.646921
v -0.876406 -1.258615 -0.630903
v -1.074599 -1.433015 -0.672656
v -1.095712 -1.409915 -0.630476
v -1.250043 -1.669615 -0.646067
v -1.298514 -1.646815 -0.671588
v -1.047539 -1.459415 -0.595985
v -0.847264 -1.320915 -0.596091
v -0.845183 -1.334315 -0.647775
v -1.035347 -1.468315 -0.646921
v -1.263871 -1.662915 -0.595130
v -1.250043 -1.669615 -0.646067
v -1.325722 -1.631915 -0.629301
v -1.074153 -1.431415 -0.587869
v -1.298068 -1.645215 -0.586908
v -1.095712 -1.409915 -0.630476
v -1.298514 -1.646815 -0.671588
v -1.074599 -1.433015 -0.672656
v -1.338360 -1.637215 1.735335
v -1.284389 -1.606515 1.899783
v -1.338658 -1.638415 1.901064
v -1.283943 -1.605315 1.736296
v -1.243204 -1.617815 1.899783
v -1.242907 -1.616615 1.736296
v -1.242907 -1.616615 1.736296
v -1.221942 -1.642815 1.735335
v -1.222389 -1.644015 1.901064
v -1.243204 -1.617815 1.899783
v -1.221942 -1.642815 1.735335
v -1.222835 -1.681515 1.735335
v -1.223132 -1.682715 1.900957
v -1.222389 -1.644015 1.901064
v -1.284389 -1.606515 1.899783
v -1.243204 -1.617815 1.899783
v -1.222389 -1.644015 1.901064
v -1.338658 -1.638415 1.901064
v -1.223132 -1.682715 1.900957
v -1.242907 -1.616615 1.736296
v -1.283943 -1.605315 1.736296
v -1.338360 -1.637215 1.735335
v -1.221942 -1.642815 1.735335
v -1.222835 -1.681515 1.735335
v -1.222835 -1.681515 1.735335
v -1.338360 -1.637215 1.735335
v -1.338658 -1.638415 1.901064
v -1.223132 -1.682715 1.900957
v -1.322897 -1.381315 2.636275
v -1.302677 -1.381915 2.352976
v -1.258964 -1.381815 2.352976
v -1.239487 -1.381215 2.636169
v -1.258964 -1.381815 2.352976
v -1.302677 -1.381915 2.352976
v -1.302677 -1.559115 2.383089
v -1.258964 -1.559015 2.383089
v -1.302677 -1.381915 2.352976
v -1.322897 -1.381315 2.636275
v -1.322897 -1.417115 2.635955
v -1.302677 -1.414915 2.394409
v -1.302677 -1.559115 2.383089
v -1.302677 -1.564215 2.402417
v -1.239487 -1.381215 2.636169
v -1.258964 -1.414815 2.394409
v -1.239487 -1.417015 2.635848
v -1.258964 -1.381815 2.352976
v -1.258964 -1.564115 2.402417
v -1.258964 -1.559015 2.383089
v -1.302677 -1.414915 2.394409
v -1.322897 -1.417115 2.635955
v -1.239487 -1.417015 2.635848
v -1.258964 -1.414815 2.394409
v -1.302677 -1.564215 2.402417
v -1.302677 -1.414915 2.394409
v -1.258964 -1.414815 2.394409
v -1.258964 -1.564115 2.402417
v -1.280672 -1.437615 2.701628
v -1.323344 -1.422415 2.686998
v -1.280672 -1.380715 2.694153
v -1.238149 -1.422415 2.686998
v -1.322303 -1.381615 2.632752
v -1.323344 -1.422415 2.686998
v -1.331372 -1.463515 2.627946
v -1.332413 -1.422715 2.573807
v -1.323344 -1.422415 2.686998
v -1.280672 -1.483115 2.655283
v -1.331372 -1.463515 2.627946
v -1.280672 -1.437615 2.701628
v -1.229971 -1.463515 2.627946
v -1.238149 -1.422415 2.686998
v -1.238149 -1.422415 2.686998
v -1.239041 -1.381115 2.633179
v -1.229079 -1.422215 2.574127
v -1.229971 -1.463515 2.627946
v -1.322303 -1.381615 2.632752
v -1.332413 -1.422715 2.573807
v -1.229079 -1.422215 2.574127
v -1.239041 -1.381115 2.633179
v 0.507524 -1.167115 1.856215
v -0.531464 -1.167115 1.856215
v -0.535776 -1.141015 1.813394
v 0.511836 -1.141015 1.813394
v 0.511836 -1.141015 1.813394
v -0.535776 -1.141015 1.813394
v -0.531910 -1.168815 1.771535
v 0.507970 -1.168815 1.771535
v -0.526706 -1.205715 1.785523
v 0.502766 -1.205715 1.785523
v 0.507524 -1.186915 -0.588296
v -0.531464 -1.186915 -0.588296
v -0.535776 -1.160815 -0.631117
v 0.511836 -1.160815 -0.631117
v 0.511836 -1.160815 -0.631117
v -0.535776 -1.160815 -0.631117
v -0.531910 -1.185915 -0.673083
v 0.507970 -1.185915 -0.673083
v -0.526706 -1.225515 -0.658987
v 0.502766 -1.225515 -0.658987
v 0.502766 -1.205715 1.785523
v -0.526706 -1.205715 1.785523
v -0.526260 -1.204715 1.848313
v 0.502320 -1.204715 1.848313
v 0.502320 -1.204715 1.848313
v -0.526260 -1.204715 1.848313
v -0.531464 -1.167115 1.856215
v 0.507524 -1.167115 1.856215
v 0.502766 -1.225515 -0.658987
v -0.526706 -1.225515 -0.658987
v -0.526260 -1.224515 -0.596198
v 0.502320 -1.224515 -0.596198
v 0.502320 -1.224515 -0.596198
v -0.526260 -1.224515 -0.596198
v -0.531464 -1.186915 -0.588296
v 0.507524 -1.186915 -0.588296
v -1.228633 -1.627915 -0.879497
v -1.280374 -1.554615 -1.092639
v -1.233540 -1.580115 -1.098619
v -1.280374 -1.602615 -0.877896
v -1.327209 -1.580115 -1.098619
v -1.331967 -1.627915 -0.879497
v -1.280374 -1.617015 1.989482
v -1.331967 -1.642315 1.990122
v -1.228633 -1.642315 1.990122
v -1.280374 -1.578415 2.250250
v -1.330629 -1.602215 2.257938
v -1.229971 -1.602615 2.256443
v -1.231161 -1.515815 2.479302
v -1.280374 -1.493515 2.467129
v -1.235175 -1.408715 2.621326
v -1.329439 -1.515615 2.479730
v -1.280374 -1.390415 2.600289
v -1.325425 -1.408715 2.621326
v -1.228633 -1.700315 1.990550
v -1.228633 -1.685915 -0.882808
v -1.233540 -1.580115 -1.098619
v -1.233540 -1.631015 -1.110579
v -1.230417 -1.655415 2.269898
v -1.229971 -1.602615 2.256443
v -1.232053 -1.563215 2.503115
v -1.231161 -1.515815 2.479302
v -1.235175 -1.438315 2.657419
v -1.235175 -1.408715 2.621326
v -1.331967 -1.685915 -0.882808
v -1.280374 -1.656515 -1.116666
v -1.327209 -1.631015 -1.110579
v -1.280374 -1.715015 -0.884409
v -1.233540 -1.631015 -1.110579
v -1.331967 -1.700315 1.990550
v -1.228633 -1.685915 -0.882808
v -1.280374 -1.729215 1.991190
v -1.330183 -1.655015 2.271393
v -1.228633 -1.700315 1.990550
v -1.280374 -1.681715 2.276625
v -1.328547 -1.563215 2.503115
v -1.230417 -1.655415 2.269898
v -1.280374 -1.586515 2.515395
v -1.325425 -1.438315 2.657419
v -1.232053 -1.563215 2.503115
v -1.280374 -1.453215 2.676960
v -1.235175 -1.438315 2.657419
v -1.331967 -1.627915 -0.879497
v -1.327209 -1.631015 -1.110579
v -1.327209 -1.580115 -1.098619
v -1.331967 -1.685915 -0.882808
v -1.331967 -1.642315 1.990122
v -1.331967 -1.700315 1.990550
v -1.330629 -1.602215 2.257938
v -1.330183 -1.655015 2.271393
v -1.329439 -1.515615 2.479730
v -1.328547 -1.563215 2.503115
v -1.325425 -1.408715 2.621326
v -1.325425 -1.438315 2.657419
v -1.280374 -1.554615 -1.092639
v -1.280374 -1.594715 -1.146032
v -1.233540 -1.580115 -1.098619
v -1.327209 -1.580115 -1.098619
v -0.894618 -0.270315 2.888307
v -0.894618 -0.292215 2.909557
v -0.969703 -0.343015 2.819218
v -0.805409 -0.231715 2.968716
v -0.805409 -0.209815 2.947466
v -0.692857 -0.172015 3.023176
v -0.693006 -0.150115 3.001926
v -0.509533 -0.108315 3.079345
v -0.575547 -0.104015 3.042184
v -0.443667 -0.068715 3.074005
v -0.327397 -0.071715 3.110526
v -0.327546 -0.051815 3.087354
v -0.058283 -0.050315 3.130174
v -0.058432 -0.030415 3.106895
v -0.002230 -0.030515 3.106895
v -0.002082 -0.050415 3.130067
v -0.969703 -0.343015 2.819218
v -1.002561 -0.411415 2.839507
v -1.022336 -0.433015 2.790920
v -1.015051 -0.457615 2.859689
v -1.040624 -0.522515 2.784085
v -1.017578 -0.522315 2.902403
v -1.034528 -0.593015 2.792308
v -1.002710 -0.584115 3.034709
v -0.894618 -0.292215 2.909557
v -1.002561 -0.411415 2.839507
v -0.969703 -0.343015 2.819218
v -0.924057 -0.341615 2.977686
v -1.015051 -0.457615 2.859689
v -0.805409 -0.231715 2.968716
v -0.951712 -0.397715 3.033214
v -0.873060 -0.350315 3.170645
v -1.017578 -0.522315 2.902403
v -0.960930 -0.486115 3.102303
v -1.002710 -0.584115 3.034709
v -0.965391 -0.580215 3.141066
v -0.890307 -0.574115 3.309465
v -0.882278 -0.457515 3.260665
v -0.760953 -0.568215 3.471137
v -0.748910 -0.430015 3.412726
v -0.625950 -0.564315 3.579950
v -0.837376 -0.286415 3.087033
v -0.722594 -0.233415 3.192216
v -0.692857 -0.172015 3.023176
v -0.524698 -0.404415 3.554109
v -0.461062 -0.561315 3.663242
v -0.325464 -0.560115 3.699549
v -0.733299 -0.304715 3.302631
v -0.487082 -0.184115 3.289817
v -0.509533 -0.108315 3.079345
v -0.498976 -0.262415 3.425326
v -0.292160 -0.391215 3.627363
v -0.236107 -0.158615 3.340326
v -0.327397 -0.071715 3.110526
v -0.058283 -0.050315 3.130174
v -0.255881 -0.240515 3.488863
v -0.001933 -0.151515 3.354315
v -0.002082 -0.050415 3.130067
v -0.001635 -0.234515 3.506483
v -0.001189 -0.387715 3.647652
v -0.000743 -0.559515 3.721119
v 0.890158 -0.271615 2.885851
v 0.965094 -0.344415 2.816548
v 0.890158 -0.293515 2.907101
v 0.800949 -0.232815 2.966474
v 0.800949 -0.210915 2.945223
v 0.688545 -0.173015 3.021254
v 0.688545 -0.151115 3.000004
v 0.505221 -0.109015 3.077956
v 0.571087 -0.104915 3.040582
v 0.439206 -0.069315 3.072831
v 0.325018 -0.072215 3.109672
v 0.325018 -0.052315 3.086499
v 0.054120 -0.050415 3.129960
v 0.053971 -0.030515 3.106788
v -0.002082 -0.050415 3.130067
v -0.002230 -0.030515 3.106895
v 0.965094 -0.344415 2.816548
v 1.017876 -0.434515 2.788143
v 1.002413 -0.412915 2.836730
v 1.015051 -0.459115 2.856913
v 1.036312 -0.524015 2.781309
v 1.013713 -0.523815 2.899626
v 1.030514 -0.594515 2.789425
v 0.998844 -0.585515 3.032039
v -0.001933 -0.151515 3.354315
v -0.002082 -0.050415 3.130067
v 0.054120 -0.050415 3.129960
v 0.232092 -0.158915 3.339792
v 0.325018 -0.072215 3.109672
v -0.001635 -0.234515 3.506483
v 0.505221 -0.109015 3.077956
v 0.252610 -0.240915 3.488222
v -0.001189 -0.387715 3.647652
v 0.482919 -0.184715 3.288536
v 0.688545 -0.173015 3.021254
v 0.289781 -0.391615 3.626615
v -0.000743 -0.559515 3.721119
v 0.717984 -0.234315 3.190294
v 0.800949 -0.232815 2.966474
v 0.495408 -0.263115 3.424045
v 0.323680 -0.560515 3.698695
v 0.522022 -0.405115 3.552720
v 0.459278 -0.562015 3.662068
v 0.623720 -0.565215 3.578349
v 0.729284 -0.305715 3.300709
v 0.745639 -0.431015 3.410804
v 0.758277 -0.569315 3.469215
v 0.832915 -0.287615 3.084791
v 0.890158 -0.293515 2.907101
v 0.868748 -0.351515 3.168403
v 0.878561 -0.458715 3.258316
v 0.887036 -0.575315 3.307116
v 0.957065 -0.487515 3.099741
v 0.961823 -0.581615 3.138503
v 0.998844 -0.585515 3.032039
v 1.013713 -0.523815 2.899626
v 1.015051 -0.459115 2.856913
v 1.002413 -0.412915 2.836730
v 0.912312 -0.343015 2.975123
v 0.965094 -0.344415 2.816548
v 0.940561 -0.399115 3.030651
vn 0.9564 -0.2422 0.1632
vn 0.8549 -0.1728 0.4892
vn 0.8538 0.1734 -0.4908
vn 0.0028 0.9985 -0.0541
vn -0.0028 -0.9985 0.0551
vn -0.0000 -0.9993 0.0365
vn -0.2035 -0.0345 -0.9785
vn 0.1946 -0.0334 -0.9803
vn 0.1647 0.8894 0.4265
vn -0.0791 -0.8752 -0.4772
vn -0.2365 0.0362 0.9709
vn 0.0027 0.9976 -0.0687
vn 0.9121 -0.0063 0.4099
vn -0.0000 0.1309 0.9914
vn -0.0000 -0.2420 -0.9703
vn 0.9790 0.1150 0.1686
vn 0.0637 -0.0224 -0.9977
vn 0.5845 0.4002 -0.7058
vn 0.1433 0.8159 -0.5601
vn -0.4781 0.7294 -0.4893
vn -0.7796 0.1919 -0.5961
vn -0.5852 0.3984 -0.7063
vn 0.1433 -0.8158 0.5603
vn -0.4783 -0.7297 0.4887
vn 0.7801 0.1921 -0.5954
vn 0.6441 -0.2189 0.7330
vn 0.3555 -0.6546 0.6672
vn 0.3136 0.6876 -0.6549
vn 0.6320 0.2814 -0.7220
vn -0.6439 -0.2213 0.7324
vn 0.3563 0.6544 -0.6670
vn -0.3129 0.6877 -0.6551
vn -0.6314 0.2812 -0.7227
vn -0.0000 -0.5845 -0.8114
vn -0.0000 0.8522 -0.5232
vn 1.0000 0.0030 0.0041
vn -0.9791 0.1406 -0.1467
vn -1.0000 0.0020 0.0028
vn -0.9776 -0.1469 0.1510
vn 0.4793 -0.5371 -0.6941
vn 0.6740 -0.4210 -0.6070
vn -0.6651 -0.4692 0.5810
vn 0.6315 0.4591 -0.6248
vn 0.7193 -0.6787 -0.1483
vn -0.6142 0.7788 0.1269
vn 0.6800 0.4198 0.6011
vn 0.4858 0.5364 0.6901
vn -0.6176 -0.7764 -0.1254
vn 0.7158 0.6831 0.1449
vn -0.6368 0.4845 -0.5999
vn -0.6843 0.4318 -0.5876
vn 0.3858 -0.6167 0.6862
vn -0.3787 0.6222 -0.6851
vn 0.3833 0.6174 -0.6869
vn 0.3763 0.6229 -0.6859
vn 0.6763 0.7192 -0.1595
vn 0.3976 0.9020 -0.1685
vn -0.4020 0.8964 -0.1869
vn 0.6840 -0.7172 0.1329
vn -0.5959 -0.8027 0.0237
vn -0.6634 -0.7483 0.0010
vn 0.6772 0.6314 -0.3778
vn 0.5775 0.7078 -0.4068
vn -0.5780 0.7075 -0.4066
vn 0.6817 -0.6276 0.3761
vn -0.6607 0.7507 0.0018
vn -0.5959 0.8028 -0.0202
vn -0.7703 0.3698 0.5195
vn 0.7727 0.3705 0.5155
vn -0.5498 -0.0113 0.8352
vn 0.5502 -0.0112 0.8350
vn 0.6016 -0.5676 -0.5621
vn 0.5736 -0.6799 0.4569
vn -0.5733 -0.6778 0.4603
vn 0.6003 0.5705 0.5605
vn -0.9450 0.2896 -0.1522
vn -0.0316 0.0450 0.9985
vn -0.0779 0.0545 0.9955
vn -0.0064 0.0302 0.9995
vn -0.0645 0.0475 0.9968
vn 0.0012 0.0251 0.9997
vn 0.0016 0.0368 0.9993
vn -0.0000 0.0372 0.9993
vn 0.0034 0.0367 0.9993
vn 0.0020 0.0363 0.9993
vn 0.0008 0.0352 0.9994
vn -0.9970 0.0766 -0.0045
vn 0.5909 0.7687 -0.2449
vn 0.5909 -0.7687 0.2449
vn 0.2447 0.7687 -0.5909
vn 0.2447 -0.7687 0.5909
vn 0.5909 -0.7687 -0.2449
vn 0.5909 0.7687 0.2449
vn -0.2447 0.7687 0.5909
vn -0.2447 -0.7687 -0.5909
vn 0.7798 0.0268 0.6254
vn -0.7825 -0.0393 -0.6214
vn 0.7798 -0.0268 -0.6254
vn 0.7825 -0.0393 -0.6214
vn 1.0000 -0.0000 -0.0000
vn -0.8558 0.0430 -0.5155
vn -0.8566 0.0562 -0.5129
vn -0.9138 -0.0234 -0.4056
vn -0.9142 -0.0346 -0.4037
vn -0.9990 -0.0424 -0.0120
vn -0.1750 0.8549 0.4884
vn 0.9990 -0.0424 -0.0120
vn 0.1750 0.8549 0.4884
vn 0.1846 -0.8814 -0.4347
vn 0.5241 -0.7346 -0.4308
vn 0.8340 -0.3107 -0.4559
vn 0.6630 -0.6095 -0.4346
vn 0.8513 -0.3047 -0.4271
vn 0.9062 0.0422 -0.4206
vn 0.8873 0.2081 -0.4115
vn 0.7477 0.5238 -0.4082
vn 0.0004 0.8724 -0.4888
vn 0.6279 0.6593 -0.4137
vn 0.3380 0.8456 -0.4130
vn -0.0002 0.9108 -0.4128
vn -0.3384 0.8455 -0.4130
vn -0.6287 0.6585 -0.4136
vn -0.7490 0.5222 -0.4078
vn -0.9069 0.0405 -0.4194
vn -0.8883 0.2059 -0.4105
vn -0.8344 -0.3123 -0.4542
vn -0.8518 -0.3056 -0.4255
vn -0.6639 -0.6097 -0.4329
vn -0.5254 -0.7345 -0.4294
vn -0.1870 -0.8812 -0.4342
vn -1.0000 -0.0000 -0.0000
vn 0.0118 0.0304 0.9995
vn 0.0014 0.0311 0.9995
vn 0.0014 0.0317 0.9995
vn 0.0014 0.0318 0.9995
vn 0.0014 0.0354 0.9994
vn 0.0015 0.0351 0.9994
vn 0.0013 0.0357 0.9994
vn 0.0015 0.0352 0.9994
vn 0.0014 0.0356 0.9994
vn 0.0090 -0.0304 -0.9995
vn -1.0000 0.0043 0.0050
vn 1.0000 -0.0043 -0.0050
vn 1.0000 -0.0045 0.0018
vn -1.0000 0.0004 0.0041
vn 0.0024 0.0763 -0.9971
vn -0.7243 0.1467 -0.6737
vn -0.8465 -0.0612 0.5289
vn -0.7490 -0.1149 0.6525
vn -0.7228 -0.1271 0.6792
vn -0.8688 -0.0464 0.4929
vn 0.8329 -0.0862 0.5467
vn 0.7478 -0.0690 0.6603
vn 0.7244 -0.0645 0.6863
vn 0.7369 0.1498 -0.6592
vn 0.8423 -0.0883 0.5317
vn -0.7267 0.1468 -0.6711
vn -0.8469 -0.0609 0.5283
vn -0.7510 -0.1139 0.6504
vn -0.7253 -0.1260 0.6768
vn 0.0046 0.7189 -0.6951
vn -0.7244 0.5142 -0.4592
vn -0.8468 -0.3905 0.3611
vn -0.7279 -0.5124 0.4556
vn -0.7211 -0.5181 0.4600
vn -0.8537 -0.3817 0.3542
vn 0.8319 -0.4136 0.3699
vn 0.7274 -0.5033 0.4664
vn 0.7217 -0.5074 0.4709
vn 0.7368 0.5053 -0.4492
vn 0.8345 -0.4109 0.3671
vn 0.0029 0.7377 0.6751
vn 0.0030 0.7377 0.6751
vn -0.0243 0.7376 0.6748
vn 0.0299 0.7372 0.6750
vn -0.0046 -0.7189 0.6951
vn -0.7223 0.5158 -0.4607
vn -0.8468 -0.3904 0.3613
vn -0.7259 -0.5140 0.4570
vn -0.7190 -0.5198 0.4615
vn -0.8538 -0.3815 0.3543
vn 0.8305 -0.4150 0.3714
vn 0.7293 -0.5019 0.4649
vn 0.7238 -0.5059 0.4692
vn 0.7389 0.5037 -0.4475
vn 0.8331 -0.4124 0.3687
vn -0.0244 0.7376 0.6748
vn 0.0297 0.7373 0.6750
vn -1.0000 0.0061 -0.0024
vn -1.0000 0.0004 0.0040
vn -0.8719 -0.4826 -0.0831
vn 1.0000 -0.0008 -0.0066
vn -1.0000 -0.0000 0.0052
vn 1.0000 -0.0000 -0.0053
vn 1.0000 -0.0000 -0.0052
vn -1.0000 -0.0000 0.0053
vn 1.0000 -0.0026 -0.0079
vn -1.0000 -0.0026 0.0079
vn -0.6247 -0.6612 0.4154
vn -0.5502 -0.6851 0.4774
vn 0.9617 0.2034 0.1839
vn 0.5592 -0.4506 0.6959
vn 0.5573 -0.4518 0.6966
vn 0.6318 -0.3977 0.6653
vn 0.6338 -0.3961 0.6644
vn 0.6069 -0.6684 0.4300
vn 0.5305 -0.6907 0.4914
vn -0.9617 0.2032 0.1837
vn -0.0004 0.9989 -0.0468
vn 0.0004 -0.9989 0.0468
vn -0.0003 0.9989 -0.0468
vn 0.0003 -0.9989 0.0468
vn -0.0004 -0.9989 0.0468
vn 0.0004 0.9989 -0.0468
vn 0.0003 0.9989 -0.0468
vn -0.0003 -0.9989 0.0468
vn -0.0000 -0.4933 -0.8699
vn -0.0000 0.0538 0.9986
vn -0.0000 0.9846 -0.1749
vn -0.0000 -0.9846 0.1749
vn -0.0000 0.7705 -0.6374
vn -0.0000 -0.7705 0.6374
vn -0.8064 0.1189 0.5793
vn -0.0000 -0.0538 -0.9986
vn 0.8064 0.1189 0.5793
vn 0.0010 0.0649 0.9979
vn 0.2578 0.9651 0.0468
vn 0.0773 0.9947 -0.0678
vn -0.0596 -0.0146 -0.9981
vn -0.0005 0.0537 -0.9986
vn -0.0011 0.0518 -0.9987
vn -0.0012 0.0525 -0.9986
vn -0.0013 0.0518 -0.9987
vn -0.0000 -0.6474 -0.7621
vn -0.0018 0.0507 -0.9987
vn -0.0006 0.7288 -0.6847
vn 0.0010 0.9982 0.0607
vn 0.0020 0.6475 0.7621
vn 0.0020 0.6474 0.7621
vn 0.0014 -0.0526 0.9986
vn 0.0011 -0.0517 0.9987
vn 0.0011 -0.0515 0.9987
vn -0.0163 -0.0721 0.9973
vn -0.0002 -0.0507 0.9987
vn -0.0212 -0.0771 0.9968
vn -0.0437 -0.1025 0.9938
vn -0.0025 -0.7278 0.6858
vn 0.0008 -0.7292 0.6843
vn -0.0007 -0.7285 0.6850
vn 0.0025 -0.7299 0.6835
vn -0.0001 -0.9981 -0.0608
vn -0.0001 -0.9982 -0.0608
vn -0.0002 -0.9981 -0.0609
vn -0.0000 -0.9982 -0.0607
vn 0.0017 0.9051 0.4253
vn 0.0005 0.2924 0.9563
vn 0.9321 0.2635 -0.2487
vn 0.0458 -0.7212 0.6912
vn -0.7457 -0.3406 -0.5726
vn 0.0034 -0.5076 -0.8616
vn 0.0031 -0.5076 -0.8616
vn 0.0037 -0.5077 -0.8615
vn 0.0028 -0.5075 -0.8617
vn -0.8066 -0.1170 -0.5794
vn -0.9200 -0.2003 -0.3368
vn 0.9241 0.1953 0.3286
vn -0.9342 -0.1824 -0.3065
vn -0.9599 -0.1421 -0.2418
vn -0.9246 -0.1461 -0.3518
vn -0.9605 -0.0733 -0.2685
vn -0.9499 0.0203 -0.3119
vn -0.9928 -0.0479 -0.1095
vn -0.9997 0.0131 -0.0194
vn -0.9190 -0.0783 -0.3864
vn -0.9981 -0.0076 -0.0617
vn -0.9845 0.1371 0.1090
vn -0.9959 0.0753 0.0497
vn -0.9826 0.1454 0.1153
vn -0.9694 0.1876 0.1581
vn -0.6306 0.5734 0.5231
vn -0.6349 0.5710 0.5205
vn -0.4752 0.6438 0.5998
vn -0.4715 0.6451 0.6013
vn -0.9196 0.0190 -0.3923
vn -0.9081 0.1438 -0.3932
vn 0.9136 0.1328 -0.3842
vn 0.9044 0.1628 -0.3945
vn 0.9105 0.1434 -0.3878
vn 0.9022 0.1693 -0.3967
vn 0.8245 0.3626 0.4344
vn 0.8691 0.2651 0.4176
vn 0.7929 0.4194 0.4421
vn -0.8202 0.3855 0.4228
vn -0.8436 0.3587 0.3997
vn -0.8424 0.2231 0.4905
vn 0.8961 0.1891 0.4016
vn -0.9071 0.1758 -0.3825
vn -0.7639 0.5618 0.3177
vn 0.6691 0.6703 -0.3209
vn 0.6725 0.6668 -0.3211
vn 0.6731 0.6662 -0.3211
vn 0.6534 0.7134 0.2532
vn 0.6526 0.7142 0.2530
vn 0.6536 0.7133 0.2532
vn 0.6669 0.6726 -0.3208
vn -0.6706 0.6695 -0.3196
vn -0.6704 0.6697 -0.3195
vn -0.6704 0.6697 -0.3194
vn 0.6521 0.7147 0.2529
vn -0.6495 0.7168 0.2538
vn -0.6706 0.6694 -0.3196
vn -0.6501 0.7159 0.2546
vn -0.0002 0.9977 -0.0683
vn -0.0002 0.9977 -0.0676
vn -0.0002 0.9976 -0.0689
vn 0.9118 -0.0652 -0.4055
vn 0.9002 -0.0488 -0.4327
vn 0.9188 -0.0773 -0.3871
vn 0.9225 -0.1341 -0.3618
vn 0.9611 -0.0693 -0.2675
vn 0.9595 -0.1415 -0.2438
vn 0.9369 -0.1771 -0.3013
vn 0.9346 -0.1883 -0.3019
vn 0.9398 -0.1811 -0.2898
vn 0.9925 -0.0461 -0.1129
vn 0.9996 0.0152 -0.0225
vn 0.9979 -0.0050 -0.0650
vn 0.9906 0.0067 -0.1365
vn 0.9843 0.1412 0.1057
vn 0.9958 0.0777 0.0484
vn 0.9698 0.1905 0.1526
vn 0.9829 0.1452 0.1133
vn 0.6330 0.5677 0.5263
vn 0.4771 0.6485 0.5931
vn 0.4734 0.6500 0.5944
vn 0.6376 0.5649 0.5239
vn -0.0003 -0.9453 0.3262
vn -0.0002 -0.9453 0.3262
vn -0.0004 -0.9453 0.3262
vn 0.0003 0.9453 -0.3262
vn 0.0004 0.9453 -0.3262
vn 0.0002 0.9453 -0.3262
vn -1.0000 -0.0008 0.0010
vn -1.0000 -0.0008 0.0009
vn -1.0000 -0.0035 -0.0018
vn -1.0000 -0.0038 -0.0021
vn -0.0000 0.6787 0.7344
vn 1.0000 0.0012 -0.0015
vn 1.0000 -0.0018 -0.0045
vn 1.0000 -0.0021 -0.0048
vn -0.0000 -0.3224 0.9466
vn -0.0000 0.8451 0.5345
vn -0.8132 -0.5511 0.1871
vn -0.9968 0.0389 0.0693
vn -0.7755 -0.5925 0.2180
vn -0.9392 -0.3409 0.0415
vn -0.9884 -0.0702 0.1344
vn -0.9832 0.1245 0.1336
vn -1.0000 -0.0044 -0.0041
vn -0.9800 0.1821 0.0809
vn -0.9844 0.1522 0.0886
vn 0.4663 0.2352 0.8528
vn 0.4318 0.5002 0.7505
vn 0.4685 0.2341 0.8519
vn 0.4466 0.4362 0.7812
vn 0.3697 0.6828 0.6301
vn 0.3676 0.6844 0.6296
vn -0.4706 0.2308 0.8516
vn -0.4241 0.5054 0.7514
vn -0.4399 0.4382 0.7839
vn -0.3640 0.6856 0.6305
vn -0.3641 0.6854 0.6306
vn 0.9912 -0.1285 -0.0332
vn 0.3875 -0.8342 -0.3923
vn 0.7711 -0.6333 0.0652
vn 0.7173 -0.6938 0.0640
vn 0.7695 -0.6353 0.0651
vn 0.7159 -0.6953 0.0639
vn 0.0007 0.9958 -0.0919
vn 0.0007 0.9913 -0.1317
vn 0.0007 0.9910 -0.1338
vn 0.0005 0.9845 -0.1755
vn 0.0005 0.9845 -0.1754
vn 0.0005 0.9958 -0.0919
vn 0.0005 0.9958 -0.0920
vn 0.0005 0.9910 -0.1338
vn 0.0005 0.9913 -0.1317
vn -0.9999 0.0006 0.0161
vn 0.0006 -0.7105 0.7037
vn 0.0002 -0.7093 0.7049
vn 0.0006 -0.7107 0.7035
vn 0.0014 -0.7120 0.7022
vn 0.0181 -0.7364 0.6763
vn 0.0370 -0.7170 0.6961
vn 0.0548 -0.7225 0.6892
vn 0.0635 -0.7108 0.7005
vn 0.0660 -0.7090 0.7021
vn 0.0995 -0.7058 0.7014
vn 0.1285 -0.7032 0.6993
vn 0.1591 -0.6986 0.6976
vn 0.1588 -0.6982 0.6981
vn -0.7716 -0.6343 0.0483
vn -0.7697 -0.6365 0.0483
vn -0.7099 -0.7027 0.0482
vn -0.7081 -0.7044 0.0482
vn 0.6202 0.4386 0.6503
vn 0.5596 0.4613 0.6885
vn 0.5611 0.4608 0.6876
vn 0.6214 0.4381 0.6495
vn -0.0009 -0.6679 0.7443
vn 0.0021 -0.6428 0.7660
vn -0.0009 -0.6658 0.7461
vn 0.0024 -0.6430 0.7659
vn -0.0011 -0.6520 0.7582
vn -0.0029 -0.6567 0.7541
vn 0.0062 -0.6906 0.7233
vn 0.0148 -0.6957 0.7182
vn 0.0320 -0.7088 0.7047
vn 0.0345 -0.7101 0.7032
vn 0.0298 -0.7090 0.7046
vn 0.0176 -0.7061 0.7079
vn -0.0082 -0.6801 0.7330
vn -0.0135 -0.6729 0.7396
vn -0.0014 -0.9993 0.0380
vn -0.0011 -0.9993 0.0377
vn -0.0015 -0.9993 0.0381
vn -0.0011 -0.9993 0.0376
vn -0.0008 -0.9993 0.0373
vn -0.0009 -0.9993 0.0373
vn -0.0014 -0.9993 0.0376
vn -0.0010 -0.9993 0.0368
vn -0.0006 -0.9993 0.0366
vn -0.0005 -0.9993 0.0366
vn -0.0001 -0.9993 0.0366
vn -0.0000 -0.9993 0.0366
vn 0.9995 0.0012 0.0314
vn 0.0003 -0.7092 0.7050
vn -0.0059 -0.7092 0.7050
vn -0.0054 -0.7121 0.7021
vn -0.0346 -0.7181 0.6951
vn -0.0058 -0.7620 0.6476
vn -0.0541 -0.7237 0.6880
vn -0.0628 -0.7097 0.7017
vn -0.0653 -0.7077 0.7035
vn -0.0989 -0.7057 0.7015
vn -0.1285 -0.7035 0.6990
vn -0.1606 -0.7013 0.6945
vn -0.1608 -0.7017 0.6941
vn -0.6221 0.4336 0.6519
vn -0.6208 0.4343 0.6527
vn -0.5588 0.4619 0.6888
vn -0.5575 0.4624 0.6895
vn 0.0020 -0.6679 0.7443
vn 0.0020 -0.6658 0.7461
vn -0.0007 -0.6428 0.7660
vn -0.0011 -0.6432 0.7657
vn 0.0022 -0.6534 0.7570
vn 0.0038 -0.6583 0.7528
vn -0.0059 -0.6919 0.7220
vn -0.0145 -0.6968 0.7171
vn -0.0304 -0.7077 0.7059
vn -0.0323 -0.7089 0.7046
vn -0.0282 -0.7089 0.7047
vn -0.0168 -0.7060 0.7080
vn 0.0096 -0.6786 0.7344
vn 0.0151 -0.6710 0.7413
vn -0.0003 -0.9993 0.0376
vn -0.0001 -0.9993 0.0381
vn -0.0014 -0.9994 0.0355
vn -0.0017 -0.9994 0.0353
vn -0.0016 -0.9994 0.0351
vn -0.0013 -0.9994 0.0359
vn -0.0021 -0.9994 0.0359
vn -0.0028 -0.9993 0.0363
vn -0.0025 -0.9993 0.0363
vn -0.0003 -0.9993 0.0366
vn 0.0001 -0.9993 0.0367
vn 0.2439 0.3290 0.9123
vn 0.2724 0.3547 0.8944
vn 0.2443 0.3240 0.9139
vn 0.2612 0.1875 0.9469
vn 0.2329 0.3336 0.9135
vn 0.2572 0.2131 0.9426
vn 0.2174 0.0294 0.9756
vn 0.3262 0.0520 0.9439
vn 0.2621 -0.1225 0.9572
vn 0.2821 0.0387 0.9586
vn 0.2627 -0.1208 0.9573
vn 0.2560 -0.2713 0.9278
vn 0.2561 -0.2713 0.9278
vn 0.1550 -0.8248 0.5438
vn 0.1623 -0.8046 0.5712
vn 0.1550 -0.8247 0.5439
vn 0.1627 -0.8037 0.5724
vn 0.1700 -0.7819 0.5998
vn 0.0171 -0.9993 0.0345
vn 0.0163 -0.9993 0.0326
vn 0.0169 -0.9993 0.0326
vn 0.0165 -0.9993 0.0332
vn 0.0191 -0.9993 0.0337
vn 0.0200 -0.9993 0.0327
vn -0.1380 -0.8301 -0.5403
vn -0.1365 -0.8305 -0.5401
vn -0.1372 -0.8303 -0.5402
vn -0.1387 -0.8299 -0.5404
vn 0.1294 0.8570 0.4988
vn 0.1233 0.8629 0.4901
vn 0.1337 0.8448 0.5181
vn 0.1364 0.8404 0.5246
vn 0.1398 0.8264 0.5455
vn 0.1379 0.8269 0.5452
vn -0.0203 0.9992 -0.0339
vn -0.0202 0.9992 -0.0339
vn -0.0146 0.9996 -0.0261
vn -0.0145 0.9996 -0.0262
vn -0.0292 0.9964 -0.0800
vn -0.0301 0.9961 -0.0827
vn -0.1090 0.9193 -0.3781
vn -0.1120 0.9140 -0.3899
vn -0.1672 0.7840 -0.5979
vn -0.2494 0.3162 -0.9153
vn -0.2524 0.2753 -0.9277
vn -0.2544 0.2674 -0.9294
vn -0.2632 0.1052 -0.9590
vn -0.2650 0.0847 -0.9605
vn -0.2637 -0.0394 -0.9638
vn -0.2634 -0.0393 -0.9639
vn -0.2602 -0.0394 -0.9648
vn -0.2605 -0.0392 -0.9647
vn -0.2573 -0.1932 -0.9468
vn -0.2574 -0.1952 -0.9464
vn -0.2446 -0.3452 -0.9061
vn -0.2442 -0.3454 -0.9061
vn 0.1344 0.8458 0.5162
vn 0.1351 0.8457 0.5163
vn 0.1336 0.8460 0.5162
vn 0.1330 0.8461 0.5161
vn -0.0146 0.9995 -0.0265
vn -0.0170 0.9993 -0.0346
vn -0.0172 0.9992 -0.0355
vn -0.0195 0.9989 -0.0436
vn -0.1677 0.7915 -0.5878
vn -0.1675 0.7914 -0.5879
vn -0.1672 0.7913 -0.5881
vn -0.1670 0.7912 -0.5883
vn -0.2511 0.3356 -0.9079
vn -0.2544 0.2941 -0.9213
vn -0.2549 0.2872 -0.9233
vn -0.2631 0.1155 -0.9578
vn -0.2635 0.0962 -0.9598
vn -0.2636 -0.0375 -0.9639
vn -0.2636 -0.0377 -0.9639
vn -0.2634 -0.0427 -0.9637
vn -0.2631 -0.0431 -0.9638
vn -0.2558 -0.1934 -0.9472
vn -0.2555 -0.1994 -0.9460
vn -0.2453 -0.3402 -0.9078
vn -0.2460 -0.3399 -0.9077
vn -0.1425 -0.8277 -0.5427
vn -0.1415 -0.8280 -0.5426
vn -0.1403 -0.8282 -0.5425
vn -0.1393 -0.8285 -0.5424
vn 0.0202 -0.9993 0.0330
vn 0.0200 -0.9993 0.0331
vn 0.0168 -0.9993 0.0343
vn 0.0167 -0.9993 0.0343
vn 0.0169 -0.9993 0.0345
vn 0.1682 -0.7854 0.5957
vn 0.1688 -0.7856 0.5952
vn 0.1675 -0.7851 0.5963
vn 0.1669 -0.7848 0.5968
vn 0.2526 -0.2716 0.9287
vn 0.2595 -0.1179 0.9585
vn 0.2600 -0.1188 0.9583
vn 0.2631 0.0376 0.9640
vn 0.2636 0.0374 0.9639
vn 0.2636 0.0397 0.9638
vn 0.2636 0.0396 0.9638
vn 0.2569 0.2065 0.9441
vn 0.2585 0.1804 0.9490
vn 0.2455 0.3453 0.9058
vn 0.2456 0.3445 0.9061
vn 0.2452 0.3482 0.9048
vn 0.2451 0.3482 0.9048
vn 0.2353 -0.3280 -0.9149
vn 0.2431 -0.3237 -0.9144
vn 0.2053 -0.3443 -0.9161
vn 0.1940 -0.3503 -0.9163
vn -0.1227 0.8629 0.4903
vn -0.1227 0.8629 0.4902
vn -0.1310 0.8439 0.5202
vn -0.1307 0.8458 0.5173
vn -0.1399 0.8264 0.5455
vn -0.1408 0.8268 0.5445
vn 0.0169 0.9992 -0.0351
vn 0.0170 0.9992 -0.0351
vn 0.0165 0.9996 -0.0248
vn 0.0171 0.9996 -0.0220
vn 0.0310 0.9963 -0.0804
vn 0.0290 0.9964 -0.0800
vn 0.1151 0.9132 -0.3909
vn 0.1120 0.9187 -0.3788
vn 0.1683 0.7833 -0.5985
vn 0.1673 0.7836 -0.5983
vn 0.2492 0.3184 -0.9146
vn 0.2498 0.3178 -0.9147
vn 0.2537 0.2661 -0.9300
vn 0.2531 0.2754 -0.9274
vn 0.2604 0.0822 -0.9620
vn 0.2596 0.1042 -0.9601
vn 0.2567 -0.0379 -0.9658
vn 0.2566 -0.0380 -0.9658
vn 0.2598 -0.0388 -0.9649
vn 0.2599 -0.0388 -0.9649
vn 0.2535 -0.1946 -0.9475
vn 0.2536 -0.1937 -0.9477
vn 0.2410 -0.3440 -0.9075
vn 0.2411 -0.3440 -0.9075
vn 0.1366 -0.8303 -0.5404
vn -0.0205 -0.9992 0.0346
vn -0.0193 -0.9992 0.0347
vn -0.0198 -0.9993 0.0320
vn -0.0177 -0.9993 0.0334
vn -0.0172 -0.9992 0.0360
vn -0.0201 -0.9992 0.0340
vn -0.0202 -0.9992 0.0340
vn 0.1689 0.7825 -0.5993
vn 0.1636 0.8017 -0.5749
vn 0.1680 0.7829 -0.5991
vn 0.1626 0.8026 -0.5739
vn 0.1569 0.8203 -0.5499
vn 0.1530 0.8249 -0.5442
vn 0.2528 0.2723 -0.9284
vn 0.2597 0.1218 -0.9580
vn 0.2525 0.2725 -0.9284
vn 0.2598 0.1230 -0.9578
vn 0.2607 -0.0352 -0.9648
vn 0.2601 -0.0349 -0.9649
vn 0.2544 -0.1925 -0.9477
vn 0.3072 -0.0415 -0.9507
vn 0.2589 -0.1812 -0.9487
vn 0.2543 -0.3377 -0.9063
vn 0.2622 -0.3277 -0.9077
vn 0.2488 -0.2187 -0.9436
vn 0.2566 -0.0456 -0.9654
vn 0.2512 -0.1918 -0.9487
vn 0.2416 -0.3400 -0.9089
vn 0.2430 -0.3408 -0.9082
vn 0.1381 -0.8284 -0.5428
vn 0.1379 -0.8283 -0.5430
vn 0.1376 -0.8282 -0.5433
vn 0.1374 -0.8281 -0.5435
vn -0.0202 -0.9992 0.0334
vn -0.0200 -0.9992 0.0335
vn -0.0170 -0.9992 0.0351
vn -0.0201 -0.9992 0.0339
vn -0.0203 -0.9992 0.0338
vn -0.1684 -0.7859 0.5950
vn -0.1693 -0.7856 0.5951
vn -0.1673 -0.7863 0.5948
vn -0.1663 -0.7866 0.5947
vn -0.2526 -0.2723 0.9285
vn -0.2595 -0.1199 0.9583
vn -0.2595 -0.1190 0.9584
vn -0.2600 0.0372 0.9649
vn -0.2600 0.0371 0.9649
vn -0.2599 0.0387 0.9649
vn -0.2599 0.0388 0.9649
vn -0.2543 0.1824 0.9498
vn -0.2527 0.2080 0.9449
vn -0.2408 0.3466 0.9066
vn -0.2411 0.3465 0.9066
vn -0.2414 0.3467 0.9064
vn -0.2420 0.3463 0.9064
vn -0.1331 0.8459 0.5165
vn 0.0148 0.9995 -0.0272
vn 0.0173 0.9992 -0.0360
vn 0.0224 0.9988 -0.0431
vn 0.0226 0.9988 -0.0431
vn 0.1653 0.7912 -0.5887
vn 0.1644 0.7916 -0.5886
vn 0.1633 0.7919 -0.5884
vn 0.1623 0.7923 -0.5882
vn 0.2442 0.3379 -0.9090
vn 0.2465 0.3357 -0.9092
vn 0.2515 0.2874 -0.9242
vn 0.2522 0.2927 -0.9224
vn 0.2603 0.0974 -0.9606
vn 0.2600 0.1157 -0.9587
vn 0.2601 -0.0367 -0.9649
vn 0.2608 -0.0366 -0.9647
vn 0.3049 -0.0481 -0.9512
vn 0.3068 -0.0486 -0.9505
vn -0.0000 0.9993 -0.0368
vn 0.0001 0.9993 -0.0368
vn 0.0047 0.9993 -0.0364
vn 0.0048 0.9993 -0.0364
vn -0.9253 0.2286 -0.3026
vn -0.9252 0.2291 -0.3025
vn -0.9252 0.2289 -0.3025
vn -0.9252 0.2292 -0.3025
vn 0.0013 0.8355 0.5494
vn 0.0013 0.8355 0.5495
vn 0.0011 0.8356 0.5494
vn -0.0255 0.8329 0.5528
vn -0.0314 0.8314 0.5548
vn -0.1323 0.8035 0.5804
vn -0.1607 0.7972 0.5819
vn -0.2949 0.7309 0.6154
vn -0.2826 0.7319 0.6201
vn -0.5208 0.5841 0.6226
vn -0.4664 0.6199 0.6310
vn -0.7294 0.3931 0.5598
vn -0.6446 0.4802 0.5949
vn -0.7857 0.3238 0.5271
vn -0.8879 0.3539 -0.2940
vn -0.8900 0.3148 -0.3300
vn -0.9696 -0.0129 -0.2442
vn -0.8452 0.4334 -0.3128
vn -0.6494 0.6538 -0.3884
vn -0.2039 0.9379 -0.2805
vn -0.2131 0.9357 -0.2813
vn -0.1993 0.9384 -0.2821
vn -0.2140 0.9358 -0.2802
vn -0.2066 0.9382 -0.2776
vn -0.9758 -0.1663 0.1423
vn -0.9829 -0.1221 0.1381
vn -0.9852 -0.1075 0.1333
vn -0.9694 -0.2009 0.1409
vn -0.9204 -0.3517 0.1709
vn -0.9340 -0.3296 0.1378
vn -0.8293 -0.5381 0.1508
vn -0.8009 -0.5616 0.2077
vn -0.8899 -0.4405 0.1185
vn -0.6103 -0.7608 0.2208
vn -0.7949 -0.5957 0.1153
vn -0.8954 -0.4163 0.1578
vn -0.7726 -0.6211 0.1316
vn -0.8678 -0.4712 0.1577
vn -0.8256 -0.5578 0.0856
vn -0.8685 -0.4888 0.0827
vn -0.5243 -0.8393 0.1438
vn -0.3855 -0.8978 0.2129
vn -0.2771 -0.9583 0.0704
vn -0.1403 -0.9861 0.0887
vn -0.1344 -0.9876 0.0814
vn -0.0131 -0.9971 0.0753
vn -0.0200 -0.9934 0.1131
vn -0.0245 -0.9930 0.1159
vn -0.4850 -0.8698 0.0903
vn -0.1564 -0.9840 0.0852
vn -0.0243 -0.9968 0.0761
vn -0.1388 -0.9897 0.0340
vn -0.0221 -0.9994 0.0276
vn -0.0204 -0.9997 -0.0151
vn -0.4597 -0.8838 0.0875
vn -0.4611 -0.8856 0.0556
vn -0.1311 -0.9913 -0.0146
vn -0.0190 -0.9964 -0.0832
vn -0.7682 -0.6356 0.0767
vn -0.8571 -0.5147 0.0233
vn -0.4422 -0.8967 0.0193
vn -0.7478 -0.6634 0.0246
vn -0.8468 -0.5306 -0.0385
vn -0.4309 -0.9021 -0.0208
vn -0.4082 -0.9058 -0.1133
vn -0.1253 -0.9878 -0.0924
vn -0.0166 -0.9857 -0.1677
vn -0.7333 -0.6791 -0.0329
vn -0.8162 -0.5533 -0.1665
vn -0.1184 -0.9761 -0.1824
vn -0.0249 -0.9740 -0.2252
vn -0.7052 -0.6924 -0.1522
vn -0.8126 -0.4885 -0.3178
vn -0.6469 -0.7048 -0.2912
vn -0.3866 -0.8938 -0.2273
vn -0.2494 -0.9344 -0.2545
vn -0.6524 -0.6745 -0.3456
vn -0.1349 -0.9610 -0.2413
vn -0.0292 -0.9638 -0.2652
vn -0.1323 -0.9486 -0.2875
vn -0.0362 -0.9537 -0.2986
vn -0.2471 -0.9167 -0.3139
vn -0.1588 -0.9237 -0.3485
vn -0.3450 -0.8344 -0.4298
vn -0.8004 -0.4725 -0.3688
vn -0.6458 -0.6439 -0.4102
vn -0.9089 -0.2755 -0.3131
vn -0.9152 -0.2994 -0.2698
vn -0.9363 -0.2163 -0.2768
vn -0.7874 -0.4296 -0.4421
vn -0.8190 -0.2717 -0.5054
vn -0.9177 -0.1460 -0.3695
vn -0.8847 -0.1325 -0.4470
vn -0.8527 -0.1068 -0.5114
vn -0.9397 -0.1405 -0.3120
vn -0.8923 -0.0075 -0.4515
vn -0.8300 0.1034 -0.5482
vn -0.9302 -0.0092 -0.3669
vn -0.9473 -0.0724 -0.3121
vn -0.9546 -0.1083 -0.2775
vn -0.9657 -0.0266 -0.2584
vn -0.9536 -0.0037 -0.3012
vn -0.9691 0.0364 -0.2441
vn -0.9286 0.0429 -0.3685
vn -0.9541 0.0565 -0.2942
vn -0.9682 0.1001 -0.2295
vn -0.8664 0.1513 -0.4758
vn -0.9488 0.1378 -0.2843
vn -0.9598 0.1787 -0.2165
vn -0.9117 0.1631 -0.3770
vn -0.8361 0.2514 -0.4877
vn -0.7856 0.2278 -0.5752
vn -0.8755 0.2984 -0.3801
vn -0.8966 0.3388 -0.2853
vn -0.9370 0.2802 -0.2084
vn -0.8213 0.4946 -0.2844
vn -0.9103 0.3567 -0.2103
vn 0.0011 0.9701 0.2428
vn -0.0210 0.8956 0.4443
vn 0.0012 0.8985 0.4389
vn -0.0203 0.9492 0.3139
vn 0.0007 1.0000 0.0078
vn -0.1130 0.8837 0.4543
vn -0.1503 0.8765 0.4573
vn 0.0008 1.0000 -0.0019
vn -0.3235 0.7558 0.5694
vn -0.2498 0.7887 0.5617
vn -0.4719 0.7391 0.4806
vn -0.5530 0.7137 0.4299
vn -0.6793 0.7128 0.1747
vn -0.6838 0.6946 0.2235
vn 0.0002 0.9995 -0.0322
vn -0.0579 0.9977 -0.0346
vn -0.0769 0.9969 -0.0172
vn -0.1989 0.9798 -0.0201
vn -0.2137 0.9769 0.0022
vn -0.3118 0.9494 0.0373
vn -0.5229 0.8497 0.0674
vn -0.5744 0.8149 0.0773
vn -0.0884 0.9943 -0.0593
vn -0.1936 0.9792 -0.0602
vn -0.7417 0.6670 0.0709
vn -0.6275 0.7758 0.0656
vn -0.8019 0.5941 0.0630
vn -0.8443 0.5209 0.1256
vn -0.4866 0.8736 0.0001
vn -0.0510 0.9974 -0.0508
vn -0.0120 0.9987 -0.0495
vn -0.0038 0.9990 -0.0456
vn -0.0034 0.9991 -0.0420
vn -0.0819 0.9960 -0.0354
vn -0.0378 0.9971 -0.0658
vn -0.0155 0.9979 -0.0628
vn 0.0036 0.9975 -0.0700
vn -0.0838 0.9931 -0.0821
vn -0.1498 0.9844 -0.0922
vn -0.1572 0.9743 -0.1613
vn -0.4556 0.8881 -0.0605
vn -0.2337 0.9532 -0.1917
vn -0.4409 0.8854 -0.1473
vn -0.3281 0.9069 -0.2643
vn -0.1814 0.9524 -0.2452
vn -0.8240 0.5661 -0.0230
vn -0.6095 0.7882 -0.0848
vn -0.8406 0.5393 0.0500
vn -0.9485 0.3033 -0.0914
vn -0.9514 0.3078 -0.0129
vn -0.9486 0.3034 -0.0900
vn -0.9446 0.3217 0.0646
vn -0.9452 0.3007 -0.1274
vn -0.6292 0.7580 -0.1718
vn -0.0000 -0.0422 -0.9991
vn -0.8380 0.5351 0.1067
vn -0.9407 0.3093 0.1394
vn -0.4171 0.8761 -0.2419
vn -0.5378 0.8075 -0.2424
vn -0.4447 0.8496 -0.2835
vn -0.8500 0.5004 0.1648
vn -0.9274 0.3237 0.1874
vn -0.9172 0.3459 0.1977
vn -0.3840 0.8370 -0.3898
vn -0.4563 0.7944 -0.4009
vn -0.4440 0.7600 -0.4746
vn -0.1981 0.9341 -0.2969
vn -0.3601 0.8202 -0.4446
vn -0.3002 0.8557 -0.4215
vn -0.1767 0.9120 -0.3703
vn -0.2021 0.9070 -0.3695
vn -0.1117 0.9441 -0.3101
vn -0.0006 0.9591 -0.2832
vn 0.0014 0.6892 0.7246
vn 0.0012 0.6892 0.7246
vn 0.0013 0.6892 0.7246
vn -0.7712 0.3503 0.5316
vn -0.7916 0.3398 0.5078
vn -0.7725 0.3497 0.5301
vn -0.7934 0.3388 0.5057
vn -0.9075 0.4062 0.1071
vn -0.8932 0.4422 0.0817
vn -0.9461 0.2921 0.1399
vn -0.9595 0.2494 0.1311
vn -0.9751 0.1157 0.1891
vn -0.9627 0.1573 0.2203
vn -0.9654 0.1025 0.2399
vn -0.9610 0.1132 0.2523
vn -0.9690 0.0746 0.2354
vn -0.9647 0.0922 0.2465
vn -0.9798 0.0392 0.1961
vn -0.9803 0.0071 0.1974
vn -0.9864 -0.0481 0.1573
vn -0.9889 -0.0251 0.1464
vn -0.9769 -0.1628 0.1380
vn -0.9759 -0.1711 0.1352
vn -0.9646 -0.2267 0.1348
vn -0.9666 -0.2199 0.1319
vn -0.0663 -0.0093 0.9978
vn -0.0681 -0.1912 0.9792
vn -0.0709 0.0037 0.9975
vn -0.0689 -0.1867 0.9800
vn -0.0590 -0.5113 0.8574
vn -0.0545 -0.5157 0.8550
vn -0.0401 -0.7463 0.6644
vn -0.0346 -0.7491 0.6615
vn -0.0218 -0.8869 0.4614
vn -0.0168 -0.8888 0.4580
vn -0.0081 -0.9616 0.2745
vn -0.0058 -0.9616 0.2743
vn -0.0039 -0.9836 0.1805
vn -0.0040 -0.9835 0.1807
vn -1.0000 -0.0014 0.0014
vn -0.0001 0.9993 -0.0367
vn 0.0001 0.9993 -0.0367
vn 0.0011 0.9993 -0.0369
vn 0.0012 0.9993 -0.0369
vn -0.0014 -0.0378 -0.9993
vn -0.0013 -0.0378 -0.9993
vn -0.0012 -0.0379 -0.9993
vn -0.0011 -0.0379 -0.9993
vn 0.0009 0.9993 -0.0369
vn 0.0008 0.9993 -0.0369
vn -0.0000 0.9993 -0.0367
vn -0.0016 -0.0377 -0.9993
vn -0.0021 -0.0376 -0.9993
vn -0.0022 -0.0375 -0.9993
vn 0.0014 0.8357 0.5492
vn 0.0014 0.8357 0.5491
vn 0.0323 0.8328 0.5526
vn 0.0269 0.8327 0.5531
vn 0.1646 0.7977 0.5802
vn 0.1374 0.8021 0.5812
vn 0.2986 0.7304 0.6143
vn 0.2861 0.7315 0.6190
vn 0.5225 0.5850 0.6203
vn 0.4695 0.6197 0.6289
vn 0.7305 0.3946 0.5574
vn 0.6459 0.4813 0.5927
vn 0.7870 0.3250 0.5245
vn 0.8865 0.3555 -0.2962
vn 0.9689 -0.0094 -0.2473
vn 0.8882 0.3172 -0.3323
vn 0.8436 0.4349 -0.3148
vn 0.6479 0.6545 -0.3897
vn 0.2044 0.9377 -0.2808
vn 0.1991 0.9384 -0.2825
vn 0.2138 0.9354 -0.2816
vn 0.2149 0.9355 -0.2806
vn 0.2078 0.9378 -0.2780
vn 0.9707 -0.1967 0.1380
vn 0.9847 -0.1081 0.1369
vn 0.9834 -0.1236 0.1330
vn 0.9758 -0.1658 0.1427
vn 0.9215 -0.3494 0.1695
vn 0.9354 -0.3270 0.1348
vn 0.8330 -0.5320 0.1516
vn 0.8013 -0.5607 0.2087
vn 0.6111 -0.7598 0.2219
vn 0.7985 -0.5889 0.1246
vn 0.9000 -0.4177 0.1249
vn 0.5240 -0.8391 0.1460
vn 0.3857 -0.8978 0.2125
vn 0.2770 -0.9584 0.0687
vn 0.1394 -0.9864 0.0873
vn 0.1388 -0.9873 0.0774
vn 0.0117 -0.9976 0.0677
vn 0.0181 -0.9937 0.1109
vn 0.0234 -0.9930 0.1159
vn 0.4841 -0.8693 0.0998
vn 0.7790 -0.6143 0.1257
vn 0.9243 -0.3523 0.1471
vn 0.9650 -0.2277 0.1300
vn 0.8746 -0.4595 0.1548
vn 0.8285 -0.5535 0.0844
vn 0.8692 -0.4880 0.0802
vn 0.1534 -0.9844 0.0864
vn 0.0231 -0.9969 0.0758
vn 0.0207 -0.9994 0.0283
vn 0.7687 -0.6353 0.0742
vn 0.8570 -0.5149 0.0197
vn 0.4617 -0.8836 0.0783
vn 0.1373 -0.9900 0.0336
vn 0.4604 -0.8861 0.0539
vn 0.1299 -0.9914 -0.0149
vn 0.0182 -0.9997 -0.0151
vn 0.4416 -0.8970 0.0181
vn 0.7483 -0.6630 0.0219
vn 0.7343 -0.6778 -0.0361
vn 0.8454 -0.5325 -0.0424
vn 0.4302 -0.9025 -0.0222
vn 0.1241 -0.9879 -0.0928
vn 0.0163 -0.9964 -0.0831
vn 0.4074 -0.9060 -0.1152
vn 0.7062 -0.6906 -0.1559
vn 0.8136 -0.5564 -0.1687
vn 0.1157 -0.9760 -0.1843
vn 0.0164 -0.9852 -0.1708
vn 0.6473 -0.7046 -0.2909
vn 0.8135 -0.4885 -0.3156
vn 0.3853 -0.8942 -0.2279
vn 0.2471 -0.9347 -0.2553
vn 0.6514 -0.6741 -0.3482
vn 0.1311 -0.9617 -0.2406
vn 0.0259 -0.9744 -0.2232
vn 0.1292 -0.9488 -0.2882
vn 0.2449 -0.9169 -0.3150
vn 0.0289 -0.9635 -0.2662
vn 0.1545 -0.9253 -0.3464
vn 0.3425 -0.8348 -0.4311
vn 0.0381 -0.9549 -0.2946
vn 0.8017 -0.4698 -0.3695
vn 0.6446 -0.6435 -0.4128
vn 0.7862 -0.4286 -0.4451
vn 0.8176 -0.2704 -0.5083
vn 0.8835 -0.1306 -0.4499
vn 0.8513 -0.1051 -0.5140
vn 0.9175 -0.1463 -0.3698
vn 0.8909 -0.0054 -0.4541
vn 0.8283 0.1053 -0.5502
vn 0.9291 -0.0070 -0.3697
vn 0.9378 -0.1425 -0.3165
vn 0.9095 -0.2709 -0.3151
vn 0.9333 -0.2179 -0.2854
vn 0.9137 -0.2914 -0.2834
vn 0.9537 -0.1006 -0.2833
vn 0.9615 -0.0246 -0.2736
vn 0.9481 -0.0686 -0.3104
vn 0.9649 0.0379 -0.2598
vn 0.9547 -0.0012 -0.2976
vn 0.9644 0.1008 -0.2445
vn 0.9274 0.0451 -0.3712
vn 0.9550 0.0586 -0.2908
vn 0.9567 0.1789 -0.2294
vn 0.8648 0.1533 -0.4782
vn 0.9493 0.1396 -0.2817
vn 0.9295 0.2875 -0.2308
vn 0.9103 0.1652 -0.3796
vn 0.8341 0.2535 -0.4899
vn 0.7839 0.2295 -0.5769
vn 0.8738 0.3005 -0.3824
vn 0.8964 0.3466 -0.2765
vn 0.8290 0.4885 -0.2724
vn 0.9106 0.3323 -0.2457
vn 0.0267 0.8964 0.4425
vn 0.0011 0.9698 0.2439
vn 0.0015 0.8985 0.4389
vn 0.0255 0.9487 0.3153
vn 0.0008 1.0000 0.0080
vn 0.1504 0.8760 0.4583
vn 0.1109 0.8864 0.4495
vn 0.3270 0.7562 0.5668
vn 0.2526 0.7898 0.5589
vn 0.4804 0.7396 0.4714
vn 0.5817 0.6814 0.4442
vn 0.6797 0.6849 0.2624
vn 0.6728 0.7176 0.1798
vn 0.0008 1.0000 -0.0020
vn 0.5933 0.8023 0.0648
vn 0.0603 0.9976 -0.0348
vn 0.0006 0.9995 -0.0316
vn 0.0023 0.9990 -0.0440
vn 0.0056 0.9989 -0.0470
vn 0.0134 0.9987 -0.0495
vn 0.0786 0.9967 -0.0177
vn 0.1969 0.9802 -0.0208
vn 0.2158 0.9764 -0.0000
vn 0.0526 0.9973 -0.0509
vn 0.0899 0.9942 -0.0594
vn 0.0846 0.9958 -0.0349
vn 0.3123 0.9493 0.0348
vn 0.0393 0.9970 -0.0660
vn 0.0174 0.9979 -0.0629
vn -0.0000 0.9975 -0.0700
vn 0.0849 0.9930 -0.0822
vn 0.1508 0.9842 -0.0925
vn 0.1581 0.9741 -0.1617
vn 0.5216 0.8505 0.0674
vn 0.1948 0.9790 -0.0605
vn 0.4840 0.8751 -0.0021
vn 0.4560 0.8878 -0.0618
vn 0.2343 0.9529 -0.1923
vn 0.4415 0.8849 -0.1484
vn 0.3285 0.9066 -0.2649
vn 0.1824 0.9522 -0.2452
vn 0.8272 0.5456 0.1346
vn 0.7316 0.6797 0.0533
vn 0.6373 0.7666 0.0792
vn 0.8008 0.5948 0.0707
vn 0.8533 0.4954 0.1623
vn 0.9220 0.3332 0.1973
vn 0.9322 0.3110 0.1852
vn 0.8379 0.5355 0.1060
vn 0.9372 0.3216 0.1352
vn 0.8414 0.5385 0.0464
vn 0.9446 0.3223 0.0624
vn 0.8241 0.5659 -0.0256
vn 0.9514 0.3075 -0.0154
vn 0.6096 0.7880 -0.0863
vn 0.9439 0.3165 -0.0941
vn 0.9440 0.3167 -0.0930
vn 0.9444 0.3020 -0.1299
vn 0.9445 0.3018 -0.1299
vn 0.6295 0.7574 -0.1734
vn -0.0000 -0.0318 -0.9995
vn 0.4173 0.8757 -0.2429
vn 0.5377 0.8072 -0.2437
vn 0.4444 0.8495 -0.2845
vn 0.3832 0.8375 -0.3895
vn 0.4558 0.7944 -0.4015
vn 0.1977 0.9342 -0.2970
vn 0.3586 0.8204 -0.4454
vn 0.4429 0.7603 -0.4753
vn 0.2998 0.8556 -0.4220
vn 0.1767 0.9117 -0.3708
vn 0.2004 0.9079 -0.3683
vn 0.1093 0.9446 -0.3094
vn 0.0019 0.9590 -0.2835
vn 1.0000 0.0029 -0.0029
vn 1.0000 0.0027 -0.0030
vn 0.7722 0.3521 0.5290
vn 0.7735 0.3514 0.5275
vn 0.7932 0.3413 0.5044
vn 0.7950 0.3403 0.5022
vn 0.9190 0.3850 0.0854
vn 0.9507 0.2778 0.1375
vn 0.9011 0.4211 0.1030
vn 0.9389 0.3219 0.1220
vn 0.9701 0.1545 0.1873
vn 0.9687 0.1072 0.2241
vn 0.9640 0.1039 0.2449
vn 0.9626 0.0929 0.2547
vn 0.9658 0.0646 0.2509
vn 0.9688 0.0823 0.2336
vn 0.9800 0.0376 0.1955
vn 0.9782 0.0703 0.1953
vn 0.9865 -0.0361 0.1596
vn 0.9882 -0.0609 0.1406
vn 0.9776 -0.1597 0.1373
vn 0.9823 -0.1326 0.1327
vn 0.9667 -0.2181 0.1338
vn 0.0690 0.0074 0.9976
vn 0.0707 -0.1892 0.9794
vn 0.0738 -0.0062 0.9973
vn 0.0713 -0.1945 0.9783
vn 0.0606 -0.5161 0.8544
vn 0.0561 -0.5122 0.8570
vn 0.0409 -0.7487 0.6616
vn 0.0353 -0.7464 0.6645
vn 0.0217 -0.8886 0.4582
vn 0.0167 -0.8869 0.4616
vn 0.0074 -0.9610 0.2764
vn 0.0040 -0.9606 0.2778
vn 0.0017 -0.9832 0.1824
vn -0.0004 -0.9826 0.1856
vn 1.0000 0.0014 -0.0014
vn -0.0013 -0.0375 -0.9993
vn -0.0013 -0.0376 -0.9993
vn -0.0012 -0.0376 -0.9993
vn -0.0011 -0.0376 -0.9993
vn 0.0009 0.9993 -0.0367
vn 0.0010 0.9993 -0.0367
vn -0.0014 -0.0375 -0.9993
vn -0.0016 -0.0375 -0.9993
vn -0.0021 -0.0374 -0.9993
vn -0.0022 -0.0373 -0.9993
vn 0.4283 0.9030 -0.0337
vn 0.4286 0.9029 -0.0338
vn 0.4301 0.9021 -0.0342
vn 0.4304 0.9020 -0.0343
vn -0.0025 -0.0399 -0.9992
vn -0.0025 -0.0400 -0.9992
vn 0.0010 -0.0304 -0.9995
vn -0.0023 -0.0394 -0.9992
vn 0.0012 -0.0299 -0.9996
vn 0.4288 0.9028 -0.0339
vn 0.4291 0.9026 -0.0339
vn 0.4302 0.9021 -0.0342
vn 1.0000 -0.0001 -0.0028
vn 0.4283 0.9030 -0.0339
vn 0.4286 0.9029 -0.0340
vn 0.4301 0.9021 -0.0344
vn 0.4304 0.9020 -0.0345
vn 0.0011 -0.0300 -0.9995
vn -0.0023 -0.0395 -0.9992
vn 0.0009 -0.0304 -0.9995
vn 0.4286 0.9028 -0.0340
vn 0.4288 0.9028 -0.0337
vn 0.4290 0.9027 -0.0338
vn 0.4302 0.9021 -0.0341
vn 0.4304 0.9020 -0.0341
vn -0.0024 -0.0395 -0.9992
vn 0.4291 0.9026 -0.0338
vn 1.0000 -0.0001 -0.0024
vn 0.9546 0.0666 0.2902
vn 0.9471 0.1488 0.2844
vn 0.8304 0.0547 0.5546
vn 0.9647 0.2434 0.1002
vn 0.9208 0.3646 0.1385
vn 0.9677 0.2270 -0.1097
vn 0.9975 0.0712 -0.0015
vn 0.9269 0.3470 -0.1429
vn 0.8350 0.1855 -0.5181
vn 0.8163 0.1968 -0.5430
vn 0.9574 0.1368 -0.2543
vn -0.9471 0.1464 0.2856
vn -0.9527 0.0637 0.2971
vn -0.8261 0.0507 0.5613
vn -0.9651 0.2413 0.1021
vn -0.9208 0.3640 0.1398
vn -0.9691 0.2231 -0.1049
vn -0.9975 0.0701 0.0067
vn -0.9300 0.3406 -0.1382
vn -0.8371 0.1856 -0.5145
vn -0.8185 0.1969 -0.5397
vn -0.9593 0.1343 -0.2485
vn -0.4274 0.9035 -0.0325
vn -0.4294 0.9025 -0.0331
vn -0.4277 0.9033 -0.0326
vn -0.4298 0.9023 -0.0332
vn -0.0045 -0.0300 -0.9995
vn -0.0043 -0.0304 -0.9995
vn -0.0011 -0.0394 -0.9992
vn -0.0009 -0.0399 -0.9992
vn -0.0008 -0.0399 -0.9992
vn -0.0007 -0.0402 -0.9992
vn -0.0007 -0.0403 -0.9992
vn -0.4274 0.9035 -0.0326
vn -0.4288 0.9028 -0.0329
vn -0.4276 0.9034 -0.0326
vn -0.4290 0.9027 -0.0330
vn -1.0000 -0.0000 0.0003
vn -0.4279 0.9032 -0.0325
vn -0.4293 0.9026 -0.0329
vn -0.4282 0.9031 -0.0326
vn -0.4295 0.9025 -0.0330
vn -0.0009 -0.0398 -0.9992
vn -0.0043 -0.0305 -0.9995
vn -0.0044 -0.0300 -0.9995
vn 0.0002 -0.0400 -0.9992
vn 0.0002 -0.0399 -0.9992
vn -0.4287 0.9029 -0.0327
vn -0.4294 0.9025 -0.0329
vn -0.4288 0.9028 -0.0328
vn -0.4278 0.9033 -0.0327
vn -0.4303 0.9021 -0.0333
vn 0.0003 -0.0400 -0.9992
vn 0.0004 -0.0402 -0.9992
vn 0.0004 -0.0403 -0.9992
vn -0.4292 0.9026 -0.0330
vn -0.4295 0.9025 -0.0331
vn -0.0556 0.1939 0.9795
vn -0.0190 0.0389 0.9991
vn -0.0221 0.0557 0.9982
vn -0.0974 0.0607 0.9934
vn -0.1401 0.1202 0.9828
vn -0.2114 0.0426 0.9765
vn -0.2372 0.0376 0.9707
vn -0.4145 0.0352 0.9094
vn -0.4811 0.0334 0.8760
vn -0.5830 0.0295 0.8120
vn -0.5831 0.0278 0.8119
vn -1.0000 0.0008 -0.0008
vn -1.0000 0.0008 -0.0009
vn 0.0483 0.0388 0.9981
vn 0.0470 0.0559 0.9973
vn 0.0991 0.0651 0.9930
vn 0.0291 0.3383 0.9406
vn 0.1432 0.1230 0.9820
vn 0.2144 0.0428 0.9758
vn 0.2405 0.0376 0.9699
vn 0.4173 0.0353 0.9081
vn 0.4833 0.0340 0.8748
vn 0.5843 0.0313 0.8109
vn 0.5843 0.0311 0.8109
vn 0.8532 0.4920 -0.1734
vn 0.9125 0.3632 -0.1882
vn 0.8576 0.4759 -0.1953
vn 0.9141 0.3498 -0.2049
vn 0.8626 0.4381 -0.2530
vn 0.9053 0.3341 -0.2622
vn 0.8487 0.4120 -0.3316
vn 0.9479 0.2348 -0.2155
vn 0.9501 0.2399 -0.1994
vn 0.9570 0.2199 -0.1891
vn 0.9350 0.2314 -0.2687
vn 0.9630 0.1861 -0.1947
vn 0.9608 0.1975 -0.1946
vn 0.9704 0.1433 -0.1944
vn 0.9753 0.1056 -0.1940
vn 0.9754 0.1060 -0.1934
vn 0.9809 0.0401 -0.1906
vn 0.9805 0.0376 -0.1928
vn 0.9237 0.2293 -0.3070
vn 0.9821 -0.0243 -0.1870
vn 0.9810 0.0069 -0.1938
vn 0.9781 -0.0332 -0.2053
vn 0.9775 -0.0119 -0.2107
vn 0.9243 0.2291 -0.3054
vn 0.9787 -0.0194 -0.2045
vn 0.9741 0.0186 -0.2253
vn 0.9781 -0.1045 -0.1799
vn 0.9658 0.0091 -0.2591
vn 0.8833 0.3226 -0.3401
vn 0.9745 -0.1034 -0.1992
vn 0.9596 -0.2240 -0.1703
vn 0.9645 -0.0248 -0.2630
vn 0.9537 0.0054 -0.3006
vn 0.9525 0.0064 -0.3044
vn 0.9437 -0.0250 -0.3299
vn 0.9539 -0.2316 -0.1908
vn 0.9396 -0.2997 -0.1652
vn 0.9328 -0.3094 -0.1846
vn 0.9604 -0.1039 -0.2585
vn 0.9526 -0.1776 -0.2469
vn 0.9502 -0.2019 -0.2373
vn 0.9365 -0.1473 -0.3184
vn 0.9411 -0.1041 -0.3217
vn 0.9366 -0.1487 -0.3173
vn 0.9265 -0.1662 -0.3376
vn 0.9277 -0.1528 -0.3407
vn 0.9318 -0.0886 -0.3521
vn 0.9321 -0.0066 -0.3621
vn 0.9429 0.0072 -0.3329
vn 0.9303 0.0285 -0.3657
vn 0.9527 0.0087 -0.3038
vn 0.9305 0.0308 -0.3651
vn 0.9526 0.0101 -0.3041
vn 0.9525 0.0075 -0.3044
vn 0.9524 0.0092 -0.3046
vn 0.9525 0.0093 -0.3044
vn 0.9515 0.0394 -0.3050
vn 0.9516 0.0401 -0.3046
vn 0.9276 0.0541 -0.3696
vn 0.9462 0.1040 -0.3063
vn 0.9465 0.1033 -0.3057
vn 0.9409 0.1410 -0.3079
vn 0.9416 0.1364 -0.3078
vn 0.9316 0.1949 -0.3067
vn 0.9324 0.1920 -0.3063
vn 0.9311 0.0237 -0.3640
vn 0.9277 0.0455 -0.3705
vn 0.9184 0.1197 -0.3771
vn 0.9174 0.1217 -0.3789
vn 0.9149 0.1280 -0.3829
vn 0.9242 0.2296 -0.3052
vn 0.9242 0.2297 -0.3052
vn 0.9027 0.1981 -0.3819
vn 0.9044 0.1841 -0.3849
vn 0.8914 0.2413 -0.3837
vn 0.9242 0.2295 -0.3053
vn 0.8760 0.3035 -0.3749
vn 0.9107 0.2272 -0.3449
vn 0.8914 0.2363 -0.3866
vn 0.8624 0.3525 -0.3633
vn -0.0168 0.9993 -0.0343
vn -0.0169 0.9993 -0.0344
vn -0.0170 0.9993 -0.0344
vn -0.0201 0.9992 -0.0335
vn -0.0169 0.9993 -0.0347
vn -0.2618 -0.0380 -0.9644
vn -0.2614 -0.0377 -0.9645
vn -0.2635 -0.0387 -0.9639
vn -0.2636 -0.0390 -0.9638
vn -0.2636 -0.0387 -0.9639
vn -0.2636 -0.0388 -0.9639
vn -0.2602 -0.0385 -0.9648
vn -0.2601 -0.0385 -0.9648
vn -0.2603 -0.0385 -0.9648
vn -0.2634 -0.0384 -0.9639
vn -0.2637 -0.0385 -0.9638
vn -0.2647 -0.0386 -0.9636
vn -0.2650 -0.0386 -0.9635
vn 0.0168 -0.9993 0.0346
vn 0.0169 -0.9993 0.0344
vn 0.0169 -0.9993 0.0346
vn 0.0203 -0.9992 0.0336
vn 0.0202 -0.9992 0.0336
vn 0.0170 -0.9993 0.0346
vn 0.0168 -0.9993 0.0347
vn -0.2634 -0.0388 -0.9639
vn -0.2606 -0.0388 -0.9647
vn -0.2601 -0.0388 -0.9648
vn -0.2565 -0.0386 -0.9658
vn -0.2633 -0.0388 -0.9639
vn -0.2633 -0.0386 -0.9639
vn -0.2616 -0.0385 -0.9644
vn -0.2636 -0.0384 -0.9639
vn -0.2641 -0.0386 -0.9637
vn -0.2635 -0.0384 -0.9639
vn -0.2602 -0.0387 -0.9648
vn -0.2634 -0.0390 -0.9639
vn -0.2636 -0.0389 -0.9638
vn -0.2636 -0.0385 -0.9639
vn -0.2636 -0.0382 -0.9639
vn -0.9587 -0.2286 -0.1693
vn -0.9343 -0.3129 -0.1707
vn -0.9401 -0.2967 -0.1681
vn -0.9556 -0.2312 -0.1827
vn -0.9786 -0.1070 -0.1759
vn -0.9466 -0.2083 -0.2459
vn -0.9748 -0.1057 -0.1966
vn -0.9828 -0.0264 -0.1826
vn -0.9516 -0.1790 -0.2499
vn -0.9378 -0.1505 -0.3128
vn -0.9391 -0.1484 -0.3100
vn -0.9290 -0.1516 -0.3376
vn -0.9254 -0.1713 -0.3379
vn -0.9346 -0.0902 -0.3441
vn -0.9410 -0.1059 -0.3214
vn -0.9345 -0.0105 -0.3559
vn -0.9609 -0.1063 -0.2557
vn -0.9792 -0.0253 -0.2014
vn -0.9441 -0.0282 -0.3284
vn -0.9651 -0.0266 -0.2604
vn -0.9810 0.0121 -0.1938
vn -0.9830 0.0131 -0.1831
vn -0.9753 0.0080 -0.2208
vn -0.9816 0.0374 -0.1872
vn -0.9824 0.0081 -0.1864
vn -0.9814 0.0387 -0.1881
vn -0.9662 0.0072 -0.2577
vn -0.9543 0.0043 -0.2988
vn -0.9761 0.1040 -0.1906
vn -0.9760 0.1041 -0.1913
vn -0.9717 0.1384 -0.1912
vn -0.9534 0.0052 -0.3015
vn -0.9641 0.1839 -0.1918
vn -0.9619 0.1951 -0.1913
vn -0.9573 0.2204 -0.1872
vn -0.9115 0.3649 -0.1895
vn -0.9542 0.2234 -0.1990
vn -0.9125 0.3547 -0.2041
vn -0.8560 0.4847 -0.1798
vn -0.9470 0.2298 -0.2246
vn -0.8619 0.4689 -0.1928
vn -0.9362 0.2282 -0.2675
vn -0.9067 0.3334 -0.2582
vn -0.8655 0.4355 -0.2474
vn -0.9249 0.2262 -0.3057
vn -0.8505 0.4155 -0.3226
vn -0.8857 0.3200 -0.3365
vn -0.9251 0.2298 -0.3023
vn -0.8557 0.3593 -0.3724
vn -0.8766 0.2963 -0.3792
vn -0.9113 0.2264 -0.3439
vn -0.9255 0.2275 -0.3030
vn -0.8923 0.2413 -0.3817
vn -0.8932 0.2379 -0.3816
vn -0.9043 0.1957 -0.3795
vn -0.9063 0.1806 -0.3821
vn -0.9163 0.1265 -0.3801
vn -0.9200 0.1170 -0.3741
vn -0.9196 0.1145 -0.3758
vn -0.9291 0.0498 -0.3666
vn -0.9301 0.0552 -0.3632
vn -0.9331 0.0206 -0.3590
vn -0.9319 0.0324 -0.3613
vn -0.9309 0.0302 -0.3640
vn -0.9440 0.0054 -0.3299
vn -0.9535 0.0074 -0.3013
vn -0.9535 0.0067 -0.3013
vn -0.9535 0.0068 -0.3013
vn -0.9535 0.0076 -0.3013
vn -0.9536 0.0075 -0.3011
vn -0.9525 0.0379 -0.3023
vn -0.9524 0.0375 -0.3024
vn -0.9473 0.1015 -0.3039
vn -0.9476 0.1009 -0.3032
vn -0.9420 0.1409 -0.3046
vn -0.9424 0.1340 -0.3064
vn -0.9333 0.1906 -0.3042
vn -0.9328 0.1939 -0.3037
vn -0.9255 0.2281 -0.3023
vn -0.9256 0.2274 -0.3026
vn -0.9259 0.2255 -0.3032
vn 0.0203 0.9992 -0.0341
vn 0.0169 0.9992 -0.0350
vn 0.0202 0.9992 -0.0340
vn 0.0203 0.9992 -0.0340
vn 0.2598 -0.0384 -0.9649
vn 0.2599 -0.0384 -0.9649
vn 0.2588 -0.0379 -0.9652
vn 0.2588 -0.0378 -0.9652
vn 0.2599 -0.0378 -0.9649
vn 0.2599 -0.0379 -0.9649
vn 0.2599 -0.0380 -0.9649
vn 0.2600 -0.0381 -0.9649
vn 0.2599 -0.0374 -0.9649
vn 0.2600 -0.0370 -0.9649
vn 0.2600 -0.0369 -0.9649
vn -0.0169 -0.9992 0.0350
vn -0.0169 -0.9992 0.0351
vn -0.0203 -0.9992 0.0341
vn -0.0202 -0.9992 0.0341
vn -0.0203 -0.9992 0.0340
vn 0.2599 -0.0382 -0.9649
vn 0.2601 -0.0379 -0.9648
vn 0.2601 -0.0378 -0.9648
vn 0.2600 -0.0378 -0.9649
vn 0.2601 -0.0384 -0.9648
vn 0.2599 -0.0385 -0.9649
vn 0.2567 -0.0355 -0.9658
vn 0.2567 -0.0360 -0.9658
vn 0.2594 -0.0372 -0.9651
vn 0.2599 -0.0376 -0.9649
vn 0.9990 -0.0222 0.0393
vn 0.9919 -0.0192 0.1256
vn 0.9990 -0.0247 0.0368
vn 0.9952 -0.0811 0.0546
vn 0.9980 -0.0468 0.0433
vn 0.9978 -0.0444 0.0490
vn 0.9999 0.0092 -0.0107
vn 0.9976 -0.0491 0.0482
vn 0.9979 -0.0485 0.0441
vn 0.9985 -0.0523 0.0131
vn 0.9987 -0.0475 0.0168
vn 0.9949 -0.0915 -0.0420
vn 0.9888 0.0951 -0.1154
vn 0.9919 0.0749 -0.1026
vn 0.9895 0.1060 -0.0981
vn 0.9966 0.0351 -0.0752
vn 0.9903 0.1102 -0.0840
vn 0.9938 0.1011 -0.0452
vn 0.9946 0.1008 -0.0250
vn 0.9948 0.1018 0.0012
vn 0.9946 0.1041 0.0020
vn 0.9898 0.1411 0.0187
vn 0.9894 0.1442 0.0165
vn 0.9830 0.1744 0.0577
vn 0.9982 -0.0525 0.0287
vn 0.9982 -0.0537 0.0281
vn 0.9982 -0.0557 0.0216
vn 0.9973 -0.0251 0.0695
vn 0.9974 -0.0240 0.0683
vn 0.9686 -0.0675 0.2393
vn -0.0445 0.0308 0.9985
vn 0.9894 0.1452 0.0076
vn 0.9886 0.1503 -0.0132
vn 0.9896 0.1437 0.0075
vn 0.9973 0.0722 0.0166
vn 0.9974 0.0699 0.0167
vn 0.1738 0.9299 -0.3242
vn 0.1822 0.9192 -0.3490
vn 0.1839 0.9170 -0.3541
vn 0.1920 0.9057 -0.3779
vn -0.1822 0.9170 -0.3547
vn -0.1909 0.9062 -0.3773
vn -0.1791 0.9207 -0.3466
vn -0.1701 0.9309 -0.3232
vn -0.8441 -0.4028 -0.3539
vn -0.8443 -0.4024 -0.3538
vn -0.8443 -0.4025 -0.3538
vn -0.8446 -0.4020 -0.3536
vn -0.5367 -0.1005 -0.8378
vn -0.5364 -0.1011 -0.8379
vn -0.5363 -0.1013 -0.8380
vn -0.5359 -0.1019 -0.8381
vn 0.8612 -0.2393 -0.4484
vn 0.8614 -0.2389 -0.4482
vn 0.8617 -0.2383 -0.4479
vn -0.5751 -0.2995 -0.7613
vn -0.5755 -0.2989 -0.7612
vn -0.5756 -0.2987 -0.7612
vn -0.5761 -0.2979 -0.7611
vn 0.8426 -0.4037 -0.3564
vn 0.8427 -0.4036 -0.3564
vn 0.8427 -0.4035 -0.3563
vn -0.8575 -0.2405 -0.4549
vn -0.8575 -0.2404 -0.4549
vn 0.5553 -0.0811 -0.8277
vn 0.5548 -0.0819 -0.8279
vn 0.5549 -0.0817 -0.8279
vn 0.5544 -0.0827 -0.8282
vn 0.5792 -0.3051 -0.7559
vn 0.5793 -0.3050 -0.7559
vn 0.5794 -0.3048 -0.7559
vn -0.3586 0.0198 -0.9333
vn -0.3169 -0.0066 -0.9484
vn -0.4031 0.0486 -0.9138
vn -0.2696 -0.0359 -0.9623
vn -0.9226 -0.0160 -0.3855
vn -0.9225 -0.0161 -0.3856
vn -0.9226 -0.0160 -0.3854
vn -0.9225 -0.0162 -0.3857
vn -0.9913 0.0028 0.1313
vn -0.9913 0.0026 0.1314
vn -0.9913 0.0024 0.1316
vn -0.9913 0.0022 0.1317
vn -0.3669 0.0328 0.9297
vn -0.3685 0.0343 0.9290
vn -0.3683 0.0341 0.9291
vn -0.3701 0.0357 0.9283
vn 0.2641 0.0513 -0.9631
vn 0.3127 0.0208 -0.9496
vn 0.3547 -0.0061 -0.9350
vn 0.3987 -0.0349 -0.9164
vn 0.9225 -0.0147 -0.3857
vn 0.9220 -0.0139 -0.3870
vn 0.9216 -0.0133 -0.3879
vn 0.9210 -0.0125 -0.3893
vn 0.9917 0.0063 0.1283
vn 0.9918 0.0055 0.1280
vn 0.9917 0.0068 0.1285
vn 0.9918 0.0049 0.1278
vn -0.3720 -0.0356 -0.9276
vn -0.3721 -0.0355 -0.9275
vn -0.3720 -0.0356 -0.9275
vn -0.3719 -0.0357 -0.9276
vn 0.0008 0.9993 -0.0370
vn 0.0011 0.9993 -0.0370
vn 0.0010 0.9993 -0.0370
vn 0.0009 0.9993 -0.0370
vn -0.0008 0.9993 -0.0369
vn -0.4174 0.0117 0.9086
vn -0.4085 0.0042 0.9128
vn -0.3834 -0.0168 0.9234
vn -0.4415 0.0323 0.8967
vn -0.9246 0.0126 0.3808
vn -0.9247 0.0129 0.3804
vn -0.9251 0.0137 0.3795
vn -0.9242 0.0119 0.3818
vn -0.9255 -0.0172 -0.3784
vn -0.9257 -0.0168 -0.3780
vn -0.9257 -0.0167 -0.3779
vn -0.9259 -0.0164 -0.3775
vn -0.4627 -0.0333 -0.8859
vn -0.4663 -0.0300 -0.8841
vn -0.4674 -0.0290 -0.8836
vn -0.4710 -0.0257 -0.8818
vn 0.4590 -0.0231 -0.8881
vn 0.4633 -0.0269 -0.8858
vn 0.4646 -0.0281 -0.8851
vn 0.4689 -0.0319 -0.8827
vn 0.9255 -0.0137 -0.3785
vn 0.9249 -0.0125 -0.3799
vn 0.9247 -0.0121 -0.3804
vn 0.9242 -0.0110 -0.3818
vn 0.9263 0.0147 0.3766
vn 0.9261 0.0152 0.3771
vn 0.9255 0.0164 0.3784
vn 0.9268 0.0135 0.3753
vn 0.4194 0.0058 0.9078
vn 0.4110 0.0131 0.9115
vn 0.3876 0.0333 0.9212
vn 0.4417 -0.0139 0.8971
vn 0.0016 0.9993 -0.0372
vn 0.0007 0.9993 -0.0376
vn 0.0028 0.9993 -0.0376
vn 0.0001 0.9993 -0.0372
vn -0.0003 0.9993 -0.0369
vn 0.0006 0.9993 -0.0365
vn -0.0001 0.9993 -0.0365
vn -0.0070 0.9993 -0.0371
vn 0.0020 0.9993 -0.0371
vn 0.0009 0.9993 -0.0366
vn -0.0003 0.9993 -0.0366
vn -0.0002 0.9993 -0.0366
vn -0.0017 0.9993 -0.0366
vn -0.0005 0.9993 -0.0371
vn 0.0070 0.9993 -0.0371
vn -1.0000 0.0007 0.0030
vn -1.0000 -0.0030 0.0010
vn -1.0000 -0.0013 0.0019
vn -1.0000 -0.0045 0.0002
vn 1.0000 0.0013 -0.0019
vn 1.0000 0.0045 -0.0002
vn 1.0000 0.0030 -0.0010
vn 1.0000 -0.0007 -0.0030
vn -0.3765 0.2051 0.9034
vn -0.3780 0.2061 0.9026
vn -0.3798 0.2074 0.9015
vn -0.3744 0.2036 0.9046
vn -0.9128 0.1832 0.3649
vn -0.9128 0.1831 0.3651
vn -0.9127 0.1830 0.3653
vn -0.9129 0.1833 0.3647
vn -0.9127 0.1566 -0.3774
vn -0.9127 0.1565 -0.3775
vn -0.9127 0.1564 -0.3776
vn -0.3822 0.1391 -0.9135
vn -0.3813 0.1384 -0.9140
vn -0.3807 0.1379 -0.9144
vn -0.3799 0.1374 -0.9148
vn 0.3745 0.1411 -0.9164
vn 0.3777 0.1390 -0.9154
vn 0.3801 0.1375 -0.9147
vn 0.3828 0.1358 -0.9138
vn 0.9130 0.1547 -0.3774
vn 0.9119 0.1561 -0.3795
vn 0.9111 0.1571 -0.3810
vn 0.9101 0.1583 -0.3828
vn 0.9121 0.1876 0.3645
vn 0.9120 0.1877 0.3646
vn 0.9120 0.1878 0.3648
vn 0.9122 0.1875 0.3643
vn 0.3813 0.2075 0.9009
vn 0.3810 0.2076 0.9010
vn 0.3806 0.2079 0.9011
vn 0.3817 0.2072 0.9008
vn 0.0002 0.0528 0.9986
vn 0.0048 0.0531 0.9986
vn 0.0003 0.0528 0.9986
vn 0.0049 0.0531 0.9986
vn 0.0013 0.3704 0.9289
vn 0.0017 0.3703 0.9289
vn 0.0004 0.3707 0.9287
vn -0.0000 0.3708 0.9287
vn -0.0000 0.8320 0.5548
vn -0.0254 0.9990 -0.0379
vn -0.0000 0.9993 -0.0366
vn -0.0017 0.9993 -0.0367
vn -0.0272 0.9989 -0.0380
vn 0.0494 0.7879 -0.6138
vn 0.0252 0.7808 -0.6243
vn 0.0447 0.7866 -0.6159
vn 0.0187 0.7787 -0.6271
vn 0.0360 0.2505 -0.9675
vn -0.0655 0.1219 -0.9904
vn 0.0464 0.2507 -0.9670
vn -0.0772 0.0848 -0.9934
vn -0.1144 -0.0466 -0.9923
vn -0.1300 -0.0442 -0.9905
vn -0.3217 -0.0594 -0.9450
vn -0.1182 -0.0442 -0.9920
vn 0.0994 -0.0521 -0.9937
vn 0.1102 -0.0527 -0.9925
vn 0.0947 -0.7751 -0.6247
vn 0.0942 -0.7752 -0.6246
vn 0.0945 -0.7752 -0.6247
vn 0.0940 -0.7753 -0.6246
vn 0.0294 -0.9987 0.0407
vn 0.0012 -0.9993 0.0383
vn 0.0283 -0.9988 0.0406
vn 0.0002 -0.9993 0.0383
vn -0.0001 0.9993 -0.0376
vn -0.0000 0.9993 -0.0376
vn -0.0001 0.9993 -0.0375
vn -0.0002 0.9993 -0.0375
vn 0.0040 0.5448 0.8385
vn -0.0000 0.4586 0.8887
vn 0.0039 0.5448 0.8385
vn -0.0000 0.4535 0.8913
vn -0.0000 0.3623 0.9321
vn -0.0000 -0.2389 0.9711
vn -0.0000 -0.7836 0.6212
vn 0.0023 -0.7838 0.6210
vn 0.0006 -0.7837 0.6212
vn 0.0029 -0.7838 0.6210
vn -0.0000 -0.9993 0.0367
vn 0.0002 -0.9993 0.0368
vn -0.0000 0.0382 0.9993
vn 0.9817 -0.1583 0.1063
vn 0.9607 -0.2553 0.1091
vn 0.9693 -0.2195 0.1109
vn 0.9751 -0.1948 0.1062
vn 0.9909 -0.0911 0.0993
vn 0.9934 0.0599 0.0979
vn 0.9934 -0.0092 0.1147
vn 0.9758 0.1547 0.1546
vn 0.9921 0.0405 0.1184
vn 0.9239 0.3210 0.2080
vn 0.9421 0.2976 0.1547
vn 0.9880 0.0313 0.1510
vn 0.9950 0.0109 0.0998
vn 0.9954 0.0867 0.0412
vn 0.9951 0.0892 0.0434
vn 0.9943 0.0914 0.0551
vn 0.9924 0.0989 0.0730
vn 0.9573 0.2580 0.1305
vn 0.9918 0.1058 0.0719
vn 0.9807 0.1289 0.1471
vn 0.9323 0.3353 0.1358
vn 0.9221 0.3648 0.1292
vn 0.9495 0.2690 0.1616
vn 0.9518 0.2345 0.1977
vn 0.9170 0.1822 0.3549
vn 0.9341 0.1452 0.3261
vn 0.9450 0.1522 0.2895
vn 0.9562 0.1694 0.2388
vn 0.9168 0.3213 0.2372
vn 0.9543 0.1734 0.2433
vn 0.9556 0.1699 0.2407
vn 0.9566 0.1667 0.2392
vn 0.9636 0.2258 0.1433
vn 0.9837 0.1259 0.1287
vn 0.9798 0.1836 0.0792
vn 0.9842 0.1546 0.0866
vn 0.9970 0.0390 0.0671
vn 0.9894 -0.0669 0.1291
vn 0.9999 -0.0042 -0.0153
vn 0.9406 -0.3374 0.0386
vn 0.8141 -0.5499 0.1865
vn 0.7762 -0.5917 0.2177
vn -0.9911 -0.1293 -0.0306
vn -0.3912 -0.8333 -0.3906
vn -0.0002 0.0526 0.9986
vn -0.0000 0.0526 0.9986
vn -0.0013 0.3704 0.9289
vn -0.0004 0.3707 0.9287
vn -0.0016 0.3703 0.9289
vn 0.0257 0.9989 -0.0379
vn 0.0017 0.9993 -0.0367
vn 0.0275 0.9989 -0.0380
vn -0.0469 0.7872 -0.6149
vn -0.0425 0.7859 -0.6168
vn -0.0244 0.7805 -0.6246
vn -0.0185 0.7787 -0.6271
vn -0.0355 0.2519 -0.9671
vn -0.0458 0.2520 -0.9666
vn 0.0645 0.1226 -0.9904
vn 0.0761 0.0853 -0.9934
vn 0.1305 -0.0479 -0.9903
vn 0.1300 -0.0442 -0.9905
vn 0.3139 -0.0591 -0.9476
vn 0.1182 -0.0442 -0.9920
vn -0.0995 -0.0521 -0.9937
vn -0.1103 -0.0527 -0.9925
vn -0.0947 -0.7751 -0.6247
vn -0.0945 -0.7752 -0.6247
vn -0.0942 -0.7752 -0.6246
vn -0.0940 -0.7753 -0.6246
vn -0.0294 -0.9987 0.0407
vn -0.0283 -0.9988 0.0406
vn -0.0011 -0.9993 0.0383
vn -0.0000 -0.9993 0.0382
vn 0.0001 0.9993 -0.0375
vn 0.0002 0.9993 -0.0375
vn -0.0000 0.5449 0.8385
vn -0.0005 0.4534 0.8913
vn -0.0034 0.3612 0.9325
vn -0.0045 0.3609 0.9326
vn -0.0046 -0.2378 0.9713
vn -0.0036 -0.2376 0.9713
vn -0.0010 -0.2372 0.9715
vn -0.0000 -0.2370 0.9715
vn -0.0000 -0.7844 0.6203
vn -0.0048 0.0387 0.9992
vn -0.0047 0.0387 0.9992
vn -0.0001 0.0384 0.9993
vn -0.0000 0.0384 0.9993
vn -0.9822 -0.1591 0.0998
vn -0.9695 -0.2215 0.1047
vn -0.9636 -0.2465 0.1035
vn -0.9756 -0.1949 0.1010
vn -0.9905 -0.1002 0.0941
vn -0.9943 0.0602 0.0883
vn -0.9938 -0.0062 0.1112
vn -0.9801 0.1281 0.1516
vn -0.9421 0.3058 0.1374
vn -0.9540 0.2690 0.1327
vn -0.9242 0.3238 0.2023
vn -0.9584 0.1924 0.2108
vn -0.9674 0.1592 0.1971
vn -0.9750 0.1332 0.1779
vn -0.9792 0.1073 0.1721
vn -0.9720 0.1745 0.1576
vn -0.9480 0.1208 0.2944
vn -0.9397 0.1210 0.3200
vn -0.9711 -0.0434 0.2348
vn -0.9503 0.1385 0.2787
vn -0.9882 0.0178 0.1523
vn -0.9672 0.2140 0.1369
vn -0.9277 0.3517 0.1254
vn -0.9323 0.3353 0.1358
vn -0.9920 0.0396 0.1200
vn -0.9950 0.0107 0.0997
vn -0.9954 0.0867 0.0412
vn -0.9951 0.0892 0.0434
vn -0.9570 0.2587 0.1309
vn -0.9943 0.0913 0.0548
vn -0.9926 0.0981 0.0713
vn -0.9805 0.1299 0.1475
vn -0.9920 0.1051 0.0704
vn 0.9923 0.1239 -0.0084
vn 1.0000 -0.0038 -0.0054
vn 1.0000 -0.0044 -0.0070
vn 0.9919 0.1260 -0.0153
vn 0.9706 0.2352 -0.0517
vn 0.9715 0.2279 -0.0656
vn 0.6513 0.7485 -0.1243
vn 0.6505 0.7495 -0.1226
vn 0.6491 0.7512 -0.1198
vn 0.6527 0.7469 -0.1270
vn -0.0054 0.9999 0.0103
vn 0.0112 0.9878 -0.1555
vn 0.0125 0.9858 -0.1676
vn -0.0067 0.9997 0.0228
vn -0.6236 0.7815 0.0178
vn -0.6495 0.7598 -0.0295
vn -0.6637 0.7458 -0.0574
vn -0.6851 0.7212 -0.1023
vn -0.9675 0.2470 -0.0544
vn -0.9666 0.2525 -0.0437
vn -0.9917 0.1279 -0.0133
vn -0.9921 0.1256 -0.0064
vn -0.9999 -0.0105 0.0063
vn -0.9999 -0.0098 0.0079
vn -0.5712 0.0260 0.8204
vn -0.5499 -0.0019 0.8353
vn -0.5727 0.0252 0.8194
vn -0.5440 -0.0374 0.8382
vn -0.4880 -0.2064 0.8481
vn -0.4660 -0.2700 0.8426
vn -0.1890 -0.5064 0.8413
vn -0.2070 -0.5128 0.8332
vn 0.2262 -0.5544 0.8009
vn 0.2324 -0.5291 0.8162
vn 0.5160 -0.2218 0.8274
vn 0.4387 -0.2688 0.8575
vn 0.5489 -0.0158 0.8357
vn 0.5175 -0.0576 0.8537
vn 0.5784 0.0347 0.8150
vn 0.5842 0.0366 0.8108
vn 0.4998 0.1007 0.8603
vn 0.5514 0.0180 0.8340
vn 0.5560 0.0164 0.8310
vn 0.5304 0.0634 0.8454
vn 0.4656 0.3048 0.8309
vn 0.5306 0.2628 0.8058
vn 0.2454 0.5729 0.7821
vn 0.2218 0.5999 0.7687
vn -0.2190 0.5480 0.8073
vn -0.1955 0.5513 0.8111
vn -0.4805 0.3162 0.8180
vn -0.4904 0.2690 0.8289
vn -0.5260 0.0832 0.8464
vn -0.5283 0.0466 0.8478
vn -0.5512 0.0175 0.8342
vn -0.5532 0.0184 0.8329
vn 0.4486 0.4517 -0.7712
vn 0.5310 0.8264 -0.1873
vn 0.6835 0.6679 -0.2944
vn 0.3922 0.8340 -0.3880
vn 0.8011 0.5726 -0.1744
vn 0.8098 0.5801 -0.0876
vn 0.8099 0.5799 -0.0877
vn 0.1980 0.8692 -0.4531
vn 0.1752 0.7356 -0.6544
vn 0.1759 0.9805 -0.0872
vn 0.1813 0.9685 -0.1709
vn 0.1716 0.9815 -0.0848
vn -0.5399 0.8384 -0.0752
vn -0.5314 0.8329 -0.1542
vn -0.5381 0.8396 -0.0740
vn -0.7851 0.5989 -0.1577
vn -0.5111 0.7497 -0.4204
vn -0.9641 0.2594 -0.0562
vn -0.9622 0.2670 -0.0543
vn -0.9442 0.2993 -0.1373
vn -0.8567 0.4405 -0.2683
vn -0.6562 0.5697 -0.4948
vn -0.4845 0.5783 -0.6564
vn -0.5945 0.3146 -0.7400
vn -0.4492 0.4523 -0.7705
vn -0.5300 0.8270 -0.1874
vn -0.3925 0.8338 -0.3882
vn -0.6832 0.6682 -0.2945
vn -0.7992 0.5751 -0.1747
vn -0.8096 0.5803 -0.0883
vn -0.8100 0.5797 -0.0885
vn -0.1985 0.8691 -0.4531
vn -0.1757 0.7355 -0.6543
vn -0.1760 0.9805 -0.0873
vn -0.1816 0.9684 -0.1710
vn -0.1716 0.9815 -0.0848
vn 0.5399 0.8384 -0.0752
vn 0.5381 0.8396 -0.0740
vn 0.5314 0.8329 -0.1542
vn 0.7851 0.5989 -0.1577
vn 0.5101 0.7503 -0.4204
vn 0.9641 0.2594 -0.0562
vn 0.9622 0.2671 -0.0543
vn 0.9442 0.2993 -0.1373
vn 0.8596 0.4355 -0.2673
vn 0.6578 0.5675 -0.4952
vn 0.4838 0.5780 -0.6572
vn 0.5950 0.3092 -0.7419
vn -0.4986 0.2715 -0.8232
vn -0.7670 0.6162 -0.1790
vn -0.7037 0.6310 -0.3265
vn -0.8629 0.3912 -0.3200
vn -0.9382 0.2972 -0.1775
vn -0.9529 0.2943 -0.0735
vn -0.9532 0.2931 -0.0741
vn -0.5077 0.8100 -0.2936
vn -0.3532 0.5628 -0.7473
vn -0.4998 0.8657 -0.0274
vn -0.4984 0.8542 -0.1480
vn -0.4940 0.8692 -0.0224
vn 0.4197 0.9077 -0.0056
vn 0.4156 0.9095 -0.0023
vn 0.4077 0.9050 -0.1215
vn 0.6947 0.7062 -0.1364
vn 0.4134 0.8694 -0.2706
vn 0.9235 0.3828 -0.0238
vn 0.9202 0.3910 -0.0196
vn 0.9014 0.4152 -0.1224
vn 0.8070 0.5174 -0.2846
vn 0.6190 0.7278 -0.2954
vn 0.3008 0.6184 -0.7260
vn 0.4770 0.3526 -0.8051
vn 0.4986 0.2715 -0.8232
vn 0.7660 0.6175 -0.1790
vn 0.8625 0.3919 -0.3202
vn 0.7044 0.6302 -0.3265
vn 0.9370 0.3008 -0.1778
vn 0.9518 0.2977 -0.0734
vn 0.9522 0.2964 -0.0740
vn 0.5088 0.8094 -0.2934
vn 0.3540 0.5616 -0.7479
vn 0.5003 0.8654 -0.0279
vn 0.4987 0.8541 -0.1477
vn 0.4949 0.8686 -0.0232
vn -0.4189 0.9080 -0.0049
vn -0.4082 0.9047 -0.1218
vn -0.4155 0.9096 -0.0022
vn -0.6939 0.7070 -0.1369
vn -0.4138 0.8692 -0.2708
vn -0.9235 0.3829 -0.0253
vn -0.9198 0.3919 -0.0206
vn -0.8999 0.4184 -0.1227
vn -0.8065 0.5181 -0.2848
vn -0.6190 0.7278 -0.2954
vn -0.3012 0.6191 -0.7252
vn -0.4781 0.3533 -0.8041
vn 0.0013 0.0368 0.9993
vn 0.0015 0.0376 0.9993
vn 0.0013 0.0370 0.9993
vn 0.0016 0.0377 0.9993
vn 0.0011 0.0371 0.9993
vn 0.0021 0.0369 0.9993
vn 0.0001 0.0371 0.9993
vn 0.0024 0.0365 0.9993
vn 0.0022 0.0356 0.9994
vn 0.0024 0.0364 0.9993
vn 0.0026 0.0344 0.9994
vn 0.0018 0.0348 0.9994
vn 0.0016 0.0359 0.9994
vn 0.0014 0.0377 0.9993
vn 0.0017 0.0360 0.9994
vn 0.0017 0.0345 0.9994
vn 0.0013 0.0387 0.9992
vn 0.0020 0.0350 0.9994
vn 0.0037 0.0304 0.9995
vn -0.0111 0.0432 0.9990
vn -0.0043 0.0512 0.9987
vn -0.0067 0.0333 0.9994
vn 0.0163 0.0277 0.9995
vn 0.0271 0.0251 0.9993
vn 0.0387 0.0377 0.9985
vn 0.0386 0.0379 0.9985
vn 0.0398 0.0375 0.9985
vn 0.0014 0.0389 0.9992
vn 0.0016 0.0350 0.9994
vn 0.0013 0.0377 0.9993
vn 0.0015 0.0382 0.9993
vn 0.0014 0.0378 0.9993
vn 0.0014 0.0367 0.9993
vn 0.0015 0.0362 0.9993
vn 0.0017 0.0386 0.9993
vn 0.0016 0.0372 0.9993
vn 0.0011 0.0347 0.9994
vn 0.0014 0.0355 0.9994
vn 0.0009 0.0357 0.9994
vn 0.0005 0.0371 0.9993
vn -0.0001 0.0371 0.9993
vn -1.0000 -0.0013 -0.0000
vn -1.0000 -0.0002 0.0045
vn -1.0000 -0.0017 0.0061
vn -1.0000 -0.0023 0.0080
vn -1.0000 0.0010 0.0061
vn -1.0000 0.0023 0.0054
vn -1.0000 0.0015 0.0065
vn -0.9999 -0.0016 0.0102
vn -1.0000 -0.0050 0.0067
vn -0.9999 -0.0074 0.0078
vn -1.0000 -0.0021 0.0026
vn -0.9999 -0.0072 0.0100
vn -0.9979 -0.0597 0.0255
vn 1.0000 0.0013 -0.0000
vn 1.0000 0.0013 0.0056
vn 1.0000 0.0031 0.0039
vn 1.0000 0.0005 0.0084
vn 1.0000 -0.0025 0.0058
vn 1.0000 0.0059 0.0067
vn 1.0000 0.0038 0.0031
vn 1.0000 0.0026 0.0082
vn 0.9999 0.0122 0.0083
vn 0.9999 -0.0084 0.0084
vn 1.0000 0.0021 -0.0026
vn 0.9999 -0.0071 0.0137
vn 0.9914 -0.1217 0.0475
vn -0.0005 -0.9886 0.1504
vn -0.0006 -0.9886 0.1505
vn -0.0003 -0.9886 0.1504
vn 1.0000 -0.0000 -0.0093
vn 1.0000 -0.0017 -0.0066
vn 1.0000 0.0013 -0.0090
vn 1.0000 -0.0028 -0.0070
vn 1.0000 0.0012 -0.0007
vn 0.0016 0.0370 0.9993
vn -1.0000 -0.0038 -0.0050
vn -1.0000 -0.0029 -0.0075
vn -1.0000 -0.0019 -0.0073
vn -1.0000 -0.0046 -0.0053
vn -1.0000 -0.0012 0.0001
vn 0.0009 -0.0459 0.9989
vn 0.0011 -0.0458 0.9989
vn 0.0017 -0.0456 0.9990
vn 0.0018 -0.0456 0.9990
vn -0.0008 -0.9988 0.0484
vn -0.0005 -0.9990 0.0452
vn -0.0005 -0.9990 0.0453
vn -0.0008 -0.9988 0.0485
vn -0.0008 -0.9993 0.0367
vn -0.0007 -0.9993 0.0367
vn -0.0009 -0.9993 0.0367
vn -0.0007 -0.9993 0.0368
vn -0.0008 -0.9993 0.0368
vn -0.0013 -0.9993 0.0365
vn -0.0007 -0.9993 0.0366
vn -0.0008 -0.9993 0.0366
vn -0.0005 -0.9993 0.0367
vn -0.0000 -0.9993 0.0368
vn -0.0004 -0.9993 0.0368
vn -0.0004 -0.9993 0.0367
vn -0.0004 -0.9993 0.0369
vn -0.0016 -0.9993 0.0367
vn -0.0010 -0.9993 0.0367
vn -0.0006 -0.9993 0.0367
vn -0.0002 -0.9993 0.0367
vn -0.0008 -0.9993 0.0369
vn -0.0005 -0.9993 0.0368
vn -0.0013 -0.9993 0.0370
vn -0.0006 -0.9993 0.0368
vn -1.0000 -0.0007 0.0019
vn -1.0000 -0.0010 0.0017
vn -1.0000 -0.0011 0.0015
vn -1.0000 0.0002 0.0017
vn -1.0000 0.0007 0.0014
vn -1.0000 0.0001 0.0018
vn -1.0000 0.0006 0.0016
vn -1.0000 -0.0017 0.0019
vn -1.0000 -0.0009 0.0021
vn -1.0000 -0.0027 0.0016
vn -1.0000 -0.0019 0.0018
vn -1.0000 -0.0026 0.0015
vn 1.0000 -0.0008 -0.0016
vn 1.0000 0.0011 -0.0019
vn 1.0000 0.0013 -0.0018
vn 1.0000 0.0006 -0.0019
vn 1.0000 -0.0001 -0.0018
vn 1.0000 -0.0004 -0.0015
vn 1.0000 -0.0005 -0.0017
vn 1.0000 0.0009 -0.0020
vn 1.0000 0.0016 -0.0020
vn 1.0000 0.0026 -0.0016
vn 1.0000 0.0018 -0.0018
vn 1.0000 0.0026 -0.0015
vn 1.0000 0.0025 -0.0015
vn -0.9948 -0.0912 0.0452
vn -0.9940 -0.1001 0.0439
vn -0.9965 -0.0675 0.0484
vn -0.9968 -0.0625 0.0491
vn 0.9955 -0.0855 0.0410
vn 0.9971 -0.0615 0.0443
vn 0.9947 -0.0945 0.0398
vn 0.9974 -0.0564 0.0450
vn -0.0000 -0.6489 0.7609
vn -0.4852 -0.1515 0.8612
vn 0.4880 -0.1513 0.8596
vn -0.0000 -0.9993 0.0369
vn 0.0001 -0.9993 0.0371
vn 0.0001 -0.9993 0.0369
vn -0.0026 -0.9993 0.0367
vn -0.0025 -0.9993 0.0368
vn -0.9803 0.0037 0.1974
vn -0.9873 0.0057 0.1590
vn -0.9803 0.0032 0.1975
vn -0.9873 0.0060 0.1589
vn -0.9951 0.0037 0.0988
vn -0.9951 0.0037 0.0987
vn -0.9978 0.0025 0.0655
vn -0.9979 0.0025 0.0655
vn -1.0000 0.0002 0.0086
vn -1.0000 0.0003 0.0086
vn -0.9978 -0.0067 -0.0657
vn -0.9978 -0.0068 -0.0656
vn -0.9956 -0.0079 -0.0938
vn 0.9809 0.0116 0.1940
vn 0.9810 0.0110 0.1939
vn 0.9877 0.0057 0.1562
vn 0.9877 0.0054 0.1560
vn 0.9954 0.0036 0.0960
vn 0.9980 0.0023 0.0624
vn 0.9980 0.0024 0.0624
vn 1.0000 0.0044 0.0056
vn 1.0000 0.0046 0.0055
vn 0.9976 -0.0025 -0.0686
vn 0.9976 -0.0026 -0.0686
vn 0.9953 -0.0037 -0.0970
vn 0.0006 -0.9993 0.0369
vn 0.0003 -0.9993 0.0369
vn -0.0001 -0.9993 0.0367
vn 0.0011 0.8091 0.5877
vn 0.0012 0.7944 0.6074
vn -0.0000 0.7949 0.6067
vn 0.0013 0.7949 0.6067
vn 0.0014 0.8086 0.5883
vn 0.0014 0.8229 0.5681
vn -0.0787 0.7857 0.6135
vn -0.0004 0.8238 0.5669
vn 0.0009 0.9993 0.0368
vn 0.0010 0.9993 0.0369
vn -0.0691 0.7985 0.5981
vn -0.2126 0.7286 0.6511
vn -0.1009 0.8049 0.5847
vn -0.1942 0.7538 0.6278
vn -0.2919 0.6583 0.6939
vn -0.2122 0.7727 0.5983
vn -0.2587 0.6915 0.6745
vn -0.4587 0.5343 0.7100
vn -0.3013 0.6843 0.6640
vn -0.4875 0.6332 0.6012
vn -0.6240 0.5620 0.5428
vn -0.6788 0.4441 0.5848
vn -0.6912 0.4097 0.5953
vn -0.7003 0.4187 0.5781
vn -0.7589 0.4524 0.4683
vn -0.7971 0.4512 0.4013
vn -0.7283 0.5907 0.3473
vn -0.6201 0.7127 0.3280
vn -0.6683 0.5736 0.4736
vn -0.8725 0.4333 0.2260
vn -0.9408 0.3180 0.1174
vn -0.7376 0.6509 0.1797
vn -0.9450 0.2401 0.2219
vn -0.9870 0.0554 0.1509
vn -0.4825 0.8123 0.3276
vn -0.5421 0.7249 0.4250
vn -0.3642 0.8682 0.3372
vn -0.4005 0.8463 0.3511
vn -0.2428 0.9180 0.3136
vn -0.2492 0.9392 0.2362
vn -0.1560 0.9361 0.3153
vn -0.1562 0.9630 0.2196
vn -0.0442 0.9409 0.3358
vn -0.0569 0.9764 0.2082
vn 0.0007 0.9789 0.2044
vn -0.0133 0.9429 0.3329
vn -0.0943 0.8859 0.4542
vn -0.0621 0.8850 0.4615
vn -0.1913 0.8903 0.4132
vn -0.1362 0.8260 0.5469
vn -0.0765 0.8752 0.4776
vn -0.3286 0.8618 0.3864
vn -0.2333 0.7951 0.5599
vn -0.1959 0.6312 0.7505
vn -0.4883 0.8078 0.3303
vn -0.3857 0.7536 0.5323
vn -0.2835 0.6272 0.7254
vn -0.2211 0.4427 0.8690
vn -0.3170 0.4405 0.8399
vn -0.2308 0.3567 0.9053
vn -0.3305 0.3538 0.8750
vn -0.4517 0.5924 0.6671
vn -0.4963 0.4158 0.7621
vn -0.5104 0.3345 0.7922
vn -0.5482 0.6825 0.4835
vn -0.7284 0.5873 0.3528
vn -0.6489 0.7293 0.2169
vn -0.6168 0.5258 0.5858
vn -0.6621 0.3668 0.6535
vn -0.6734 0.2961 0.6774
vn -0.7869 0.4133 0.4583
vn -0.8183 0.2886 0.4972
vn -0.8236 0.2362 0.5157
vn -0.8474 0.4831 0.2202
vn -0.9104 0.2734 0.3104
vn -0.9263 0.1931 0.3236
vn -0.9211 0.1938 0.3378
vn -0.9612 0.1545 0.2287
vn -0.9813 0.0518 0.1851
vn -0.9836 -0.0893 0.1566
vn -0.7850 0.5549 0.2755
vn -0.9810 -0.1477 0.1259
vn -0.9865 -0.1504 0.0644
vn -0.9687 -0.1635 0.1868
vn -0.9864 -0.1246 0.1068
vn -0.9782 -0.1868 0.0902
vn -0.9627 -0.2123 0.1678
vn -0.9442 -0.2916 0.1530
vn 0.0005 0.9993 -0.0371
vn 0.0007 0.9993 -0.0368
vn 0.0008 0.9993 -0.0367
vn -0.4854 0.8639 0.1343
vn -0.2394 0.9705 0.0282
vn -0.4223 0.9005 0.1039
vn -0.2228 0.9747 0.0152
vn -0.2592 0.9658 0.0073
vn -0.0000 0.9993 -0.0365
vn -0.5583 0.8247 0.0906
vn -0.5585 0.8247 0.0888
vn -0.5609 0.8220 0.0988
vn -0.5634 0.8238 0.0625
vn -0.5611 0.8218 0.0988
vn -0.5637 0.8239 0.0589
vn -0.5655 0.8246 0.0152
vn -0.2482 0.9687 0.0038
vn -0.5655 0.8246 0.0172
vn -0.5698 0.8212 -0.0311
vn -0.2481 0.9686 -0.0156
vn -0.2478 0.9682 -0.0360
vn -0.2598 0.9656 -0.0138
vn -0.5699 0.8211 -0.0310
vn -0.0002 0.9993 -0.0368
vn -0.5695 0.8182 -0.0790
vn -0.5695 0.8184 -0.0769
vn -0.2605 0.9648 -0.0358
vn -0.2612 0.9634 -0.0600
vn 0.0010 0.9993 -0.0368
vn -0.5650 0.8190 -0.0996
vn -0.5649 0.8191 -0.0996
vn -0.2478 0.9671 -0.0574
vn 0.0039 0.9993 -0.0364
vn -0.2578 0.9639 -0.0673
vn -0.2232 0.9727 -0.0639
vn 0.0017 0.0372 0.9993
vn 0.0019 0.0376 0.9993
vn 0.0019 0.0366 0.9993
vn 0.0026 0.0367 0.9993
vn -0.0000 0.0396 0.9992
vn 0.0016 0.0365 0.9993
vn 0.0016 0.0371 0.9993
vn 0.0015 0.0372 0.9993
vn 0.0016 0.0375 0.9993
vn 0.0014 0.0373 0.9993
vn 0.0020 0.0378 0.9993
vn 0.0025 0.0380 0.9993
vn 0.0028 0.0377 0.9993
vn 0.0023 0.0375 0.9993
vn -0.0184 0.0361 0.9992
vn 0.0003 0.0374 0.9993
vn -0.0004 0.0370 0.9993
vn -0.0465 0.0499 0.9977
vn -0.0082 0.0512 0.9987
vn 0.0018 0.0447 0.9990
vn 0.0577 0.0302 0.9979
vn 0.0066 0.0363 0.9993
vn 0.0021 0.0371 0.9993
vn 0.0018 0.0371 0.9993
vn 0.0017 0.0373 0.9993
vn 0.0018 0.0373 0.9993
vn 0.0018 0.0374 0.9993
vn -0.0016 -0.0370 -0.9993
vn -0.0028 -0.0372 -0.9993
vn -0.0039 -0.0377 -0.9993
vn -0.0015 -0.0371 -0.9993
vn -0.0015 -0.0372 -0.9993
vn -0.0014 -0.0372 -0.9993
vn -0.0026 -0.0373 -0.9993
vn -0.0014 -0.0371 -0.9993
vn -0.0000 -0.0375 -0.9993
vn -0.0014 -0.0380 -0.9993
vn 0.0015 0.0371 0.9993
vn 0.0014 0.0372 0.9993
vn -1.0000 -0.0012 0.0013
vn -1.0000 -0.0012 0.0012
vn -1.0000 -0.0011 0.0014
vn -0.7725 0.6350 0.0078
vn -0.8950 0.4459 0.0161
vn -0.7693 0.6389 0.0045
vn -0.8917 0.4525 0.0134
vn -0.9853 0.1690 0.0254
vn -0.9851 0.1703 0.0242
vn -0.9981 0.0545 0.0270
vn -0.9981 0.0549 0.0264
vn -0.9992 -0.0276 0.0281
vn -0.9992 -0.0267 0.0289
vn -0.9976 -0.0631 0.0285
vn -0.9975 -0.0650 0.0268
vn -0.7157 0.6965 0.0519
vn -0.7025 0.7096 0.0539
vn -0.7008 0.7113 0.0541
vn -0.7173 0.6949 0.0516
vn -0.0000 0.0376 0.9993
vn -0.0000 0.0370 0.9993
vn -0.0000 0.0369 0.9993
vn -0.0000 0.0365 0.9993
vn 0.0005 0.0367 0.9993
vn 0.0012 0.0370 0.9993
vn 0.0008 0.0361 0.9993
vn 0.0015 0.0370 0.9993
vn 0.0008 0.9993 -0.0371
vn 0.0007 0.9993 -0.0369
vn 0.0984 0.9951 0.0066
vn 0.0008 0.9993 -0.0366
vn 0.2555 0.9663 0.0301
vn 0.4224 0.8992 0.1141
vn 0.0007 0.9993 -0.0367
vn 0.4904 0.8686 0.0710
vn -0.0002 0.9993 -0.0367
vn 0.5612 0.8220 0.0970
vn 0.5614 0.8218 0.0971
vn 0.5659 0.8195 0.0903
vn 0.5661 0.8196 0.0885
vn 0.5639 0.8236 0.0607
vn 0.5640 0.8238 0.0570
vn 0.2505 0.9681 0.0030
vn 0.0040 0.9993 -0.0364
vn 0.2600 0.9656 0.0064
vn 0.2608 0.9653 -0.0144
vn 0.5654 0.8247 0.0153
vn 0.5655 0.8246 0.0135
vn 0.2503 0.9680 -0.0162
vn 0.0039 0.9993 -0.0365
vn 0.5698 0.8211 -0.0327
vn 0.2503 0.9675 -0.0367
vn 0.0040 0.9993 -0.0368
vn 0.2621 0.9643 -0.0366
vn 0.2607 0.9636 -0.0588
vn 0.2488 0.9669 -0.0566
vn 0.5652 0.8211 -0.0802
vn 0.5652 0.8212 -0.0783
vn 0.5644 0.8193 -0.1013
vn 0.0039 0.9993 -0.0370
vn 0.2633 0.9620 -0.0717
vn 0.2218 0.9728 -0.0669
vn 0.0010 0.9993 -0.0366
vn 0.0009 0.0366 0.9993
vn 0.0006 0.0367 0.9993
vn 0.0009 0.0371 0.9993
vn -0.0022 0.0358 0.9994
vn 0.0009 0.0372 0.9993
vn 0.0013 0.0371 0.9993
vn 0.0020 0.0375 0.9993
vn 0.0020 0.0372 0.9993
vn 0.0019 0.0373 0.9993
vn 0.0020 0.0377 0.9993
vn 0.0025 0.0374 0.9993
vn -0.0003 -0.0377 -0.9993
vn -0.0009 -0.0374 -0.9993
vn -0.0017 -0.0372 -0.9993
vn -0.0012 -0.0370 -0.9993
vn 0.0026 -0.0373 -0.9993
vn -0.0016 -0.0372 -0.9993
vn 0.0014 -0.0371 -0.9993
vn -0.0015 -0.0370 -0.9993
vn -0.0016 -0.0371 -0.9993
vn -0.0014 -0.0368 -0.9993
vn -0.0018 -0.0371 -0.9993
vn 0.0006 0.9993 0.0369
vn 0.0007 0.9993 0.0369
vn 0.0012 0.8231 0.5679
vn 0.0013 0.8092 0.5875
vn 0.0091 0.8200 0.5722
vn 0.0030 0.8094 0.5873
vn 0.1011 0.8049 0.5847
vn 0.0014 0.7630 0.6463
vn 0.0013 0.7462 0.6657
vn 0.0014 0.6932 0.7208
vn 0.0004 0.9791 0.2035
vn 0.0014 0.7952 0.6063
vn 0.0625 0.8053 0.5896
vn 0.0718 0.7813 0.6201
vn 0.1927 0.7627 0.6174
vn 0.2152 0.7732 0.5965
vn 0.2126 0.7136 0.6675
vn 0.2598 0.7020 0.6630
vn 0.3051 0.6851 0.6615
vn 0.2957 0.6386 0.7105
vn 0.5064 0.6202 0.5991
vn 0.6243 0.5653 0.5392
vn 0.6799 0.4320 0.5925
vn 0.4985 0.5255 0.6895
vn 0.6859 0.4181 0.5956
vn 0.6899 0.4342 0.5793
vn 0.8078 0.4770 0.3464
vn 0.7613 0.4536 0.4634
vn 0.7189 0.6147 0.3247
vn 0.6084 0.7247 0.3235
vn 0.6697 0.5725 0.4730
vn 0.4842 0.8116 0.3268
vn 0.5436 0.7246 0.4236
vn 0.3664 0.8675 0.3363
vn 0.4021 0.8464 0.3492
vn 0.2461 0.9173 0.3129
vn 0.2514 0.9392 0.2338
vn 0.1592 0.9354 0.3156
vn 0.1592 0.9626 0.2191
vn 0.1000 0.9397 0.3271
vn 0.1114 0.9715 0.2092
vn -0.7833 0.6142 0.0956
vn 0.0979 0.8852 0.4547
vn 0.0566 0.8849 0.4624
vn 0.1452 0.8200 0.5537
vn 0.1935 0.8901 0.4126
vn 0.3303 0.8617 0.3853
vn 0.2354 0.7955 0.5584
vn 0.1981 0.6314 0.7497
vn 0.5039 0.7974 0.3320
vn 0.2864 0.6273 0.7243
vn 0.2234 0.4434 0.8680
vn 0.3880 0.7537 0.5304
vn 0.6429 0.7279 0.2384
vn 0.3199 0.4408 0.8387
vn 0.2334 0.3578 0.9041
vn 0.3336 0.3551 0.8733
vn 0.5531 0.6845 0.4749
vn 0.4543 0.5926 0.6651
vn 0.4986 0.4171 0.7599
vn 0.5126 0.3369 0.7898
vn 0.7870 0.5664 0.2446
vn 0.6182 0.5269 0.5833
vn 0.6638 0.3686 0.6507
vn 0.6754 0.2981 0.6745
vn 0.7560 0.5659 0.3291
vn 0.8808 0.4346 0.1877
vn 0.9407 0.3197 0.1133
vn 0.8192 0.2907 0.4944
vn 0.8247 0.2387 0.5127
vn 0.7926 0.4198 0.4422
vn 0.8203 0.5138 0.2511
vn 0.8777 0.3857 0.2843
vn 0.9553 0.2194 0.1983
vn 0.9874 0.0584 0.1467
vn 0.9263 0.1955 0.3221
vn 0.9211 0.1965 0.3359
vn 0.9656 0.1421 0.2178
vn 0.9815 0.0545 0.1835
vn 0.7901 0.5480 0.2747
vn 0.9819 -0.0945 0.1640
vn 0.9878 -0.1331 0.0807
vn 0.9823 -0.1479 0.1151
vn 0.9893 -0.1293 0.0668
vn 0.9875 -0.1249 0.0964
vn 0.9692 -0.1472 0.1975
vn 0.9671 -0.1902 0.1691
vn 1.0000 0.0012 -0.0014
vn 0.7671 0.6415 0.0058
vn 0.8912 0.4533 0.0140
vn 0.7702 0.6378 0.0032
vn 0.8946 0.4466 0.0120
vn 0.9848 0.1721 0.0233
vn 0.9851 0.1706 0.0220
vn 0.9981 0.0569 0.0243
vn 0.9981 0.0565 0.0237
vn 0.9993 -0.0244 0.0268
vn 0.9993 -0.0253 0.0259
vn 0.9978 -0.0610 0.0264
vn 0.9977 -0.0629 0.0247
vn 0.7158 0.6948 0.0699
vn 0.7058 0.7053 0.0661
vn 0.7147 0.6960 0.0695
vn 0.7038 0.7073 0.0654
vn 0.0036 0.0371 0.9993
vn 0.0036 0.0367 0.9993
vn 0.0036 0.0368 0.9993
vn 0.0027 0.0365 0.9993
vn 0.0033 0.0365 0.9993
vn 0.0019 0.0365 0.9993
vn 0.0014 0.0370 0.9993
vn 0.0013 0.0373 0.9993
vn -0.0039 0.0486 0.9988
vn 0.0015 0.0373 0.9993
vn 0.0013 0.0389 0.9992
vn 0.8533 0.4920 -0.1729
vn 0.9126 0.3633 -0.1873
vn 0.8580 0.4751 -0.1953
vn 0.9126 0.3529 -0.2067
vn 0.8625 0.4383 -0.2529
vn 0.9053 0.3342 -0.2622
vn 0.8494 0.4160 -0.3248
vn 0.8843 0.3224 -0.3379
vn 0.8546 0.3595 -0.3748
vn 0.8750 0.2975 -0.3818
vn 0.9518 0.2294 -0.2037
vn 0.9460 0.2309 -0.2274
vn 0.9540 0.2290 -0.1933
vn 0.9347 0.2314 -0.2697
vn 0.9235 0.2290 -0.3076
vn 0.9243 0.2290 -0.3052
vn 0.9631 0.1860 -0.1943
vn 0.9616 0.1943 -0.1939
vn 0.9711 0.1389 -0.1940
vn 0.9753 0.1056 -0.1941
vn 0.9754 0.1059 -0.1935
vn 0.9809 0.0403 -0.1904
vn 0.9810 0.0406 -0.1898
vn 0.9818 0.0106 -0.1894
vn 0.9824 0.0166 -0.1858
vn 0.9822 -0.0247 -0.1862
vn 0.9805 0.0142 -0.1962
vn 0.9787 -0.0237 -0.2041
vn 0.9748 0.0088 -0.2230
vn 0.9781 -0.1046 -0.1800
vn 0.9658 0.0110 -0.2590
vn 0.9745 -0.1034 -0.1991
vn 0.9596 -0.2239 -0.1703
vn 0.9645 -0.0241 -0.2630
vn 0.9538 0.0078 -0.3003
vn 0.9525 0.0081 -0.3044
vn 0.9437 -0.0252 -0.3299
vn 0.9556 -0.2278 -0.1870
vn 0.9398 -0.2992 -0.1651
vn 0.9334 -0.3126 -0.1762
vn 0.9464 -0.2056 -0.2490
vn 0.9604 -0.1043 -0.2585
vn 0.9513 -0.1763 -0.2528
vn 0.9371 -0.1499 -0.3153
vn 0.9381 -0.1441 -0.3148
vn 0.9267 -0.1648 -0.3378
vn 0.9277 -0.1521 -0.3408
vn 0.9318 -0.0887 -0.3521
vn 0.9320 -0.0074 -0.3624
vn 0.9430 0.0068 -0.3328
vn 0.9526 0.0089 -0.3039
vn 0.9526 0.0086 -0.3040
vn 0.9303 0.0292 -0.3658
vn 0.9525 0.0096 -0.3043
vn 0.9526 0.0095 -0.3041
vn 0.9304 0.0300 -0.3652
vn 0.9355 0.0170 -0.3530
vn 0.9290 0.0520 -0.3665
vn 0.9265 0.0562 -0.3722
vn 0.9184 0.1198 -0.3772
vn 0.9174 0.1216 -0.3790
vn 0.9149 0.1279 -0.3829
vn 0.9515 0.0398 -0.3050
vn 0.8913 0.2402 -0.3845
vn 0.8912 0.2367 -0.3870
vn 0.9105 0.2286 -0.3446
vn 0.9240 0.2308 -0.3049
vn 0.9524 0.0101 -0.3048
vn 0.9516 0.0393 -0.3048
vn 0.9462 0.1038 -0.3065
vn 0.9465 0.1029 -0.3057
vn 0.9403 0.1434 -0.3086
vn 0.9414 0.1366 -0.3084
vn 0.9311 0.1967 -0.3071
vn 0.9323 0.1919 -0.3065
vn 0.9241 0.2296 -0.3054
vn 0.9243 0.2287 -0.3055
vn 0.9241 0.2303 -0.3051
vn 0.9241 0.2299 -0.3052
vn 0.9242 0.2294 -0.3053
vn -0.9344 -0.3079 -0.1789
vn -0.9401 -0.2967 -0.1680
vn -0.9587 -0.2285 -0.1692
vn -0.9542 -0.2341 -0.1864
vn -0.9529 -0.1802 -0.2440
vn -0.9503 -0.2048 -0.2344
vn -0.9786 -0.1069 -0.1759
vn -0.9374 -0.1517 -0.3134
vn -0.9748 -0.1057 -0.1965
vn -0.9828 -0.0261 -0.1826
vn -0.9373 -0.1494 -0.3148
vn -0.9290 -0.1518 -0.3376
vn -0.9254 -0.1715 -0.3379
vn -0.9346 -0.0898 -0.3441
vn -0.9410 -0.1057 -0.3214
vn -0.9343 -0.0108 -0.3564
vn -0.9792 -0.0252 -0.2013
vn -0.9441 -0.0282 -0.3285
vn -0.9810 0.0122 -0.1937
vn -0.9753 0.0081 -0.2206
vn -0.9831 0.0131 -0.1829
vn -0.9828 0.0084 -0.1845
vn -0.9662 0.0072 -0.2576
vn -0.9543 0.0043 -0.2987
vn -0.9815 0.0381 -0.1875
vn -0.9816 0.0371 -0.1875
vn -0.9534 0.0052 -0.3016
vn -0.9711 0.1422 -0.1916
vn -0.9640 0.1838 -0.1919
vn -0.9616 0.1959 -0.1919
vn -0.9575 0.2193 -0.1875
vn -0.9114 0.3650 -0.1902
vn -0.9508 0.2385 -0.1976
vn -0.9488 0.2334 -0.2130
vn -0.9141 0.3514 -0.2025
vn -0.8557 0.4851 -0.1800
vn -0.9364 0.2282 -0.2667
vn -0.8619 0.4690 -0.1928
vn -0.9068 0.3334 -0.2581
vn -0.8657 0.4352 -0.2474
vn -0.9251 0.2262 -0.3051
vn -0.8503 0.4103 -0.3296
vn -0.8847 0.3203 -0.3387
vn -0.8776 0.3016 -0.3726
vn -0.8642 0.3503 -0.3611
vn -0.9112 0.2268 -0.3439
vn -0.9027 0.3100 -0.2982
vn -0.8919 0.2427 -0.3816
vn -0.9255 0.2277 -0.3026
vn -0.8931 0.2379 -0.3818
vn -0.9253 0.2284 -0.3026
vn -0.9042 0.1958 -0.3797
vn -0.9065 0.1793 -0.3822
vn -0.9334 0.1900 -0.3045
vn -0.9331 0.1934 -0.3033
vn -0.9196 0.1178 -0.3749
vn -0.9194 0.1159 -0.3759
vn -0.9281 0.0454 -0.3696
vn -0.9292 0.0536 -0.3657
vn -0.9314 0.0198 -0.3634
vn -0.9419 0.1413 -0.3047
vn -0.9424 0.1340 -0.3065
vn -0.9472 0.1015 -0.3041
vn -0.9475 0.1009 -0.3035
vn -0.9535 0.0077 -0.3012
vn -0.9535 0.0076 -0.3012
vn -0.9535 0.0066 -0.3012
vn -0.9535 0.0066 -0.3013
vn -0.9535 0.0074 -0.3012
vn -0.9440 0.0053 -0.3300
vn -0.9310 0.0294 -0.3638
vn -0.9315 0.0253 -0.3629
vn -0.9550 0.0493 0.2925
vn -0.9633 -0.0036 0.2685
vn -0.9556 0.0477 0.2909
vn -0.9613 0.0346 0.2732
vn -0.9780 -0.0071 0.2087
vn -0.9785 0.0288 0.2041
vn -0.9869 -0.0255 0.1596
vn -0.9865 0.0149 0.1631
vn -0.9831 -0.0044 0.1830
vn -0.9835 -0.0024 0.1811
vn -0.9892 0.0170 0.1454
vn -0.9833 0.0385 0.1780
vn -0.9818 0.0345 0.1865
vn -0.9760 0.0998 0.1936
vn -0.9759 0.0980 0.1951
vn -0.9644 0.1786 0.1951
vn -0.9626 0.1918 0.1913
vn -0.9544 0.2277 0.1929
vn -0.9199 0.3468 0.1831
vn -0.9558 0.2187 0.1964
vn -0.9556 0.2191 0.1971
vn -0.9571 0.2151 0.1943
vn -0.9629 0.2214 0.1545
vn -0.9184 0.3513 0.1819
vn -0.8643 0.4757 0.1636
vn -0.8737 0.4569 0.1669
vn -0.8801 0.4335 0.1935
vn -0.9477 0.2383 0.2122
vn -0.9132 0.3365 0.2298
vn -0.9362 0.1948 0.2924
vn -0.9348 0.2020 0.2920
vn -0.9344 0.2138 0.2849
vn -0.9434 0.1821 0.2772
vn -0.9416 0.1883 0.2792
vn -0.9519 0.1095 0.2860
vn -0.9524 0.1116 0.2838
vn -0.9598 0.0577 0.2747
vn -0.9604 0.0599 0.2720
vn -0.9614 0.0339 0.2730
vn -0.9615 0.0343 0.2727
vn -0.9753 -0.0942 0.1997
vn -0.9667 -0.0728 0.2453
vn -0.9838 -0.1070 0.1441
vn -0.9632 -0.2288 0.1411
vn -0.9640 -0.1943 0.1816
vn -0.9470 -0.2899 0.1382
vn -0.9614 -0.1688 0.2171
vn -0.9570 -0.2343 0.1712
vn -0.9511 -0.2230 0.2139
vn 0.9662 -0.2219 0.1312
vn 0.9551 -0.2395 0.1746
vn 0.9457 -0.3021 0.1198
vn 0.9650 -0.1938 0.1765
vn 0.9507 -0.2238 0.2147
vn 0.9845 -0.1100 0.1364
vn 0.9582 -0.1748 0.2266
vn 0.9771 -0.0922 0.1919
vn 0.9883 -0.0186 0.1511
vn 0.9786 0.0002 0.2058
vn 0.9643 -0.0640 0.2571
vn 0.9627 0.0104 0.2703
vn 0.9793 0.0321 0.2001
vn 0.9621 0.0381 0.2699
vn 0.9867 0.0162 0.1614
vn 0.9553 0.0536 0.2909
vn 0.9831 -0.0045 0.1830
vn 0.9594 0.0434 0.2786
vn 0.9623 0.0366 0.2694
vn 0.9613 0.0578 0.2693
vn 0.9605 0.0595 0.2719
vn 0.9845 0.0011 0.1755
vn 0.9899 0.0205 0.1403
vn 0.9528 0.1146 0.2812
vn 0.9517 0.1168 0.2839
vn 0.9836 0.0388 0.1763
vn 0.9828 0.0349 0.1815
vn 0.9768 0.1019 0.1884
vn 0.9761 0.1039 0.1907
vn 0.9438 0.1845 0.2743
vn 0.9423 0.1898 0.2759
vn 0.9348 0.2146 0.2832
vn 0.9646 0.1807 0.1922
vn 0.9628 0.1930 0.1893
vn 0.9537 0.2310 0.1927
vn 0.9153 0.3359 0.2223
vn 0.9200 0.3481 0.1802
vn 0.9349 0.2047 0.2901
vn 0.9553 0.2218 0.1956
vn 0.9365 0.1974 0.2897
vn 0.9562 0.2202 0.1928
vn 0.9168 0.3696 0.1511
vn 0.9569 0.2180 0.1918
vn 0.9480 0.2564 0.1884
vn 0.9204 0.3413 0.1909
vn 0.8803 0.4341 0.1914
vn 0.8645 0.4762 0.1608
vn 0.8739 0.4575 0.1644
vn 0.9645 0.1064 0.2417
vn 0.9652 0.1062 0.2391
vn 0.9258 0.1667 0.3394
vn 0.9406 0.1796 0.2881
vn 0.9294 0.2913 0.2267
vn 0.8824 0.2177 0.4170
vn 0.9289 0.2218 0.2965
vn 0.9349 0.1796 0.3060
vn 0.9134 0.2297 0.3362
vn 0.9289 0.3263 0.1752
vn 0.8980 0.4199 0.1319
vn 0.9096 0.3928 0.1355
vn 0.9478 0.2949 0.1210
vn 0.9811 0.1808 0.0691
vn 0.9369 0.1788 0.3003
vn 0.9819 0.1251 -0.1425
vn 0.9501 0.1324 0.2823
vn 0.9273 0.2590 -0.2703
vn 0.9739 0.0779 -0.2134
vn 0.9528 0.1183 0.2795
vn 0.9917 0.0532 -0.1170
vn 0.4242 -0.9020 0.0806
vn 0.9888 0.0937 -0.1163
vn 0.9907 0.0759 -0.1130
vn 0.9950 -0.0702 0.0708
vn 0.9969 -0.0675 0.0392
vn 0.4858 0.8695 0.0896
vn 0.9702 -0.2058 0.1280
vn 0.9806 0.0483 0.1899
vn 0.9862 0.0505 0.1578
vn 0.9734 0.1630 0.1612
vn 0.9839 0.0125 0.1784
vn 0.9879 -0.0575 0.1439
vn 0.9867 0.0047 0.1623
vn 0.9900 -0.0748 0.1197
vn 0.9887 0.0156 0.1493
vn 0.9903 -0.0533 0.1287
vn 0.9899 0.0400 0.1363
vn 0.9902 0.0385 0.1344
vn 0.9906 -0.0757 0.1136
vn 0.9911 -0.0575 0.1201
vn 0.9908 -0.0765 0.1114
vn -0.9652 0.1069 0.2386
vn -0.9653 0.1069 0.2384
vn -0.9544 0.1747 0.2421
vn -0.9317 0.1722 0.3198
vn -0.9294 0.2967 0.2197
vn -0.8633 0.1983 0.4642
vn -0.8818 0.2158 0.4193
vn -0.9311 0.3255 0.1645
vn -0.9282 0.2194 0.3006
vn -0.9342 0.1775 0.3094
vn -0.9128 0.2276 0.3392
vn -0.9287 0.3638 0.0718
vn -0.9130 0.3868 0.1301
vn -0.9433 0.3014 0.1392
vn -0.9126 0.3535 0.2054
vn -0.9359 0.1777 0.3041
vn -0.9912 0.1227 -0.0490
vn -0.9495 0.1293 0.2859
vn -0.9908 0.0929 -0.0986
vn -0.9902 0.0932 -0.1037
vn -0.9525 0.1135 0.2827
vn -0.9961 0.0559 -0.0687
vn -0.4196 -0.9042 0.0803
vn -0.9808 0.0976 -0.1691
vn -0.9963 0.0290 -0.0807
vn -0.9977 -0.0612 0.0280
vn -0.9955 -0.0650 0.0694
vn -0.9742 -0.1880 0.1247
vn -0.4527 0.8877 0.0844
vn -0.9770 0.1582 0.1429
vn -0.9895 0.0234 0.1429
vn -0.9804 0.0464 0.1915
vn -0.9821 0.0147 0.1877
vn -0.9879 -0.0147 0.1543
vn -0.9886 -0.0854 0.1244
vn -0.9916 0.0156 0.1285
vn -0.9915 -0.0663 0.1119
vn -0.9928 0.0451 0.1111
vn -0.9927 -0.0790 0.0914
vn -0.9919 0.0317 0.1231
vn -0.9918 0.0426 0.1204
vn -0.0000 0.6932 0.7207
vn 0.0012 0.6932 0.7208
vn 0.0032 -0.3017 0.9534
vn 0.0014 -0.1931 0.9812
vn 0.0024 -0.3015 0.9535
vn 0.0011 -0.1605 0.9870
vn 0.0012 0.0197 0.9998
vn 0.0012 0.0240 0.9997
vn 0.0013 0.1471 0.9891
vn 0.0014 0.1449 0.9895
vn 0.0016 0.2639 0.9646
vn 0.0017 0.2524 0.9676
vn 0.0018 0.3461 0.9382
vn 0.0019 0.3461 0.9382
vn -0.1109 -0.4639 -0.8789
vn -0.1204 -0.6182 -0.7767
vn -0.0854 -0.5735 -0.8147
vn -0.0647 -0.5015 -0.8627
vn -0.7575 -0.1123 -0.6431
vn -0.2892 -0.2920 -0.9117
vn -0.6558 -0.1898 -0.7307
vn -0.9383 0.0679 -0.3392
vn -0.9625 0.1182 -0.2443
vn -0.8628 0.3113 -0.3983
vn -0.8909 0.3434 -0.2973
vn -0.9343 0.2559 -0.2483
vn -0.9908 0.0706 -0.1155
vn -0.7400 0.6207 -0.2590
vn -0.6701 0.6861 -0.2833
vn -0.3538 0.9107 -0.2131
vn -0.9345 0.3270 -0.1409
vn -0.9981 0.0577 -0.0222
vn -0.9980 0.0590 -0.0203
vn -0.6185 0.7725 -0.1440
vn -0.7942 0.6067 -0.0340
vn -0.4144 0.8875 -0.2016
vn -0.1831 0.9716 -0.1500
vn -0.1781 0.9686 -0.1734
vn -0.2830 0.9521 -0.1155
vn -0.7938 0.6072 -0.0346
vn -0.3622 0.9314 -0.0370
vn -0.9981 0.0611 0.0010
vn -0.9982 0.0599 -0.0012
vn -0.9979 0.0642 -0.0012
vn -0.9979 0.0641 -0.0014
vn -0.9986 0.0524 0.0015
vn -0.9979 0.0645 0.0008
vn -0.7935 0.6086 0.0070
vn -0.2670 0.9636 0.0094
vn -0.3605 0.9327 0.0094
vn -0.2677 0.9628 -0.0371
vn -0.1102 0.9939 0.0093
vn -0.1184 0.9882 -0.0973
vn -0.1115 0.9931 -0.0357
vn -0.0504 0.9987 0.0093
vn -0.0519 0.9980 -0.0351
vn -0.0540 0.9943 -0.0918
vn -0.0841 0.9877 -0.1320
vn -0.0859 0.9848 -0.1510
vn -0.0869 0.9847 -0.1509
vn -0.1051 0.9821 -0.1563
vn -0.0891 0.9842 -0.1527
vn -0.0881 0.9844 -0.1525
vn -0.0017 -0.0371 -0.9993
vn -1.0000 -0.0011 0.0012
vn -0.9992 -0.0260 0.0288
vn -0.9933 -0.0927 0.0694
vn -0.9976 -0.0306 0.0616
vn -0.9987 0.0011 0.0516
vn -0.4736 0.8788 0.0583
vn -0.6413 0.7654 0.0538
vn -0.4951 0.8594 0.1277
vn -0.6642 0.7362 0.1300
vn -0.7936 0.6067 0.0460
vn -0.6689 0.6791 0.3022
vn -0.4411 0.8428 0.3084
vn -0.9312 0.3502 0.1016
vn -0.9978 0.0655 0.0066
vn -0.9975 0.0706 0.0020
vn -0.9953 0.0794 0.0548
vn -0.9713 0.1337 0.1967
vn -0.8907 0.3615 0.2757
vn -0.9504 0.1562 0.2691
vn -0.8238 0.2930 0.4853
vn -0.6849 0.5051 0.5252
vn -0.5554 0.3003 0.7754
vn -0.4077 0.7757 0.4817
vn -0.1365 0.9479 0.2880
vn -0.4691 0.3710 0.8015
vn -0.1806 0.3577 0.9162
vn -0.3270 0.5439 0.7728
vn -0.1325 0.6501 0.7482
vn -0.0633 0.6734 0.7366
vn -0.1602 0.8905 0.4260
vn -0.0630 0.9631 0.2618
vn -0.0769 0.9090 0.4096
vn 0.0014 0.0371 0.9993
vn 0.0018 0.0370 0.9993
vn 0.0022 0.0368 0.9993
vn -0.0037 -0.0360 -0.9993
vn -0.0001 -0.0377 -0.9993
vn -0.0003 -0.0376 -0.9993
vn -0.0034 -0.0370 -0.9993
vn -0.0003 -0.0392 -0.9992
vn -0.0000 -0.0403 -0.9992
vn -0.0000 -0.0393 -0.9992
vn 0.1075 -0.4634 -0.8796
vn 0.0823 -0.5730 -0.8154
vn 0.1174 -0.6176 -0.7777
vn 0.0615 -0.5007 -0.8634
vn 0.7558 -0.1105 -0.6454
vn 0.2861 -0.2913 -0.9128
vn 0.6535 -0.1882 -0.7332
vn 0.9371 0.0708 -0.3418
vn 0.9615 0.1207 -0.2469
vn 0.8612 0.3128 -0.4007
vn 0.8894 0.3452 -0.2995
vn 0.9333 0.2570 -0.2507
vn 0.9903 0.0730 -0.1184
vn 0.7406 0.6192 -0.2610
vn 0.6694 0.6860 -0.2850
vn 0.3543 0.9103 -0.2143
vn 0.9339 0.3275 -0.1435
vn 0.9979 0.0598 -0.0253
vn 0.4161 0.8864 -0.2030
vn 0.1839 0.9713 -0.1507
vn 0.1785 0.9684 -0.1740
vn 0.6196 0.7713 -0.1457
vn 0.9979 0.0610 -0.0236
vn 0.7923 0.6090 -0.0363
vn 0.2847 0.9516 -0.1160
vn 0.7918 0.6096 -0.0369
vn 0.3625 0.9312 -0.0379
vn 0.0859 0.9847 -0.1519
vn 0.0864 0.9846 -0.1520
vn 0.0898 0.9842 -0.1526
vn 0.0868 0.9846 -0.1518
vn 0.0869 0.9845 -0.1524
vn 0.0849 0.9875 -0.1329
vn 0.1188 0.9881 -0.0974
vn 0.0540 0.9943 -0.0917
vn 0.2680 0.9627 -0.0375
vn 0.1119 0.9931 -0.0359
vn 0.0521 0.9980 -0.0353
vn 0.0519 0.9986 0.0094
vn 0.1117 0.9937 0.0092
vn 0.2682 0.9633 0.0087
vn 0.3614 0.9324 0.0083
vn 0.7916 0.6110 0.0046
vn 0.9979 0.0649 -0.0009
vn 0.9980 0.0631 -0.0021
vn 0.9981 0.0621 -0.0039
vn 0.9978 0.0664 -0.0043
vn 0.9977 0.0674 -0.0040
vn 0.9978 0.0663 -0.0044
vn -0.0013 -0.0371 -0.9993
vn 1.0000 0.0016 -0.0016
vn 0.9980 -0.0418 0.0477
vn 0.9995 -0.0259 0.0188
vn 0.9962 -0.0267 0.0828
vn 0.9944 0.0048 0.1054
vn 0.4748 0.8783 0.0568
vn 0.4919 0.8624 0.1193
vn 0.6408 0.7660 0.0517
vn 0.6662 0.7356 0.1227
vn 0.7922 0.6087 0.0434
vn 0.4379 0.8434 0.3112
vn 0.9333 0.3442 0.1026
vn 0.9977 0.0672 0.0041
vn 0.9974 0.0727 -0.0008
vn 0.9934 0.0951 0.0647
vn 0.6689 0.6777 0.3056
vn 0.7103 0.4880 0.5073
vn 0.8968 0.3450 0.2769
vn 0.9727 0.1516 0.1759
vn 0.9271 0.2141 0.3077
vn 0.8289 0.3546 0.4327
vn 0.4092 0.7780 0.4767
vn 0.1391 0.9478 0.2870
vn 0.4825 0.3618 0.7977
vn 0.6919 0.3870 0.6095
vn 0.1835 0.3579 0.9155
vn 0.3081 0.1968 0.9308
vn 0.3233 0.5442 0.7742
vn 0.1352 0.6500 0.7478
vn 0.0658 0.6738 0.7359
vn 0.1629 0.8903 0.4252
vn 0.0653 0.9631 0.2613
vn 0.0789 0.9090 0.4092
vn 0.0018 0.0368 0.9993
vn 0.0017 0.0371 0.9993
vn 0.0015 0.0374 0.9993
vn 0.2632 0.0048 -0.9647
vn -0.0000 -0.0373 -0.9993
vn 0.0001 -0.0356 -0.9994
vn -0.0024 -0.0375 -0.9993
vn -0.0000 -0.0341 -0.9994
vn -0.0000 -0.0336 -0.9994
vn 0.0010 -0.3008 0.9537
vn 0.0012 -0.1496 0.9888
vn 0.0011 -0.1931 0.9812
vn 0.0012 0.0238 0.9997
vn 0.0013 0.0198 0.9998
vn -0.0001 0.1458 0.9893
vn 0.0008 0.1451 0.9894
vn 0.0004 0.2515 0.9679
vn 0.0016 0.2622 0.9650
vn 0.0022 0.3467 0.9380
vn 0.0030 0.3462 0.9382
vn 0.9238 -0.0000 -0.3828
vn 0.3826 -0.0000 -0.9239
vn -0.3826 -0.0000 -0.9239
vn -0.9238 -0.0000 -0.3828
vn -0.9238 -0.0000 0.3828
vn -0.3826 -0.0000 0.9239
vn 0.3826 -0.0000 0.9239
vn 0.9238 -0.0000 0.3828
vn -0.6040 0.0109 -0.7969
vn -0.6043 0.0116 -0.7967
vn -0.6047 0.0124 -0.7964
vn -0.6036 0.0101 -0.7972
vn 0.0041 0.0043 1.0000
vn 0.0046 0.0050 1.0000
vn 0.0051 0.0059 1.0000
vn 0.0036 0.0035 1.0000
vn 0.9580 0.0079 0.2868
vn 0.9580 0.0080 0.2868
vn 0.9579 0.0079 0.2868
vn 0.5912 0.0112 -0.8065
vn 0.5905 0.0125 -0.8070
vn 0.5896 0.0141 -0.8076
vn 0.5920 0.0095 -0.8059
vn -0.9472 0.0068 0.3206
vn -0.9472 0.0070 0.3207
vn -0.9471 0.0073 0.3208
vn -0.9473 0.0066 0.3204
vn -0.0000 1.0000 -0.0000
vn 0.6924 0.0152 0.7213
vn 0.6927 0.0124 0.7211
vn 0.6924 0.0158 0.7214
vn 0.6927 0.0122 0.7211
vn 0.1204 0.9831 -0.1376
vn 0.1132 0.9823 -0.1493
vn 0.1346 0.9843 -0.1144
vn 0.1378 0.9844 -0.1091
vn -0.8640 0.0039 -0.5034
vn -0.8641 0.0038 -0.5034
vn -0.0026 1.0000 0.0029
vn -0.0032 1.0000 0.0027
vn -0.0023 1.0000 0.0030
vn -0.0033 1.0000 0.0026
vn -0.9684 0.0852 0.2342
vn -0.9687 -0.0154 0.2478
vn -0.9692 -0.0035 0.2463
vn -0.9674 0.1020 0.2317
vn -0.0013 0.9820 0.1887
vn 0.0004 0.9822 0.1879
vn -0.0000 0.9822 0.1881
vn -0.0023 0.9819 0.1892
vn -0.9656 -0.0894 -0.2441
vn -0.9755 -0.0096 -0.2196
vn -0.9764 0.0022 -0.2158
vn -0.9598 -0.1206 -0.2533
vn -0.0013 0.9994 0.0335
vn -0.0003 0.9994 0.0340
vn 0.0001 0.9994 0.0341
vn -0.0021 0.9994 0.0331
vn -0.9874 0.0053 -0.1580
vn -0.9869 0.0055 -0.1610
vn -0.9869 0.0055 -0.1611
vn -0.9874 0.0053 -0.1579
vn 0.3124 0.0058 0.9499
vn 0.3099 0.0059 0.9507
vn 0.3098 0.0059 0.9508
vn 0.3125 0.0058 0.9499
vn 0.6181 0.0104 -0.7861
vn 0.6202 0.0105 -0.7843
vn 0.6203 0.0105 -0.7843
vn 0.6180 0.0104 -0.7861
vn -0.1609 0.9639 0.2120
vn -0.1610 0.9637 0.2128
vn -0.1608 0.9641 0.2115
vn -0.1611 0.9636 0.2133
vn 0.4410 0.6827 -0.5826
vn 0.4415 0.6823 -0.5827
vn 0.4407 0.6829 -0.5826
vn 0.4402 0.6833 -0.5826
vn -0.6042 -0.0224 0.7965
vn -0.6051 -0.0208 0.7959
vn -0.6046 -0.0217 0.7963
vn -0.6037 -0.0233 0.7969
vn -0.6924 0.0186 0.7212
vn -0.6930 0.0127 0.7208
vn -0.6931 0.0122 0.7208
vn -0.6923 0.0200 0.7213
vn -0.1203 0.9831 -0.1378
vn -0.1378 0.9844 -0.1091
vn -0.1346 0.9843 -0.1144
vn -0.1130 0.9823 -0.1496
vn 0.8640 0.0039 -0.5034
vn 0.8641 0.0038 -0.5034
vn 0.0026 1.0000 0.0029
vn 0.0032 1.0000 0.0027
vn 0.0033 1.0000 0.0026
vn 0.0023 1.0000 0.0030
vn 0.9874 0.0053 -0.1580
vn 0.9869 0.0055 -0.1610
vn 0.9870 0.0055 -0.1609
vn 0.9874 0.0053 -0.1579
vn -0.3124 0.0058 0.9499
vn -0.3098 0.0059 0.9508
vn -0.3099 0.0059 0.9507
vn -0.3125 0.0058 0.9499
vn -0.6181 0.0104 -0.7861
vn -0.6203 0.0105 -0.7843
vn -0.6202 0.0105 -0.7844
vn -0.6180 0.0104 -0.7861
vn 0.1609 0.9639 0.2120
vn 0.1610 0.9637 0.2128
vn 0.1611 0.9636 0.2133
vn 0.1608 0.9641 0.2115
vn -0.4410 0.6827 -0.5826
vn -0.4402 0.6833 -0.5826
vn -0.4407 0.6829 -0.5826
vn -0.4415 0.6823 -0.5827
vn 0.6042 -0.0224 0.7965
vn 0.6037 -0.0233 0.7969
vn 0.6046 -0.0217 0.7963
vn 0.6051 -0.0208 0.7959
vn 1.0000 0.0060 -0.0056
vn 0.9947 0.0929 0.0444
vn 0.9988 0.0473 0.0104
vn 0.9953 0.0729 -0.0632
vn 0.9951 0.0710 -0.0684
vn -0.0000 0.7321 -0.6812
vn -0.0018 0.2573 0.9663
vn 0.0008 0.2567 0.9665
vn 0.0012 0.2566 0.9665
vn -0.0026 0.2575 0.9663
vn -0.9948 0.0920 0.0446
vn -0.9950 0.0833 -0.0555
vn -0.9945 0.0824 -0.0647
vn -0.9943 0.0927 0.0533
vn 0.0019 -0.1728 -0.9850
vn -0.0004 -0.1733 -0.9849
vn -0.0006 -0.1733 -0.9849
vn 0.0024 -0.1727 -0.9850
vn 0.4891 0.0129 -0.8721
vn 0.4895 0.0138 -0.8719
vn 0.4889 0.0123 -0.8723
vn 0.4898 0.0145 -0.8717
vn -0.6549 0.0178 -0.7555
vn -0.7781 0.0194 -0.6278
vn -0.6549 0.0172 -0.7555
vn -0.7953 0.0195 -0.6059
vn -0.8837 0.0204 -0.4677
vn -0.8836 0.0208 -0.4677
vn -0.1507 0.9499 0.2739
vn -0.1521 0.9504 0.2714
vn -0.0745 0.9877 0.1373
vn -0.0765 0.9869 0.1422
vn 0.0248 0.9986 -0.0469
vn 0.0242 0.9986 -0.0462
vn 0.0696 0.9888 -0.1318
vn 0.0695 0.9887 -0.1328
vn 0.9731 0.0036 0.2305
vn 0.9315 0.0034 0.3637
vn 0.9731 0.0029 0.2302
vn 0.9377 0.0037 0.3474
vn 0.8852 -0.0006 0.4652
vn 0.8852 -0.0009 0.4651
vn -0.0582 0.9927 0.1053
vn -0.0341 0.9975 0.0624
vn -0.0592 0.9927 0.1053
vn -0.0332 0.9976 0.0612
vn -0.0403 0.9963 0.0756
vn -0.0403 0.9963 0.0760
vn -0.0702 0.9887 0.1322
vn -0.0696 0.9888 0.1318
vn -0.4639 -0.0148 0.8858
vn -0.4660 -0.0239 0.8845
vn -0.4665 -0.0261 0.8841
vn -0.4634 -0.0126 0.8861
vn 0.9997 -0.0157 0.0182
vn 0.9996 -0.0154 0.0235
vn 0.9996 -0.0154 0.0237
vn 0.9997 -0.0157 0.0181
vn -0.4381 0.0173 -0.8988
vn -0.4387 0.0173 -0.8985
vn -0.4380 0.0173 -0.8988
vn -0.5032 0.0194 0.8639
vn -0.5053 0.0196 0.8627
vn -0.5054 0.0196 0.8627
vn -0.5032 0.0194 0.8640
vn 0.1318 0.9636 -0.2325
vn 0.1318 0.9633 -0.2340
vn 0.1317 0.9639 -0.2316
vn 0.1319 0.9630 -0.2349
vn -0.3506 0.6970 0.6255
vn -0.3503 0.6973 0.6254
vn -0.3508 0.6969 0.6255
vn -0.3512 0.6966 0.6256
vn 0.4889 0.0090 -0.8723
vn 0.4892 0.0096 -0.8721
vn 0.4890 0.0093 -0.8722
vn 0.4887 0.0087 -0.8724
vn -0.9597 0.0196 -0.2803
vn -0.9592 0.0229 -0.2819
vn -0.9599 0.0180 -0.2796
vn -0.9588 0.0256 -0.2830
vn 0.7439 -0.0061 0.6682
vn 0.7444 -0.0078 0.6676
vn 0.7437 -0.0054 0.6685
vn 0.7448 -0.0091 0.6672
vn -0.9881 0.0164 0.1532
vn -0.9881 0.0163 0.1528
vn -0.9881 0.0164 0.1533
vn -0.3459 0.0068 0.9382
vn -0.3461 0.0068 0.9382
vn -0.5891 0.0116 -0.8080
vn -0.5892 0.0116 -0.8079
vn -0.1669 0.8967 0.4100
vn -0.1669 0.8965 0.4105
vn -0.1670 0.8968 0.4096
vn -0.1668 0.8963 0.4109
vn 0.2698 0.6982 -0.6631
vn 0.2701 0.6979 -0.6633
vn 0.2695 0.6984 -0.6630
vn 0.2691 0.6987 -0.6629
vn -0.3773 -0.0182 0.9259
vn -0.3775 -0.0180 0.9259
vn -0.3773 -0.0181 0.9259
vn -0.3771 -0.0184 0.9260
vn -0.1482 -0.9372 0.3157
vn -0.2465 -0.1842 0.9515
vn -0.2463 -0.1823 0.9519
vn -0.0998 0.7584 0.6441
vn -0.0996 0.7589 0.6436
vn -0.0998 0.7584 0.6442
vn -0.0996 0.7589 0.6435
vn -0.0590 0.9934 0.0983
vn 0.0252 -0.0400 0.9989
vn 0.0252 -0.0399 0.9989
vn -0.0208 0.6262 0.7794
vn -0.9971 -0.0607 -0.0454
vn -0.9971 -0.0606 -0.0461
vn -0.9971 -0.0608 -0.0449
vn -0.9971 -0.0605 -0.0465
vn 0.5347 -0.4201 0.7332
vn 0.5351 -0.4197 0.7332
vn 0.5344 -0.4203 0.7333
vn 0.5353 -0.4194 0.7331
vn -0.4915 -0.5850 0.6451
vn -0.4910 -0.5853 0.6452
vn -0.4922 -0.5846 0.6450
vn -0.4926 -0.5844 0.6449
vn 0.1482 -0.9372 0.3157
vn 0.2465 -0.1842 0.9515
vn 0.2463 -0.1823 0.9519
vn 0.0998 0.7584 0.6441
vn 0.0996 0.7589 0.6436
vn 0.0996 0.7589 0.6435
vn 0.0998 0.7584 0.6442
vn 0.0590 0.9934 0.0983
vn -0.0252 -0.0400 0.9989
vn -0.0252 -0.0399 0.9989
vn 0.0208 0.6262 0.7794
vn 0.9971 -0.0607 -0.0454
vn 0.9971 -0.0606 -0.0461
vn 0.9971 -0.0605 -0.0465
vn 0.9971 -0.0608 -0.0449
vn -0.5347 -0.4201 0.7332
vn -0.5351 -0.4197 0.7332
vn -0.5353 -0.4194 0.7331
vn -0.5344 -0.4203 0.7333
vn 0.4915 -0.5850 0.6451
vn 0.4926 -0.5844 0.6449
vn 0.4922 -0.5846 0.6450
vn 0.4910 -0.5853 0.6452
vn -0.1992 0.9790 -0.0438
vn -0.1983 0.9792 -0.0424
vn -0.3894 0.9202 -0.0405
vn -0.3904 0.9198 -0.0405
vn -0.7168 0.6963 -0.0385
vn -0.7161 0.6970 -0.0367
vn -0.9282 0.3703 -0.0365
vn -0.9282 0.3706 -0.0341
vn -0.9993 -0.0076 -0.0357
vn -0.9994 -0.0079 -0.0332
vn -0.9231 -0.3827 -0.0366
vn -0.9231 -0.3829 -0.0351
vn -0.7104 -0.7026 -0.0403
vn -0.7103 -0.7028 -0.0393
vn -0.3864 -0.9214 -0.0426
vn -0.3862 -0.9214 -0.0421
vn -0.0007 -0.9990 -0.0443
vn -0.0007 -0.9990 -0.0445
vn 0.3860 -0.9215 -0.0434
vn 0.3856 -0.9217 -0.0434
vn 0.7100 -0.7030 -0.0402
vn 0.7101 -0.7029 -0.0413
vn 0.9238 -0.3810 -0.0380
vn 0.9239 -0.3805 -0.0397
vn 0.9993 -0.0056 -0.0357
vn 0.9993 -0.0056 -0.0379
vn 0.9276 0.3719 -0.0362
vn 0.9275 0.3717 -0.0389
vn 0.7160 0.6970 -0.0386
vn 0.7165 0.6964 -0.0409
vn 0.3904 0.9197 -0.0425
vn 0.3904 0.9196 -0.0429
vn 0.1995 0.9789 -0.0436
vn 0.2004 0.9787 -0.0451
vn -0.0092 -0.9989 0.0465
vn -0.0082 -0.9984 0.0558
vn -0.0034 -0.9992 0.0389
vn -0.0134 -0.9982 0.0587
vn -0.0009 -0.9980 0.0636
vn -0.0000 0.9996 -0.0273
vn 0.0096 0.9995 -0.0288
vn 0.0001 0.9996 -0.0273
vn 0.0099 0.9995 -0.0288
vn -0.0000 0.9996 -0.0274
vn 0.0096 0.9995 -0.0289
vn 0.0001 0.9996 -0.0274
vn 0.0099 0.9995 -0.0289
vn -0.9797 0.0895 0.1793
vn -0.9796 0.0912 0.1791
vn -0.9770 0.1214 0.1753
vn -0.9768 0.1231 0.1751
vn -0.9759 0.0895 0.1992
vn -0.9757 0.0913 0.1990
vn -0.9732 0.1220 0.1951
vn -0.9730 0.1237 0.1949
vn -0.0001 0.9996 -0.0273
vn -0.0096 0.9995 -0.0288
vn -0.0099 0.9995 -0.0289
vn -0.0001 0.9996 -0.0274
vn -0.0096 0.9995 -0.0289
vn 0.9794 0.0895 0.1808
vn 0.9802 0.0769 0.1823
vn 0.9795 0.0888 0.1809
vn 0.9803 0.0762 0.1824
vn 0.9756 0.0888 0.2007
vn 0.9760 0.0821 0.2015
vn 0.9756 0.0885 0.2007
vn 0.9761 0.0817 0.2016
vn -0.0234 -0.9759 -0.2170
vn -0.0191 -0.9825 -0.1855
vn -0.0201 -0.9764 -0.2152
vn -0.0009 -0.9773 -0.2120
vn -0.0026 -0.9865 -0.1635
vn 0.0178 -0.9774 -0.2108
vn 0.0164 -0.9771 -0.2122
vn 0.0206 -0.9814 -0.1909
vn 0.0257 -0.9896 -0.1415
vn 0.0187 -0.9927 -0.1192
vn -0.0005 -0.9930 -0.1180
vn -0.0225 -0.9911 -0.1313
vn 0.0330 -0.9840 -0.1749
vn -0.0013 -1.0000 0.0073
vn -0.0007 -1.0000 0.0071
vn -0.0025 -1.0000 0.0071
vn 0.0232 -0.9997 0.0071
vn 0.0185 -0.9998 0.0065
vn 0.0006 -1.0000 0.0069
vn -0.0004 -1.0000 0.0066
vn -0.0191 -0.9998 0.0071
vn -0.0252 -0.9997 0.0060
vn 0.0001 -1.0000 0.0073
vn 0.0014 -1.0000 0.0071
vn 0.0021 -1.0000 0.0071
vn -0.0002 -0.9080 0.4189
vn -0.0000 -0.9081 0.4189
vn -0.0011 -0.9079 0.4191
vn -0.0014 -0.9079 0.4192
vn 0.0002 -0.8981 -0.4398
vn 0.0012 -0.8980 -0.4400
vn 0.0014 -0.8979 -0.4401
vn -0.0000 -0.8981 -0.4398
vn -0.0000 -0.9082 0.4185
vn 0.0011 -0.9080 0.4189
vn 0.0002 -0.9079 0.4191
vn -0.0000 -0.9079 0.4192
vn 0.0014 -0.9081 0.4189
vn -0.0012 -0.8981 -0.4398
vn -0.0014 -0.8981 -0.4398
vn -0.0002 -0.8980 -0.4401
vn -0.0000 -0.8979 -0.4401
vn -0.0002 -0.8980 -0.4400
vn -0.8333 0.3591 0.4204
vn -0.1378 0.9090 0.3933
vn -0.1106 0.8438 0.5252
vn -0.1419 0.8612 0.4881
vn -0.0959 0.9335 0.3455
vn 0.0058 0.9408 0.3388
vn 0.0079 0.9388 0.3444
vn 0.1215 0.9141 0.3869
vn 0.1518 0.9192 0.3634
vn 0.1568 0.8670 0.4730
vn 0.1152 0.8445 0.5231
vn 0.8319 0.3608 0.4216
vn 0.1351 0.9591 0.2489
vn 0.2315 0.8442 0.4835
vn 0.1602 0.9374 0.3091
vn 0.1081 0.9227 0.3701
vn -0.0040 0.9745 0.2244
vn -0.0081 0.9370 0.3491
vn -0.1212 0.9633 0.2393
vn -0.0933 0.9238 0.3714
vn -0.1768 0.9384 0.2968
vn -0.2352 0.8393 0.4901
vn -0.1473 0.4875 0.8606
vn -0.3361 0.4537 0.8253
vn -0.1968 0.1210 0.9729
vn -0.0392 0.8869 0.4604
vn -0.0023 -0.1431 0.9897
vn 0.1993 0.1232 0.9722
vn 0.1427 0.4647 0.8739
vn 0.3395 0.4547 0.8234
vn 0.9954 0.0416 0.0869
vn 0.9967 0.0800 0.0158
vn 0.9987 0.0048 0.0498
vn 0.9961 0.0817 -0.0329
vn 0.9993 -0.0067 0.0373
vn 0.9994 0.0348 -0.0019
vn -0.9954 0.0393 0.0879
vn -0.9969 0.0774 0.0136
vn -0.9962 0.0792 -0.0366
vn -0.9986 0.0023 0.0527
vn -0.9992 -0.0088 0.0402
vn -0.9995 0.0316 0.0018
vn -0.0000 -1.0000 -0.0000
vn -0.0001 -1.0000 0.0004
vn 0.8877 -0.0933 0.4509
vn 0.2343 0.1971 -0.9520
vn 0.2351 0.1971 -0.9518
vn -0.9353 -0.0718 0.3465
vn -0.9354 -0.0717 0.3463
vn 0.8851 -0.0944 0.4558
vn 0.8850 -0.0944 0.4558
vn 0.2327 0.1971 -0.9524
vn 0.2335 0.1972 -0.9522
vn 0.2335 0.1972 -0.9521
vn -0.0000 0.9329 0.3602
vn -0.0000 0.0573 0.9984
vn -0.0000 -0.8603 0.5098
vn 1.0000 -0.0001 -0.0020
vn 1.0000 -0.0001 -0.0021
vn 0.0043 0.6531 0.7573
vn 0.0043 0.6527 0.7576
vn 0.0042 0.6526 0.7577
vn -0.0023 -0.9301 0.3673
vn -0.0016 -0.9284 0.3715
vn -0.0016 -0.9282 0.3720
vn -0.0024 -0.9303 0.3668
vn -0.0016 0.2382 -0.9712
vn 0.0030 0.1082 0.9941
vn -0.0023 -0.9308 0.3655
vn -0.0024 -0.9311 0.3648
vn -0.0025 -0.9311 0.3647
vn -0.0022 -0.9308 0.3656
vn 0.0001 -0.5746 0.8184
vn 0.0006 -0.5757 0.8177
vn 0.0004 -0.5754 0.8179
vn -0.0000 -0.5744 0.8186
vn -0.0000 -0.2437 0.9698
vn -0.0000 0.9986 -0.0529
vn -0.0000 -0.9986 0.0530
vn -0.9841 0.0109 0.1771
vn -0.9841 0.0110 0.1771
vn -0.9842 0.0094 0.1770
vn -0.9842 0.0093 0.1770
vn -0.0038 0.0523 0.9986
vn 0.9699 0.0127 0.2433
vn 0.9699 0.0126 0.2433
vn -0.0001 -0.9986 0.0533
vn -0.0002 -0.9986 0.0534
vn -0.0002 -0.9986 0.0525
vn -0.9791 0.0125 0.2032
vn -0.9791 0.0126 0.2032
vn -0.9791 0.0107 0.2031
vn -0.9791 0.0106 0.2031
vn 0.9772 0.0111 0.2122
vn 0.9772 0.0110 0.2123
vn 0.0046 0.9924 0.1233
vn 0.0048 0.9924 0.1233
vn -0.0266 0.9920 0.1231
vn 0.0356 0.9917 0.1235
vn -0.8645 0.4651 0.1905
vn -0.8681 0.4607 0.1850
vn -0.8687 0.3906 0.3045
vn -0.8701 0.3760 0.3187
vn 0.8531 0.4797 0.2053
vn 0.8613 0.4650 0.2047
vn 0.8574 0.3991 0.3250
vn 0.8550 0.4182 0.3068
vn -0.0011 -0.9280 -0.3727
vn 0.8716 0.1555 0.4648
vn 0.8733 0.1335 0.4686
vn -0.8823 0.1206 0.4549
vn -0.8853 0.1366 0.4444
vn 0.8583 -0.0001 0.5131
vn -0.8695 -0.0278 0.4932
vn -0.8698 -0.0277 0.4926
vn 0.0023 0.0296 -0.9996
vn 0.0022 0.0296 -0.9996
vn 0.0007 -0.5651 -0.8251
vn 0.0006 -0.5651 -0.8250
vn 0.0007 -0.5650 -0.8251
vn 0.0049 0.9924 0.1233
vn 0.0358 0.9917 0.1235
vn -0.8681 0.4606 0.1850
vn 0.8573 0.3991 0.3250
vn 0.8711 0.1413 0.4703
vn 0.8726 0.1194 0.4737
vn -0.8831 0.1353 0.4492
vn -0.8857 0.1513 0.4389
vn 0.8568 -0.0291 0.5149
vn 0.8571 -0.0291 0.5144
vn -0.8710 0.0009 0.4913
vn 0.0023 0.0295 -0.9996
vn 0.0022 0.0295 -0.9996
vn 0.8867 -0.0937 0.4527
vn 0.8867 -0.0937 0.4528
vn 0.2390 0.1968 -0.9509
vn 0.2398 0.1969 -0.9507
vn 0.2398 0.1969 -0.9506
vn 0.8841 -0.0947 0.4577
vn 0.2374 0.1969 -0.9512
vn 0.2373 0.1969 -0.9513
vn 0.2382 0.1969 -0.9510
vn 0.2382 0.1970 -0.9510
vn -0.0000 -0.8606 0.5092
vn 0.0039 0.6510 0.7591
vn 0.0046 0.6547 0.7558
vn 0.0047 0.6551 0.7555
vn 0.0039 0.6505 0.7595
vn -0.0023 -0.9302 0.3671
vn -0.0019 -0.9290 0.3701
vn -0.0018 -0.9289 0.3704
vn -0.0021 0.2414 -0.9704
vn -0.0017 0.2385 -0.9711
vn -0.0022 0.2418 -0.9703
vn -0.0000 -0.5757 0.8177
vn -0.0000 -0.2401 0.9707
vn -0.0000 0.9986 -0.0530
vn -0.9842 0.0092 0.1770
vn -0.0036 0.0534 0.9986
vn -0.0038 0.0522 0.9986
vn -0.0021 0.0615 0.9981
vn -0.0019 0.0627 0.9980
vn 0.9699 0.0151 0.2431
vn 0.9699 0.0153 0.2431
vn 0.9698 0.0127 0.2435
vn 0.9698 0.0126 0.2435
vn -0.0002 -0.9986 0.0533
vn -0.0001 -0.9986 0.0525
vn -0.9793 0.0105 0.2020
vn -0.9793 0.0106 0.2020
vn 0.9771 0.0132 0.2121
vn 0.9772 0.0133 0.2121
vn 0.9771 0.0111 0.2124
vn 0.9771 0.0110 0.2124
vn -0.0002 -0.9986 0.0526
vn 0.7994 -0.1216 -0.5884
vn 0.7966 -0.1211 -0.5923
vn 0.7379 -0.1115 -0.6657
vn 0.7349 -0.1111 -0.6690
vn 0.7941 -0.0648 0.6043
vn 0.7265 -0.0466 0.6855
vn 0.7232 -0.0458 0.6892
vn 0.7971 -0.0656 0.6003
vn 0.7970 -0.1198 -0.5920
vn 0.7658 -0.1148 -0.6327
vn 0.7673 -0.1151 -0.6309
vn 0.7982 -0.1200 -0.5903
vn 0.7996 -0.0656 0.5969
vn 0.8189 -0.0670 0.5700
vn 0.8181 -0.0669 0.5711
vn 0.7988 -0.0656 0.5980
vn -0.7994 -0.1216 -0.5884
vn -0.7379 -0.1115 -0.6657
vn -0.7966 -0.1211 -0.5923
vn -0.7349 -0.1111 -0.6690
vn -0.7941 -0.0648 0.6043
vn -0.7232 -0.0458 0.6892
vn -0.7265 -0.0466 0.6855
vn -0.7971 -0.0656 0.6003
vn -0.7970 -0.1198 -0.5920
vn -0.7673 -0.1151 -0.6309
vn -0.7658 -0.1148 -0.6327
vn -0.7982 -0.1200 -0.5903
vn -0.7996 -0.0656 0.5969
vn -0.8181 -0.0669 0.5711
vn -0.8189 -0.0670 0.5700
vn -0.7988 -0.0656 0.5980
vn -0.0003 -0.9992 0.0392
vn -0.0526 -0.2667 -0.9624
vn -0.0529 -0.2663 -0.9624
vn -0.0528 -0.2664 -0.9624
vn -0.0532 -0.2659 -0.9625
vn 0.9744 -0.2249 0.0066
vn 0.9744 -0.2247 0.0067
vn 0.9743 -0.2252 0.0064
vn 0.9745 -0.2244 0.0069
vn 0.0532 -0.1550 0.9865
vn 0.0533 -0.1549 0.9865
vn 0.0532 -0.1549 0.9865
vn 0.0534 -0.1548 0.9865
vn 0.9726 0.2325 -0.0099
vn 0.9728 0.2313 -0.0091
vn 0.9724 0.2331 -0.0104
vn 0.9722 0.2340 -0.0110
vn -0.0527 -0.2665 -0.9624
vn -0.0530 -0.2661 -0.9625
vn -0.9748 0.2229 -0.0057
vn -0.9750 0.2220 -0.0062
vn -0.9747 0.2235 -0.0054
vn -0.9745 0.2242 -0.0050
vn -0.9728 -0.2313 0.0113
vn -0.9729 -0.2311 0.0111
vn -0.9727 -0.2318 0.0116
vn -0.9729 -0.2308 0.0109
vn 0.7431 0.0175 0.6689
vn 0.7430 0.0175 0.6691
vn 0.9980 0.0016 0.0625
vn 0.9980 -0.0016 -0.0625
vn 0.7413 -0.0176 -0.6709
vn 0.7421 -0.0172 -0.6701
vn 0.7423 -0.0171 -0.6699
vn 0.7411 -0.0177 -0.6712
vn -0.0000 -0.9922 0.1243
vn -0.0000 -0.9903 0.1387
vn -0.0000 -0.9860 0.1666
vn -0.0000 -0.9964 -0.0851
vn -0.0000 -0.9975 -0.0708
vn -0.0000 -0.9964 -0.0850
vn -0.0000 -0.9936 -0.1127
vn -0.0000 -0.9924 0.1230
vn -0.0000 -0.9906 0.1368
vn -0.0000 -0.9906 0.1369
vn -0.0000 -0.9865 0.1637
vn -0.0000 -0.9962 -0.0871
vn -0.0000 -0.9974 -0.0720
vn -0.0000 -0.9932 -0.1163
vn 0.7410 -0.0175 -0.6713
vn 0.7411 -0.0176 -0.6712
vn 0.7409 -0.0175 -0.6713
vn 0.7411 -0.0176 -0.6711
vn 0.7441 0.0175 0.6679
vn 0.7432 0.0171 0.6689
vn 0.7433 0.0172 0.6687
vn 0.7443 0.0176 0.6676
vn -0.0000 -0.9995 0.0322
vn 0.5132 -0.8578 0.0276
vn 0.9770 -0.2132 0.0068
vn 0.9770 -0.2132 0.0066
vn 0.9770 -0.2132 0.0069
vn 0.9770 -0.2131 0.0066
vn 0.6723 -0.7399 0.0228
vn 0.5236 -0.8515 0.0264
vn 0.5243 -0.8511 0.0262
vn 0.2634 -0.9642 0.0309
vn 0.2632 -0.9643 0.0310
vn 0.1661 -0.9856 0.0318
vn -0.0007 0.0252 0.9997
vn -0.0023 0.0233 0.9997
vn -0.0022 0.0260 0.9997
vn -0.0001 0.0248 0.9997
vn -0.0018 0.0230 0.9997
vn -0.0015 0.0231 0.9997
vn -0.0011 0.0260 0.9997
vn -0.0013 0.0261 0.9997
vn -0.0013 0.0264 0.9997
vn -0.0013 0.0265 0.9996
vn -0.0020 0.0288 0.9996
vn -0.0021 0.0292 0.9996
vn -0.0004 0.0261 0.9997
vn 0.0002 0.0262 0.9997
vn -0.0000 0.0260 0.9997
vn -0.0022 0.0239 0.9997
vn -0.0029 0.0239 0.9997
vn -0.0019 0.0226 0.9997
vn -0.0018 0.0227 0.9997
vn -0.0010 0.0260 0.9997
vn -0.0011 0.0262 0.9997
vn -0.0012 0.0264 0.9996
vn -0.0013 0.0253 0.9997
vn -0.0013 0.0251 0.9997
vn -0.0137 -0.9994 0.0313
vn -0.0129 -0.9994 0.0317
vn -0.0145 -0.9994 0.0308
vn -0.0120 -0.9994 0.0322
vn 0.9722 -0.2341 0.0075
vn 0.7030 -0.7108 0.0227
vn 0.5309 -0.8471 0.0262
vn 0.7030 -0.7109 0.0229
vn 0.5316 -0.8466 0.0262
vn 0.1946 -0.9804 0.0314
vn 0.1950 -0.9803 0.0315
vn 0.0523 -0.9982 0.0309
vn 0.0523 -0.9982 0.0307
vn -0.7431 0.0175 0.6689
vn -0.7430 0.0175 0.6691
vn -0.9980 0.0016 0.0625
vn -0.9980 -0.0016 -0.0625
vn -0.7413 -0.0176 -0.6709
vn -0.7423 -0.0171 -0.6699
vn -0.7421 -0.0172 -0.6701
vn -0.7411 -0.0177 -0.6712
vn -0.7410 -0.0175 -0.6713
vn -0.7409 -0.0175 -0.6713
vn -0.7411 -0.0176 -0.6712
vn -0.7411 -0.0176 -0.6711
vn -0.7441 0.0175 0.6679
vn -0.7433 0.0172 0.6687
vn -0.7432 0.0171 0.6689
vn -0.7443 0.0176 0.6676
vn -0.5132 -0.8578 0.0276
vn -0.9770 -0.2132 0.0068
vn -0.9770 -0.2132 0.0069
vn -0.9770 -0.2132 0.0066
vn -0.9770 -0.2131 0.0066
vn -0.6723 -0.7399 0.0228
vn -0.5236 -0.8515 0.0264
vn -0.5243 -0.8511 0.0262
vn -0.2634 -0.9642 0.0309
vn -0.2632 -0.9643 0.0310
vn -0.1661 -0.9856 0.0318
vn 0.0007 0.0252 0.9997
vn 0.0022 0.0260 0.9997
vn 0.0023 0.0233 0.9997
vn 0.0001 0.0248 0.9997
vn 0.0018 0.0230 0.9997
vn 0.0015 0.0231 0.9997
vn 0.0011 0.0260 0.9997
vn 0.0013 0.0261 0.9997
vn 0.0013 0.0264 0.9997
vn 0.0013 0.0265 0.9996
vn 0.0020 0.0288 0.9996
vn 0.0021 0.0292 0.9996
vn 0.0004 0.0261 0.9997
vn -0.0002 0.0262 0.9997
vn 0.0022 0.0239 0.9997
vn 0.0029 0.0239 0.9997
vn 0.0019 0.0226 0.9997
vn 0.0018 0.0227 0.9997
vn 0.0010 0.0260 0.9997
vn 0.0011 0.0262 0.9997
vn 0.0012 0.0264 0.9996
vn 0.0013 0.0253 0.9997
vn 0.0013 0.0251 0.9997
vn 0.0137 -0.9994 0.0313
vn 0.0145 -0.9994 0.0308
vn 0.0129 -0.9994 0.0317
vn 0.0120 -0.9994 0.0322
vn -0.9722 -0.2341 0.0075
vn -0.7030 -0.7108 0.0227
vn -0.7030 -0.7109 0.0229
vn -0.5309 -0.8471 0.0262
vn -0.5316 -0.8466 0.0262
vn -0.1946 -0.9804 0.0314
vn -0.1950 -0.9803 0.0315
vn -0.0523 -0.9982 0.0309
vn -0.0523 -0.9982 0.0307
vn 0.5133 -0.8578 0.0276
vn 0.5132 -0.8578 0.0277
vn -0.0001 -0.0261 -0.9997
vn -0.0004 -0.0260 -0.9997
vn 0.0015 -0.0238 -0.9997
vn -0.0005 -0.0263 -0.9997
vn 0.0012 -0.0239 -0.9997
vn 0.0030 -0.0235 -0.9997
vn 0.0029 -0.0234 -0.9997
vn 0.0004 -0.0251 -0.9997
vn 0.0003 -0.0250 -0.9997
vn 0.0010 -0.0249 -0.9997
vn 0.0014 -0.0250 -0.9997
vn 0.0004 -0.0261 -0.9997
vn -0.0000 -0.0260 -0.9997
vn -0.0002 -0.0262 -0.9997
vn 0.0022 -0.0239 -0.9997
vn 0.0029 -0.0240 -0.9997
vn 0.0019 -0.0226 -0.9997
vn 0.0018 -0.0227 -0.9997
vn 0.0010 -0.0261 -0.9997
vn 0.0011 -0.0262 -0.9997
vn 0.0012 -0.0264 -0.9996
vn 0.0013 -0.0253 -0.9997
vn 0.0013 -0.0251 -0.9997
vn -0.0136 -0.9994 0.0313
vn -0.0129 -0.9994 0.0318
vn 0.5317 -0.8465 0.0262
vn 0.1946 -0.9804 0.0315
vn 0.0523 -0.9982 0.0310
vn 0.0523 -0.9982 0.0308
vn -0.5133 -0.8578 0.0276
vn -0.5132 -0.8578 0.0277
vn 0.0001 -0.0261 -0.9997
vn -0.0015 -0.0238 -0.9997
vn 0.0004 -0.0260 -0.9997
vn 0.0005 -0.0263 -0.9997
vn -0.0012 -0.0239 -0.9997
vn -0.0030 -0.0235 -0.9997
vn -0.0029 -0.0234 -0.9997
vn -0.0004 -0.0251 -0.9997
vn -0.0003 -0.0250 -0.9997
vn -0.0010 -0.0249 -0.9997
vn -0.0014 -0.0250 -0.9997
vn -0.0004 -0.0261 -0.9997
vn 0.0002 -0.0262 -0.9997
vn -0.0022 -0.0239 -0.9997
vn -0.0029 -0.0240 -0.9997
vn -0.0019 -0.0226 -0.9997
vn -0.0018 -0.0227 -0.9997
vn -0.0010 -0.0261 -0.9997
vn -0.0011 -0.0262 -0.9997
vn -0.0012 -0.0264 -0.9996
vn -0.0013 -0.0253 -0.9997
vn -0.0013 -0.0251 -0.9997
vn 0.0136 -0.9994 0.0313
vn 0.0129 -0.9994 0.0318
vn -0.5317 -0.8465 0.0262
vn -0.1946 -0.9804 0.0315
vn -0.0523 -0.9982 0.0310
vn -0.0523 -0.9982 0.0308
vn -0.0000 -0.6801 0.7331
vn -0.0000 -0.7473 -0.6645
vn -0.0000 0.7313 0.6820
vn -0.0000 0.9996 -0.0290
vn -0.0000 0.9870 -0.1608
vn -0.0000 0.9946 0.1033
vn -0.0000 0.6804 -0.7328
vn -0.0000 -0.7321 -0.6812
vn -0.0000 -0.6753 0.7376
vn -0.0000 -0.9942 -0.1075
vn -0.0000 -0.9996 0.0297
vn -0.0000 -0.9861 0.1664
vn 0.9489 -0.3154 0.0117
vn 0.0100 0.9993 -0.0371
vn -0.8351 -0.5497 0.0204
vn 0.5781 0.0339 0.8153
vn 0.5807 0.0340 0.8134
vn 0.5780 0.0338 0.8154
vn 0.5809 0.0340 0.8133
vn -0.5807 0.0340 0.8134
vn -0.5781 0.0339 0.8153
vn -0.5780 0.0338 0.8154
vn -0.5809 0.0340 0.8133
vn 0.5809 0.0338 0.8133
vn 0.5835 0.0339 0.8114
vn 0.5807 0.0338 0.8134
vn 0.5836 0.0339 0.8113
vn -0.5835 0.0339 0.8114
vn -0.5809 0.0338 0.8133
vn -0.5807 0.0338 0.8134
vn -0.5836 0.0339 0.8113
vn 0.4454 -0.3652 0.8175
vn 0.4319 -0.3540 0.8295
vn 0.4323 -0.3544 0.8291
vn 0.4458 -0.3656 0.8170
vn 0.4389 -0.4278 -0.7902
vn 0.4298 -0.4190 -0.7998
vn 0.4301 -0.4193 -0.7995
vn 0.4392 -0.4281 -0.7898
vn -0.7437 0.6681 -0.0251
vn -0.7436 0.6682 -0.0229
vn -0.7436 0.6682 -0.0230
vn -0.7437 0.6681 -0.0252
vn -0.4331 -0.4165 -0.7994
vn -0.4326 -0.4161 -0.7998
vn -0.4331 -0.4165 -0.7993
vn -0.4389 -0.3538 0.8260
vn -0.4355 -0.3503 0.8293
vn -0.4356 -0.3504 0.8291
vn -0.4390 -0.3540 0.8258
vn 0.7492 0.6619 -0.0249
vn 0.7492 0.6619 -0.0227
vn 0.7492 0.6619 -0.0228
vn 0.7492 0.6619 -0.0250
vn -0.9489 -0.3154 0.0117
vn -0.0100 0.9993 -0.0371
vn -0.0101 0.9993 -0.0371
vn 0.8351 -0.5497 0.0204
vn 0.5779 0.0338 0.8154
vn 0.4331 -0.4165 -0.7994
vn 0.4326 -0.4161 -0.7998
vn 0.4331 -0.4165 -0.7993
vn 0.4389 -0.3538 0.8260
vn 0.4356 -0.3504 0.8291
vn 0.4355 -0.3503 0.8293
vn 0.4390 -0.3540 0.8258
vn -0.7492 0.6619 -0.0249
vn -0.7492 0.6619 -0.0228
vn -0.7492 0.6619 -0.0227
vn -0.7492 0.6619 -0.0250
vn -0.0000 0.0371 0.9993
vn -0.0000 -0.9993 0.0374
vn 1.0000 -0.0005 -0.0000
vn -0.0000 -0.9993 0.0364
vn 1.0000 -0.0002 -0.0012
vn 1.0000 -0.0004 -0.0003
vn 1.0000 -0.0001 -0.0015
vn -0.0000 0.0356 0.9994
vn -0.0000 -0.9989 0.0465
vn -0.7078 0.0225 0.7061
vn -0.7078 -0.0225 -0.7061
vn -0.7077 -0.0225 -0.7061
vn -0.7077 0.0225 0.7061
vn 0.7078 0.0225 0.7061
vn 0.7078 -0.0225 -0.7061
vn 0.7050 -0.0226 -0.7089
vn 0.7050 0.0226 0.7089
vn -0.3712 -0.3617 -0.8552
vn -0.3615 -0.3544 -0.8624
vn -0.3618 -0.3546 -0.8622
vn -0.3716 -0.3620 -0.8549
vn -0.5125 -0.4224 0.7476
vn -0.5042 -0.4135 0.7581
vn -0.5045 -0.4138 0.7578
vn -0.5128 -0.4227 0.7472
vn 0.7444 0.6612 0.0934
vn 0.7447 0.6617 0.0876
vn 0.7447 0.6616 0.0878
vn 0.7444 0.6612 0.0936
vn -0.0000 0.7370 0.6759
vn -0.0000 -0.6710 0.7414
vn -0.0000 0.7417 0.6707
vn -0.0000 0.9818 -0.1900
vn -0.0000 0.9998 -0.0186
vn -0.0000 0.9998 -0.0182
vn -0.0000 0.9882 0.1534
vn -0.0000 -0.9855 0.1698
vn -0.0000 -1.0000 0.0001
vn -0.0000 -0.9855 -0.1697
vn -0.9381 -0.3460 0.0173
vn -0.0090 0.9987 -0.0500
vn 0.8099 -0.5858 0.0294
vn -0.5592 -0.0234 -0.8287
vn -0.5619 -0.0231 -0.8269
vn -0.5618 -0.0231 -0.8269
vn -0.5591 -0.0234 -0.8288
vn -0.5618 0.0231 0.8270
vn -0.5591 0.0234 0.8288
vn -0.5592 0.0234 0.8287
vn -0.5619 0.0231 0.8269
vn -0.5386 -0.0237 -0.8422
vn -0.5413 -0.0234 -0.8405
vn -0.5412 -0.0235 -0.8406
vn -0.5384 -0.0237 -0.8423
vn -0.5411 0.0235 0.8406
vn -0.5385 0.0237 0.8423
vn -0.5386 0.0237 0.8422
vn -0.5413 0.0235 0.8405
vn -0.4315 -0.4151 -0.8009
vn -0.4320 -0.4155 -0.8004
vn -0.4320 -0.4155 -0.8005
vn -0.4315 -0.4151 -0.8010
vn -0.4117 -0.3512 0.8409
vn -0.4103 -0.3498 0.8422
vn -0.4104 -0.3499 0.8421
vn -0.4117 -0.3513 0.8409
vn 0.7395 0.6723 -0.0347
vn 0.7395 0.6723 -0.0346
vn 0.3875 -0.3572 0.8499
vn 0.3889 -0.3584 0.8487
vn 0.3888 -0.3583 0.8488
vn 0.3875 -0.3571 0.8499
vn 0.4068 -0.4222 -0.8101
vn 0.4098 -0.4254 -0.8069
vn 0.4097 -0.4253 -0.8070
vn 0.4067 -0.4221 -0.8102
vn -0.7133 0.6999 -0.0361
vn -0.7133 0.6999 -0.0360
vn 0.9381 -0.3460 0.0173
vn 0.0090 0.9987 -0.0500
vn -0.8100 -0.5858 0.0294
vn -0.8099 -0.5858 0.0294
vn 0.5592 -0.0234 -0.8287
vn 0.5618 -0.0231 -0.8270
vn 0.5619 -0.0231 -0.8269
vn 0.5590 -0.0234 -0.8288
vn 0.5618 0.0231 0.8270
vn 0.5592 0.0234 0.8287
vn 0.5591 0.0234 0.8288
vn 0.5619 0.0231 0.8269
vn 0.5386 -0.0237 -0.8422
vn 0.5412 -0.0235 -0.8406
vn 0.5413 -0.0234 -0.8405
vn 0.5384 -0.0237 -0.8423
vn 0.5411 0.0235 0.8406
vn 0.5386 0.0237 0.8422
vn 0.5385 0.0237 0.8423
vn 0.5413 0.0235 0.8405
vn -0.3888 -0.3583 0.8488
vn -0.3875 -0.3572 0.8499
vn -0.3875 -0.3571 0.8499
vn -0.3888 -0.3584 0.8487
vn -0.4079 -0.4235 -0.8089
vn -0.4085 -0.4240 -0.8083
vn -0.4079 -0.4234 -0.8089
vn 0.7132 0.7001 -0.0361
vn 0.7131 0.7001 -0.0360
vn 0.7132 0.7001 -0.0362
vn -0.0001 0.7071 -0.7071
vn 0.0001 0.7071 0.7071
vn -0.0001 -0.7083 -0.7059
vn 0.0001 -0.7083 0.7059
vn 0.3467 -0.2937 0.8908
vn 0.3465 -0.2935 0.8909
vn 0.4877 -0.4694 -0.7361
vn 0.4863 -0.4679 -0.7379
vn 0.4864 -0.4680 -0.7379
vn 0.4878 -0.4694 -0.7360
vn -0.7312 0.6692 -0.1327
vn -0.7310 0.6687 -0.1358
vn -0.7310 0.6687 -0.1357
vn -0.7312 0.6692 -0.1326
vn -0.0000 -0.7083 0.7059
vn -0.0000 -0.7070 -0.7072
vn -0.0000 -0.7071 -0.7071
vn -0.0000 -0.7057 0.7085
vn -0.0000 0.7768 0.6298
vn -0.0000 -0.1520 0.9884
vn -0.0000 -0.0423 0.9991
vn -0.0000 -0.0398 0.9992
vn -0.0000 0.0680 0.9977
vn -0.0001 -0.7110 0.7032
vn -0.0000 -0.7120 0.7021
vn -0.0000 -0.7120 0.7022
vn -0.0001 -0.7109 0.7032
vn -0.0050 -0.1521 0.9884
vn -0.0049 -0.1525 0.9883
vn -0.0051 -0.0423 0.9991
vn -0.0050 -0.0399 0.9992
vn -0.0050 0.0682 0.9977
vn -0.0048 0.0677 0.9977
vn -0.0000 -0.0399 0.9992
vn 0.0001 -0.7110 0.7032
vn 0.0001 -0.7109 0.7032
vn 0.0050 -0.1521 0.9884
vn 0.0051 -0.0423 0.9991
vn 0.0049 -0.1525 0.9883
vn 0.0050 -0.0400 0.9992
vn 0.0050 0.0682 0.9977
vn 0.0048 0.0677 0.9977
vn -0.0000 0.7173 0.6968
vn -0.0000 0.7172 0.6968
vn 0.0001 0.7179 0.6961
vn -0.0000 0.7179 0.6961
vn -0.0001 0.7173 0.6968
vn -0.0001 0.7172 0.6968
vn -0.5393 -0.4647 0.7023
vn -0.6157 -0.4112 0.6722
vn -0.6136 -0.4128 0.6731
vn -0.5373 -0.4660 0.7030
vn 0.5412 0.5874 -0.6018
vn 0.5392 -0.5883 0.6027
vn -0.0003 0.0406 0.9992
vn 0.0007 0.0407 0.9992
vn -0.0003 0.0400 0.9992
vn 0.0008 0.0357 0.9994
vn -0.0000 0.0368 0.9993
vn -0.0005 0.0387 0.9993
vn 0.0001 0.0408 0.9992
vn 0.0002 0.0410 0.9992
vn 0.7732 -0.6336 0.0257
vn -0.7105 -0.7031 0.0285
vn 0.7238 0.6894 -0.0280
vn -0.0325 0.9986 -0.0406
vn -0.1814 0.9826 -0.0399
vn -0.1820 0.9825 -0.0399
vn 0.1174 0.9923 -0.0403
vn 0.1178 0.9922 -0.0402
vn -0.7750 0.6315 -0.0256
vn -0.7253 -0.6879 0.0280
vn -0.7264 -0.6868 0.0279
vn -0.7263 -0.6868 0.0279
vn 0.7787 -0.6269 0.0254
vn 0.7792 -0.6262 0.0255
vn 0.7792 -0.6263 0.0255
vn 0.7786 -0.6270 0.0254
vn -0.1219 -0.9917 0.0402
vn 0.0332 -0.9986 0.0405
vn 0.1876 -0.9814 0.0398
vn 0.7859 0.2734 0.5546
vn 0.7859 0.2734 0.5545
vn -0.7863 -0.2276 0.5744
vn 0.0015 -0.0402 -0.9992
vn -0.7850 -0.2273 0.5763
vn -0.7849 -0.2273 0.5764
vn -0.0019 -0.0412 -0.9991
vn 0.0013 -0.0400 -0.9992
vn 0.0015 -0.0399 -0.9992
vn -0.0021 -0.0413 -0.9991
vn 0.8691 -0.1058 0.4833
vn -0.7005 -0.5762 0.4210
vn -0.0265 0.6267 -0.7788
vn 0.6900 0.6187 0.3757
vn -0.8652 0.1667 0.4729
vn 0.0239 -0.7021 -0.7117
vn 0.0003 0.0406 0.9992
vn 0.0003 0.0400 0.9992
vn -0.0007 0.0407 0.9992
vn -0.0008 0.0357 0.9994
vn 0.0005 0.0387 0.9993
vn -0.0001 0.0408 0.9992
vn -0.0002 0.0410 0.9992
vn -0.7732 -0.6337 0.0257
vn 0.7105 -0.7031 0.0285
vn -0.7238 0.6894 -0.0280
vn 0.0325 0.9986 -0.0406
vn 0.1820 0.9825 -0.0399
vn 0.1814 0.9826 -0.0399
vn -0.1174 0.9923 -0.0403
vn -0.1178 0.9922 -0.0402
vn 0.7750 0.6315 -0.0256
vn 0.7253 -0.6879 0.0280
vn 0.7263 -0.6868 0.0279
vn 0.7264 -0.6867 0.0279
vn -0.7787 -0.6269 0.0254
vn -0.7792 -0.6263 0.0255
vn -0.7792 -0.6262 0.0255
vn -0.7786 -0.6270 0.0254
vn 0.1219 -0.9917 0.0402
vn -0.0332 -0.9986 0.0405
vn -0.1876 -0.9814 0.0398
vn -0.7859 0.2734 0.5546
vn -0.7859 0.2734 0.5545
vn 0.7863 -0.2276 0.5744
vn -0.0015 -0.0402 -0.9992
vn 0.7850 -0.2273 0.5763
vn 0.7849 -0.2273 0.5764
vn 0.0019 -0.0412 -0.9991
vn -0.0015 -0.0399 -0.9992
vn -0.0013 -0.0400 -0.9992
vn 0.0021 -0.0413 -0.9991
vn -0.8691 -0.1058 0.4833
vn 0.7005 -0.5762 0.4210
vn 0.0265 0.6267 -0.7788
vn -0.6900 0.6187 0.3757
vn 0.8652 0.1667 0.4729
vn -0.0239 -0.7021 -0.7117
vn -0.0000 0.9830 -0.1837
vn -0.0000 0.9564 -0.2922
vn 0.0002 0.9891 -0.1473
vn 0.0027 0.9993 -0.0379
vn 0.0037 0.9993 -0.0382
vn 0.0167 0.9981 0.0594
vn 0.0111 0.9921 0.1253
vn 0.0048 0.9074 0.4202
vn 0.0187 0.8527 0.5221
vn -0.0002 0.7489 0.6626
vn -0.0491 0.7887 0.6128
vn -0.0087 0.3480 0.9375
vn -0.0095 0.3469 0.9379
vn 0.0009 0.1836 0.9830
vn -0.0038 0.2030 0.9792
vn 0.0166 0.0324 0.9993
vn 0.0192 0.0325 0.9993
vn -0.0040 0.0386 0.9992
vn -0.0043 0.0386 0.9992
vn -0.0151 0.0287 0.9995
vn -0.0126 0.0308 0.9994
vn -0.0004 -0.0973 0.9953
vn 0.0038 -0.0872 0.9962
vn 0.0025 -0.2141 0.9768
vn -0.0000 -0.2101 0.9777
vn -0.0000 0.6696 -0.7427
vn -0.0000 0.5190 -0.8547
vn -0.0000 0.4448 -0.8956
vn -0.0000 0.1498 -0.9887
vn -0.0011 0.1017 -0.9948
vn -0.0028 -0.0281 -0.9996
vn -0.0039 -0.0296 -0.9996
vn -0.0039 -0.0372 -0.9993
vn -0.0037 -0.0372 -0.9993
vn -0.0002 -0.0259 -0.9997
vn -0.0000 -0.0253 -0.9997
vn -0.0000 -0.1972 -0.9804
vn -0.0012 -0.1906 -0.9817
vn -0.0020 -0.5796 -0.8149
vn -0.0040 -0.5522 -0.8337
vn -0.0040 -0.8980 -0.4400
vn -0.0047 -0.8727 -0.4883
vn -0.0038 -0.9968 -0.0801
vn -0.0033 -0.9943 -0.1066
vn -0.0002 -0.9994 0.0359
vn -0.0005 -0.9994 0.0354
vn -0.0017 -0.9782 0.2075
vn -0.0035 -0.9877 0.1563
vn -0.0022 -0.9451 0.3269
vn -0.0000 -0.9461 0.3238
vn -0.0000 -0.6457 0.7636
vn 0.8796 0.4411 0.1780
vn 0.9207 0.3341 0.2017
vn 0.8743 0.4544 0.1704
vn 0.9137 0.3599 0.1889
vn 0.8644 0.4765 0.1608
vn 0.9199 0.3483 0.1805
vn 0.9407 0.2240 0.2548
vn 0.9349 0.2794 0.2186
vn 0.9550 0.2288 0.1887
vn 0.9499 0.1468 0.2759
vn 0.9552 0.2228 0.1948
vn 0.9562 0.2204 0.1927
vn 0.9547 0.2287 0.1906
vn 0.9475 0.1388 0.2880
vn 0.9575 0.1928 0.2145
vn 0.9618 0.1883 0.1988
vn 0.9604 0.1833 0.2100
vn 0.9620 0.1216 0.2444
vn 0.9603 0.1186 0.2524
vn 0.9622 0.0650 0.2645
vn 0.9616 0.0633 0.2670
vn 0.9621 0.0390 0.2700
vn 0.9645 0.1807 0.1928
vn 0.9628 0.1925 0.1898
vn 0.9758 0.1045 0.1922
vn 0.9765 0.1025 0.1897
vn 0.9639 0.0057 0.2660
vn 0.9836 0.0383 0.1761
vn 0.9831 0.0345 0.1800
vn 0.9883 -0.0188 0.1510
vn 0.9894 0.0183 0.1443
vn 0.9591 0.0443 0.2796
vn 0.9843 0.0007 0.1763
vn 0.9553 0.0534 0.2908
vn 0.9840 -0.0005 0.1782
vn 0.9871 0.0172 0.1593
vn 0.9622 0.0379 0.2698
vn 0.9792 0.0318 0.2002
vn 0.9781 -0.0020 0.2080
vn 0.9769 -0.0898 0.1941
vn 0.9657 -0.0598 0.2525
vn 0.9845 -0.1101 0.1364
vn 0.9650 -0.1937 0.1765
vn 0.9659 -0.2232 0.1308
vn 0.9550 -0.2398 0.1745
vn 0.9449 -0.3050 0.1189
vn 0.0001 0.0355 0.9994
vn -0.0000 0.0359 0.9994
vn -0.0000 0.0362 0.9993
vn -0.0000 0.0374 0.9993
vn -0.0000 0.0373 0.9993
vn 0.0002 0.0373 0.9993
vn 0.0036 0.0365 0.9993
vn 0.0038 0.0364 0.9993
vn 0.0038 0.0365 0.9993
vn -0.0022 0.9828 -0.1844
vn -0.0023 0.9553 -0.2956
vn -0.0036 0.9888 -0.1495
vn -0.0055 0.9993 -0.0379
vn -0.0061 0.9992 -0.0383
vn -0.0170 0.9981 0.0599
vn -0.0113 0.9921 0.1246
vn -0.0053 0.9073 0.4205
vn -0.0213 0.8510 0.5248
vn -0.0017 0.7471 0.6647
vn 0.0493 0.7887 0.6128
vn 0.0062 0.3532 0.9355
vn 0.0003 0.1840 0.9829
vn 0.0118 0.3457 0.9383
vn 0.0095 0.2002 0.9797
vn -0.0192 0.0323 0.9993
vn -0.0238 0.0316 0.9992
vn -0.0002 0.0391 0.9992
vn -0.0000 0.0391 0.9992
vn 0.0143 0.0296 0.9995
vn 0.0203 0.0268 0.9994
vn 0.0156 -0.0889 0.9959
vn 0.0304 -0.0601 0.9977
vn -0.0167 -0.2159 0.9763
vn -0.0000 0.6690 -0.7432
vn 0.0021 0.5190 -0.8547
vn 0.0019 0.6710 -0.7414
vn 0.0034 0.4445 -0.8958
vn 0.0037 0.1493 -0.9888
vn 0.0038 0.1009 -0.9949
vn 0.0038 -0.0269 -0.9996
vn 0.0032 -0.0289 -0.9996
vn -0.0071 -0.0370 -0.9993
vn 0.0029 -0.0237 -0.9997
vn -0.0054 -0.2033 -0.9791
vn -0.0052 -0.1933 -0.9811
vn -0.0092 -0.5772 -0.8165
vn -0.0102 -0.5537 -0.8327
vn -0.0138 -0.8936 -0.4487
vn -0.0181 -0.8741 -0.4854
vn -0.0165 -0.9966 -0.0804
vn -0.0183 -0.9944 -0.1036
vn -0.0203 -0.9990 0.0389
vn -0.0209 -0.9990 0.0391
vn -0.0241 -0.9757 0.2178
vn -0.0255 -0.9864 0.1621
vn -0.0259 -0.9425 0.3332
vn -0.0234 -0.9413 0.3368
vn 0.0406 -0.5679 0.8221
vn 0.0165 -0.5982 0.8011
vn -0.0178 -0.6395 0.7686
vn 0.0682 -0.5317 0.8442
vn -0.8799 0.4405 0.1783
vn -0.8745 0.4541 0.1704
vn -0.9207 0.3340 0.2018
vn -0.9137 0.3596 0.1892
vn -0.8642 0.4768 0.1607
vn -0.9198 0.3485 0.1805
vn -0.9406 0.2233 0.2559
vn -0.9348 0.2794 0.2192
vn -0.9550 0.2288 0.1887
vn -0.9498 0.1457 0.2768
vn -0.9560 0.2206 0.1931
vn -0.9556 0.2211 0.1946
vn -0.9539 0.2305 0.1923
vn -0.9482 0.1430 0.2837
vn -0.9573 0.1939 0.2147
vn -0.9617 0.1879 0.1993
vn -0.9604 0.1836 0.2096
vn -0.9624 0.1215 0.2428
vn -0.9608 0.1186 0.2506
vn -0.9626 0.0652 0.2629
vn -0.9620 0.0631 0.2657
vn -0.9617 0.0401 0.2712
vn -0.9645 0.1807 0.1924
vn -0.9627 0.1930 0.1895
vn -0.9761 0.1039 0.1907
vn -0.9768 0.1019 0.1884
vn -0.9638 0.0056 0.2667
vn -0.9834 0.0385 0.1771
vn -0.9828 0.0349 0.1815
vn -0.9883 -0.0185 0.1512
vn -0.9892 0.0185 0.1456
vn -0.9574 0.0473 0.2848
vn -0.9843 0.0016 0.1763
vn -0.9552 0.0528 0.2912
vn -0.9838 -0.0003 0.1791
vn -0.9871 0.0184 0.1591
vn -0.9621 0.0377 0.2703
vn -0.9793 0.0321 0.2001
vn -0.9780 -0.0019 0.2084
vn -0.9768 -0.0901 0.1943
vn -0.9655 -0.0592 0.2534
vn -0.9845 -0.1105 0.1364
vn -0.9583 -0.1746 0.2263
vn -0.9650 -0.1943 0.1761
vn -0.9509 -0.2237 0.2139
vn -0.9660 -0.2230 0.1311
vn -0.9551 -0.2397 0.1741
vn -0.9453 -0.3035 0.1194
vn -0.0038 0.0365 0.9993
vn -0.0034 0.0364 0.9993
vn -0.0002 0.0360 0.9994
vn -0.0001 0.0373 0.9993
vn -0.0003 0.0375 0.9993
vn -0.0036 0.0375 0.9993
vn -0.0036 0.0374 0.9993
vn -0.0002 0.0372 0.9993
vn -0.0001 0.0374 0.9993
vn -0.0001 0.0376 0.9993
vn -0.0000 0.0377 0.9993
vn -0.0000 0.0378 0.9993
vn 0.0081 0.0334 0.9994
vn -1.0000 0.0062 0.0015
vn 0.0059 0.0335 0.9994
vn 0.0081 0.0342 0.9994
vn 0.0075 0.0341 0.9994
vn 0.0054 0.0334 0.9994
vn 0.0075 0.0335 0.9994
vn 0.0059 0.0341 0.9994
vn 0.0054 0.0343 0.9994
vn -0.0081 0.0334 0.9994
vn 1.0000 0.0062 0.0015
vn -0.0059 0.0335 0.9994
vn -0.0054 0.0334 0.9994
vn -0.0075 0.0341 0.9994
vn -0.0081 0.0342 0.9994
vn -0.0075 0.0335 0.9994
vn -0.0059 0.0341 0.9994
vn -0.0054 0.0343 0.9994
vn -0.0000 0.2010 0.9796
vn -0.0000 0.1988 0.9800
vn -0.0000 -0.9952 0.0974
vn -0.0000 -0.5481 0.8364
vn -0.0000 -0.9939 0.1099
vn 0.9821 0.0405 0.1839
vn 0.9851 0.0341 0.1688
vn 0.9855 0.0330 0.1663
vn 0.9815 0.0417 0.1869
vn -0.0000 0.2220 0.9750
vn -0.9851 0.0370 0.1681
vn -0.9854 0.0370 0.1659
vn -0.9824 0.0372 0.1832
vn -0.9820 0.0372 0.1854
vn -0.0000 0.9993 0.0364
vn 0.6874 0.1449 0.7117
vn 0.6878 0.1450 0.7112
vn 0.6877 0.1450 0.7113
vn 0.6873 0.1449 0.7118
vn 0.6877 0.1420 0.7120
vn 0.6878 0.1419 0.7119
vn -0.0000 -0.9982 0.0594
vn 0.5910 -0.8052 0.0488
vn 0.5914 -0.8049 0.0484
vn 0.5920 -0.8045 0.0479
vn 0.5903 -0.8057 0.0495
vn -0.0000 0.2305 0.9731
vn -0.0000 -0.2713 0.9625
vn 0.8247 -0.1129 -0.5541
vn 0.8248 -0.1129 -0.5541
vn -0.0000 0.1996 0.9799
vn -0.8247 -0.1129 -0.5541
vn -0.8225 -0.1136 -0.5574
vn 0.8235 -0.4858 -0.2930
vn 0.8244 -0.4847 -0.2924
vn 0.8244 -0.4846 -0.2924
vn -0.0000 0.8563 0.5165
vn -0.8244 -0.4847 -0.2924
vn -0.8235 -0.4858 -0.2931
vn 0.8244 -0.4846 -0.2923
vn 0.8250 -0.4839 -0.2920
vn -0.8227 -0.4868 -0.2936
vn -0.8221 -0.4875 -0.2941
vn -0.0000 0.9180 0.3965
vn -0.0000 -0.6958 0.7182
vn -0.0000 0.1943 0.9809
vn -0.8439 0.1051 0.5260
vn -0.8231 0.1141 0.5564
vn -0.8242 0.1136 0.5549
vn -0.8447 0.1048 0.5249
vn 0.8258 0.1107 0.5530
vn 0.8454 0.1073 0.5233
vn 0.8442 0.1075 0.5252
vn 0.8248 0.1109 0.5544
vn -0.0000 0.1957 0.9807
vn -0.8441 0.1053 0.5258
vn -0.8248 0.1136 0.5539
vn -0.8258 0.1132 0.5525
vn -0.8447 0.1050 0.5248
vn 0.8242 0.1110 0.5554
vn 0.8441 0.1075 0.5254
vn 0.8231 0.1112 0.5569
vn -0.0000 -0.9755 0.2200
vn -0.0000 0.2005 0.9797
vn -0.0000 0.0764 0.9971
vn -0.0000 0.7449 0.6672
vn 0.0029 0.9984 -0.0572
vn 0.0057 0.9984 -0.0564
vn 0.0070 0.9984 -0.0560
vn -0.0000 0.9983 -0.0581
vn -0.0092 0.2010 0.9795
vn -0.3926 0.4904 0.7781
vn 0.6655 -0.7011 0.2561
vn -0.0000 -0.5210 0.8536
vn -0.9821 0.0405 0.1839
vn -0.9855 0.0330 0.1663
vn -0.9851 0.0341 0.1688
vn -0.9815 0.0417 0.1869
vn 0.9851 0.0370 0.1681
vn 0.9824 0.0372 0.1832
vn 0.9854 0.0370 0.1659
vn 0.9820 0.0372 0.1854
vn -0.6874 0.1449 0.7117
vn -0.6873 0.1449 0.7118
vn -0.6877 0.1450 0.7113
vn -0.6878 0.1450 0.7112
vn -0.6877 0.1420 0.7120
vn -0.6878 0.1419 0.7119
vn -0.5910 -0.8052 0.0488
vn -0.5914 -0.8049 0.0484
vn -0.5903 -0.8057 0.0495
vn -0.5920 -0.8045 0.0479
vn -0.8248 -0.1129 -0.5541
vn 0.8225 -0.1136 -0.5574
vn -0.8235 -0.4858 -0.2930
vn -0.8244 -0.4846 -0.2924
vn 0.8235 -0.4858 -0.2931
vn -0.8244 -0.4846 -0.2923
vn -0.8250 -0.4839 -0.2920
vn 0.8227 -0.4868 -0.2936
vn 0.8221 -0.4875 -0.2941
vn 0.8439 0.1051 0.5260
vn 0.8447 0.1048 0.5249
vn 0.8242 0.1136 0.5549
vn 0.8231 0.1141 0.5564
vn -0.8258 0.1107 0.5530
vn -0.8248 0.1109 0.5544
vn -0.8442 0.1075 0.5252
vn -0.8454 0.1073 0.5233
vn 0.8441 0.1053 0.5258
vn 0.8447 0.1050 0.5248
vn 0.8258 0.1132 0.5525
vn 0.8248 0.1136 0.5539
vn -0.8242 0.1110 0.5554
vn -0.8231 0.1112 0.5569
vn -0.8441 0.1075 0.5254
vn -0.0029 0.9984 -0.0572
vn -0.0057 0.9984 -0.0564
vn -0.0070 0.9984 -0.0560
vn 0.3926 0.4904 0.7781
vn 0.0092 0.2010 0.9795
vn -0.6655 -0.7011 0.2561
vn 0.0006 0.9993 -0.0368
vn -0.3936 0.9192 -0.0107
vn -0.5315 0.8448 -0.0613
vn -0.4712 0.8813 -0.0355
vn -0.5377 0.8409 -0.0616
vn -0.5247 0.8495 -0.0543
vn -0.5337 0.8359 -0.1281
vn -0.5313 0.8340 -0.1490
vn -0.5225 0.8264 -0.2098
vn -0.9276 0.2858 -0.2407
vn -0.9451 0.2041 -0.2553
vn -0.9254 0.3265 -0.1924
vn -0.9539 0.2060 -0.2181
vn -0.9117 0.2202 -0.3469
vn -0.9140 0.1210 -0.3872
vn -0.8392 0.0004 -0.5438
vn -0.9571 0.0198 -0.2892
vn -0.9682 0.0132 -0.2499
vn -0.8277 -0.1877 -0.5289
vn -0.9117 -0.1749 -0.3717
vn -0.9421 -0.1889 -0.2769
vn -0.7351 -0.3425 -0.5851
vn -0.8793 -0.2560 -0.4017
vn -0.9095 -0.3012 -0.2865
vn -0.3794 -0.8094 -0.4483
vn -0.1698 -0.6813 -0.7120
vn -0.2047 -0.8662 -0.4558
vn -0.3723 -0.8937 -0.2504
vn -0.1171 -0.5582 -0.8214
vn -0.1213 -0.6855 -0.7179
vn -0.0363 -0.8937 -0.4473
vn -0.2066 -0.9460 -0.2498
vn -0.0341 -0.9688 -0.2453
vn -0.3738 -0.9104 -0.1774
vn -0.2074 -0.9606 -0.1848
vn -0.0369 -0.9817 -0.1869
vn -0.6070 -0.7831 -0.1352
vn -0.7610 -0.6373 -0.1219
vn -0.3908 -0.9144 -0.1058
vn -0.2774 -0.9498 -0.1445
vn -0.1175 -0.9826 -0.1438
vn -0.2140 -0.9716 -0.1006
vn -0.0409 -0.9948 -0.0933
vn -0.4089 0.9027 0.1337
vn -0.3604 0.9261 0.1111
vn -0.2517 0.9662 0.0559
vn -0.2246 0.9735 0.0435
vn -0.2221 0.9743 0.0380
vn -0.6990 0.7128 0.0576
vn -0.9232 0.3843 -0.0050
vn -0.9250 0.3793 0.0222
vn -0.6963 0.7175 0.0223
vn -0.9597 0.2806 -0.0150
vn -0.6962 0.7175 0.0223
vn -1.0000 -0.0006 -0.0081
vn -0.9999 -0.0044 -0.0165
vn 0.4098 0.9026 0.1320
vn 0.2532 0.9658 0.0557
vn 0.3615 0.9259 0.1098
vn 0.2262 0.9731 0.0435
vn 0.2240 0.9738 0.0386
vn 0.9221 0.3868 -0.0081
vn 0.6977 0.7141 0.0573
vn 0.9241 0.3816 0.0219
vn 0.6954 0.7182 0.0242
vn 0.9589 0.2832 -0.0183
vn 0.6953 0.7183 0.0242
vn 1.0000 0.0033 -0.0081
vn 0.9999 -0.0005 -0.0136
vn -0.0002 -0.9983 -0.0580
vn -0.7598 -0.6491 -0.0365
vn -0.0020 -0.6484 -0.7613
vn -0.7680 -0.4171 -0.4861
vn -0.0019 0.0510 -0.9987
vn -0.0006 0.0505 -0.9987
vn -0.0026 0.0513 -0.9987
vn 0.0001 0.0502 -0.9987
vn -0.7777 0.0315 -0.6278
vn 0.0013 0.7274 -0.6862
vn 0.0005 0.7277 -0.6859
vn 0.0018 0.7273 -0.6863
vn -0.0000 0.7278 -0.6858
vn -0.7923 0.4441 -0.4184
vn -0.0000 0.9983 0.0590
vn -0.7921 0.6093 0.0373
vn -0.0000 0.6489 0.7609
vn 0.0027 0.6480 0.7616
vn 0.0009 0.6486 0.7611
vn -0.7670 0.4155 0.4890
vn 0.0036 0.6477 0.7619
vn 0.0025 -0.0513 0.9987
vn 0.0026 -0.0513 0.9987
vn -0.7428 -0.0355 0.6685
vn 0.0027 -0.0513 0.9987
vn -0.0000 0.7263 -0.6873
vn -0.0011 0.7282 -0.6853
vn -0.0013 0.7279 -0.6856
vn -0.0021 0.7284 -0.6852
vn 0.0011 0.7220 -0.6919
vn -0.0018 0.7296 -0.6839
vn -0.0015 0.7273 -0.6864
vn -0.0021 0.7274 -0.6863
vn -0.0008 0.7269 -0.6868
vn -0.0005 0.7272 -0.6865
vn -0.0035 0.7271 -0.6865
vn -0.0020 0.7272 -0.6865
vn 0.0002 0.7277 -0.6859
vn 0.0001 0.7272 -0.6864
vn 1.0000 0.0026 -0.0009
vn 1.0000 0.0006 -0.0011
vn 1.0000 0.0011 -0.0013
vn 1.0000 -0.0004 -0.0014
vn 1.0000 0.0004 -0.0016
vn 1.0000 -0.0004 -0.0017
vn 1.0000 0.0032 -0.0030
vn 0.6625 -0.5455 0.5133
vn 0.6498 -0.0391 0.7591
vn 0.6496 -0.0387 0.7593
vn 0.6505 -0.0402 0.7584
vn 0.6491 -0.0381 0.7597
vn 0.6499 0.4933 0.5782
vn 0.6500 0.4932 0.5782
vn 0.6497 0.4938 0.5781
vn 0.6501 0.4929 0.5782
vn 0.6537 0.7555 0.0448
vn 0.6534 0.7557 0.0444
vn 0.6544 0.7548 0.0459
vn 0.6530 0.7561 0.0437
vn 0.6413 0.5573 -0.5273
vn 0.6405 0.5587 -0.5268
vn 0.6408 0.5582 -0.5270
vn 0.6397 0.5602 -0.5263
vn 0.6330 0.0407 -0.7731
vn 0.6329 0.0408 -0.7731
vn 0.6330 0.0408 -0.7731
vn 0.6328 0.0410 -0.7732
vn 0.6488 -0.4926 -0.5800
vn -0.1210 0.9910 0.0578
vn -0.1202 0.9910 0.0590
vn -0.1197 0.9910 0.0598
vn -0.1190 0.9910 0.0608
vn 1.0000 -0.0006 -0.0008
vn 1.0000 -0.0001 -0.0010
vn 1.0000 0.0013 -0.0023
vn 1.0000 0.0024 -0.0028
vn 1.0000 0.0021 -0.0024
vn 1.0000 -0.0008 -0.0038
vn 1.0000 0.0011 -0.0021
vn 1.0000 0.0019 -0.0011
vn 1.0000 0.0012 -0.0010
vn 1.0000 0.0008 -0.0012
vn 1.0000 -0.0003 -0.0013
vn 1.0000 -0.0005 -0.0013
vn -0.0003 0.8201 -0.5722
vn -0.0002 0.8194 -0.5733
vn -0.0002 0.8193 -0.5733
vn -0.0021 -0.1959 -0.9806
vn -0.0020 -0.1965 -0.9805
vn -0.0013 -0.9720 -0.2351
vn -0.0015 -0.9379 -0.3469
vn -0.0015 -0.9379 -0.3468
vn -0.0013 -0.9730 -0.2307
vn -0.0011 -0.9963 -0.0862
vn -0.0011 -0.9964 -0.0849
vn -0.0010 -0.9986 -0.0522
vn -0.0011 -0.9986 -0.0521
vn -0.0008 -0.9990 0.0446
vn -0.0011 -0.9972 -0.0750
vn -0.0008 -0.9990 0.0445
vn -0.0011 -0.9975 -0.0709
vn -0.0014 -0.9691 -0.2465
vn -0.0014 -0.9685 -0.2489
vn -0.0015 -0.9517 -0.3069
vn -0.0015 -0.9517 -0.3071
vn -1.0000 0.0009 -0.0012
vn -1.0000 0.0019 -0.0014
vn -1.0000 0.0058 0.0021
vn -1.0000 -0.0000 -0.0017
vn -1.0000 0.0008 -0.0011
vn -1.0000 0.0010 -0.0011
vn -1.0000 0.0014 -0.0011
vn 0.0003 0.8201 -0.5722
vn 0.0002 0.8194 -0.5733
vn 0.0002 0.8193 -0.5733
vn 0.0021 -0.1959 -0.9806
vn 0.0020 -0.1965 -0.9805
vn 0.0013 -0.9720 -0.2350
vn 0.0015 -0.9379 -0.3468
vn 0.0015 -0.9379 -0.3469
vn 0.0013 -0.9730 -0.2306
vn 0.0011 -0.9963 -0.0862
vn 0.0011 -0.9964 -0.0849
vn 0.0010 -0.9986 -0.0522
vn 0.0011 -0.9986 -0.0521
vn 0.0008 -0.9990 0.0446
vn 0.0008 -0.9990 0.0445
vn 0.0011 -0.9972 -0.0751
vn 0.0011 -0.9975 -0.0709
vn 0.0014 -0.9691 -0.2465
vn 0.0014 -0.9685 -0.2489
vn 0.0015 -0.9517 -0.3069
vn 0.0015 -0.9517 -0.3071
vn -1.0000 -0.0029 0.0027
vn -1.0000 -0.0024 0.0022
vn -1.0000 -0.0009 0.0017
vn -1.0000 -0.0015 0.0026
vn -1.0000 -0.0004 0.0015
vn -1.0000 -0.0052 0.0049
vn 0.0011 -0.0505 0.9987
vn 0.0012 -0.0501 0.9987
vn -0.0001 -0.0477 0.9989
vn 0.0018 -0.0517 0.9987
vn 0.0018 -0.0522 0.9986
vn 0.0018 -0.0524 0.9986
vn 0.0007 0.6482 0.7615
vn 0.0006 0.6483 0.7614
vn 0.0014 0.6477 0.7619
vn -0.0000 0.6488 0.7609
vn -0.0000 0.9983 0.0586
vn 0.0001 0.9983 0.0586
vn 0.0001 0.9983 0.0587
vn -0.0012 0.7290 -0.6846
vn -0.0006 0.7284 -0.6851
vn -0.0007 0.7285 -0.6850
vn -0.0000 0.7280 -0.6856
vn -0.0017 0.0496 -0.9988
vn -0.0018 0.0496 -0.9988
vn -0.0014 -0.6476 -0.7619
vn -0.0006 -0.6483 -0.7614
vn -0.0007 -0.6482 -0.7615
vn -0.0000 -0.6488 -0.7609
vn -0.0000 -0.9989 -0.0465
vn -0.0001 -0.9989 -0.0467
vn -0.0001 -0.9984 -0.0569
vn -0.0001 -0.9984 -0.0570
vn -0.0001 -0.9977 -0.0672
vn 0.0001 -0.7281 0.6855
vn -0.0001 -0.7279 0.6857
vn 0.0012 -0.7290 0.6846
vn -0.0012 -0.7270 0.6866
vn -0.7764 0.6302 -0.0116
vn -0.7681 0.6402 -0.0087
vn -0.7711 0.6366 -0.0097
vn -0.7667 0.6420 -0.0082
vn -0.6628 0.5196 -0.5391
vn -0.7777 -0.6285 0.0102
vn -0.7250 -0.6565 -0.2081
vn -0.7733 -0.6340 0.0078
vn -0.7230 -0.6632 -0.1936
vn -0.6433 -0.6083 -0.4649
vn 0.7241 -0.6567 -0.2109
vn 0.7725 -0.6350 0.0057
vn 0.7221 -0.6632 -0.1965
vn 0.6408 -0.6077 -0.4691
vn 0.7768 -0.6297 0.0080
vn 0.7652 0.6437 -0.0110
vn 0.7683 0.6400 -0.0121
vn 0.7637 0.6455 -0.0105
vn 0.7737 0.6334 -0.0139
vn 0.6582 0.5224 -0.5421
vn 0.0008 0.9977 -0.0678
vn 0.0008 0.9977 -0.0677
vn 0.0010 0.9977 -0.0676
vn 0.0007 0.9977 -0.0679
vn -0.9882 -0.1416 -0.0588
vn -0.9752 -0.2086 -0.0740
vn -0.9614 -0.2671 -0.0654
vn -0.9906 -0.1233 -0.0595
vn -0.9709 -0.2247 -0.0824
vn -0.9934 0.1084 -0.0382
vn -0.9933 -0.0956 -0.0648
vn -0.9463 -0.3110 -0.0884
vn -0.9782 -0.1926 -0.0779
vn -0.9983 0.0168 -0.0550
vn -0.9852 0.1682 -0.0340
vn -0.9714 0.2360 -0.0249
vn -0.9749 0.2204 -0.0326
vn -0.9551 0.2955 -0.0219
vn -0.3779 0.9252 0.0351
vn -0.5277 0.8488 0.0320
vn -0.5222 0.8524 0.0271
vn -0.3867 0.9208 0.0503
vn -0.9422 0.3343 -0.0209
vn -0.5265 0.8493 0.0375
vn -0.2191 0.9748 0.0423
vn -0.4609 0.8864 0.0424
vn -0.2211 0.9726 0.0721
vn -0.3958 0.9171 0.0469
vn -0.3867 0.9208 0.0509
vn -0.0000 -0.9486 0.3164
vn -0.0000 -0.9836 0.1804
vn -0.0000 -0.9992 0.0402
vn -0.9999 0.0094 0.0051
vn -0.9999 0.0098 0.0050
vn -1.0000 0.0002 0.0042
vn -1.0000 -0.0000 0.0035
vn -0.0000 0.9522 -0.3054
vn -0.0000 0.9868 -0.1617
vn -0.0000 0.9999 -0.0138
vn -0.9999 -0.0092 -0.0048
vn -1.0000 -0.0002 -0.0036
vn -0.9999 -0.0093 -0.0048
vn -1.0000 -0.0000 -0.0045
vn -0.0000 0.0603 -0.9982
vn -0.0000 -0.7664 -0.6424
vn -0.1675 -0.8301 -0.5319
vn -0.1245 -0.8121 -0.5700
vn -0.0000 0.9343 -0.3564
vn -0.1097 0.9553 -0.2745
vn -0.1599 0.9561 -0.2458
vn -0.2524 0.9563 -0.1473
vn -0.2504 0.9597 -0.1275
vn -0.3545 -0.8889 -0.2901
vn -0.3315 -0.8883 -0.3178
vn -0.4367 -0.8884 -0.1413
vn -0.4373 -0.8882 -0.1412
vn -0.0000 -0.7971 -0.6038
vn 0.1228 -0.8362 -0.5344
vn 0.1208 -0.8357 -0.5357
vn -0.0000 0.9356 -0.3530
vn 0.0810 0.9495 -0.3030
vn 0.2730 -0.8599 -0.4313
vn 0.1542 0.9546 -0.2550
vn 0.2522 0.9496 -0.1864
vn 0.2513 0.9570 -0.1451
vn 0.2359 -0.8721 -0.4287
vn 0.3137 -0.8932 -0.3222
vn 0.3442 -0.8984 -0.2726
vn 0.4296 -0.8850 -0.1797
vn 0.4315 -0.8841 -0.1793
vn -0.0000 0.1501 -0.9887
vn 0.6199 0.1185 -0.7757
vn 0.6202 0.1178 -0.7756
vn 0.6195 0.1193 -0.7758
vn 0.6192 0.1201 -0.7760
vn 0.9989 0.0100 -0.0451
vn 0.9989 0.0101 -0.0451
vn -0.2328 -0.8605 -0.4531
vn -0.2325 -0.8638 -0.4470
vn -0.2333 -0.8553 -0.4625
vn -0.2318 -0.8698 -0.4355
vn -0.2366 0.9532 -0.1884
vn -0.2308 0.9549 -0.1866
vn -0.2463 0.9501 -0.1914
vn -0.2230 0.9573 -0.1842
vn 0.5510 0.1182 -0.8261
vn 0.5515 0.1194 -0.8256
vn 0.5513 0.1190 -0.8258
vn 0.5508 0.1178 -0.8263
vn -0.0000 0.1492 -0.9888
vn -0.6220 0.1164 -0.7744
vn -0.6222 0.1157 -0.7742
vn -0.6218 0.1169 -0.7744
vn -0.6224 0.1151 -0.7742
vn 0.2339 -0.8438 -0.4831
vn 0.2344 -0.8383 -0.4923
vn 0.2335 -0.8476 -0.4765
vn 0.2327 -0.8541 -0.4651
vn 0.2298 0.9555 -0.1851
vn 0.2380 0.9529 -0.1881
vn 0.3415 0.9399 0.0068
vn 0.3253 0.9456 -0.0108
vn -0.9991 0.0150 -0.0394
vn -0.9991 0.0153 -0.0393
vn -0.9991 0.0098 -0.0409
vn -0.9991 0.0094 -0.0410
vn 0.4266 -0.8928 -0.1446
vn 0.4256 -0.8933 -0.1446
vn 0.4402 -0.8861 -0.1447
vn 0.4053 0.8965 0.1788
vn 0.4034 0.8974 0.1787
vn 0.4421 -0.8852 -0.1448
vn -0.5720 0.1262 -0.8105
vn -0.5717 0.1255 -0.8108
vn -0.5715 0.1250 -0.8110
vn -0.5722 0.1267 -0.8103
vn -0.9511 -0.1345 0.2780
vn -0.9509 -0.1343 0.2788
vn 0.2586 -0.1060 -0.9602
vn 0.2534 -0.1071 -0.9614
vn 0.2586 -0.1060 -0.9601
vn 0.7124 0.2463 0.6571
vn 0.7031 0.2460 0.6671
vn 0.7125 0.2463 0.6571
vn 0.7031 0.2460 0.6672
vn -0.2153 -0.9759 0.0346
vn -0.2154 -0.9759 0.0346
vn -0.2143 -0.9762 0.0344
vn -0.2142 -0.9762 0.0344
vn 0.0015 0.0340 0.9994
vn 0.0019 0.0341 0.9994
vn 0.0012 0.0339 0.9994
vn 0.0021 0.0341 0.9994
vn 0.9783 -0.2071 0.0008
vn 0.9783 -0.2070 0.0009
vn -0.0015 -0.0342 -0.9994
vn -0.0019 -0.0339 -0.9994
vn -0.0013 -0.0343 -0.9994
vn -0.0021 -0.0338 -0.9994
vn 0.9783 -0.2070 0.0008
vn 0.9783 -0.2071 0.0009
vn -0.2149 -0.9760 0.0345
vn -0.0470 -0.1887 0.9809
vn -0.0471 -0.1889 0.9809
vn -0.0468 -0.1884 0.9810
vn -0.0467 -0.1882 0.9810
vn 0.9891 -0.1474 -0.0012
vn 0.9890 -0.1478 -0.0012
vn -0.0503 -0.2568 -0.9651
vn -0.0502 -0.2577 -0.9649
vn -0.0506 -0.2548 -0.9657
vn -0.0507 -0.2541 -0.9659
vn 0.9602 -0.2794 0.0031
vn 0.9602 -0.2791 0.0030
vn 0.9592 -0.2826 0.0035
vn 0.9592 -0.2828 0.0036
vn -0.2149 -0.9760 0.0346
vn -0.2150 -0.9760 0.0346
vn -0.2146 -0.9761 0.0345
vn -0.2145 -0.9761 0.0344
vn -0.0015 0.0340 0.9994
vn -0.0019 0.0341 0.9994
vn -0.0021 0.0341 0.9994
vn -0.0012 0.0339 0.9994
vn -0.9783 -0.2071 0.0008
vn -0.9783 -0.2070 0.0009
vn 0.0015 -0.0342 -0.9994
vn 0.0019 -0.0339 -0.9994
vn 0.0021 -0.0338 -0.9994
vn 0.0013 -0.0343 -0.9994
vn -0.9783 -0.2071 0.0009
vn -0.9783 -0.2070 0.0008
vn 0.2149 -0.9760 0.0345
vn 0.0470 -0.1887 0.9809
vn 0.0467 -0.1882 0.9810
vn 0.0468 -0.1884 0.9810
vn 0.0471 -0.1889 0.9809
vn -0.9891 -0.1474 -0.0012
vn -0.9890 -0.1478 -0.0012
vn -0.9890 -0.1479 -0.0012
vn 0.0503 -0.2568 -0.9651
vn 0.0507 -0.2541 -0.9659
vn 0.0506 -0.2548 -0.9657
vn 0.0502 -0.2577 -0.9649
vn -0.9602 -0.2794 0.0031
vn -0.9592 -0.2828 0.0036
vn -0.9592 -0.2826 0.0035
vn -0.9603 -0.2791 0.0030
vn 0.2149 -0.9760 0.0346
vn 0.2145 -0.9761 0.0344
vn 0.2146 -0.9761 0.0345
vn 0.2150 -0.9760 0.0346
vn 0.2153 -0.9759 0.0346
vn 0.2142 -0.9762 0.0344
vn 0.2143 -0.9762 0.0344
vn 0.2154 -0.9759 0.0346
vn 0.1150 -0.5581 -0.8218
vn 0.1555 -0.6936 -0.7033
vn 0.1390 -0.6985 -0.7020
vn 0.0526 -0.8832 -0.4660
vn 0.1921 -0.8623 -0.4686
vn 0.0326 -0.9687 -0.2463
vn 0.2048 -0.9461 -0.2510
vn 0.0330 -0.9814 -0.1889
vn 0.2065 -0.9606 -0.1859
vn 0.1335 -0.9817 -0.1359
vn 0.2987 -0.9446 -0.1364
vn 0.0458 -0.9938 -0.1017
vn 0.2121 -0.9712 -0.1089
vn 0.6160 -0.7771 -0.1292
vn 0.7394 -0.6660 -0.0989
vn 0.7548 -0.6394 -0.1465
vn 0.8944 -0.4363 -0.0988
vn 0.9885 -0.1403 -0.0563
vn 0.9910 -0.1216 -0.0569
vn 0.9933 0.1102 -0.0355
vn 0.3712 -0.8938 -0.2518
vn 0.9935 -0.0935 -0.0650
vn 0.9335 -0.3088 -0.1824
vn 0.3769 -0.8097 -0.4499
vn 0.8777 -0.2555 -0.4055
vn 0.9649 -0.1912 -0.1800
vn 0.9849 0.1700 -0.0341
vn 0.9711 0.2377 -0.0222
vn 0.7321 -0.3426 -0.5888
vn 0.9105 -0.1736 -0.3753
vn 0.9877 0.0176 -0.1551
vn 0.9547 0.2968 -0.0222
vn 0.5277 0.8488 0.0320
vn 0.3782 0.9250 0.0361
vn 0.5224 0.8522 0.0286
vn 0.8254 -0.1872 -0.5326
vn 0.8374 0.0016 -0.5466
vn 0.9680 0.2159 -0.1277
vn 0.9561 0.0224 -0.2922
vn 0.3815 0.9234 0.0413
vn 0.2208 0.9744 0.0429
vn 0.2231 0.9735 0.0496
vn 0.9126 0.1229 -0.3899
vn 0.9364 0.3319 -0.1143
vn 0.5278 0.8493 -0.0061
vn 0.4648 0.8854 0.0015
vn 0.8956 0.4426 0.0444
vn 0.3926 0.9195 0.0167
vn 0.3935 0.9182 0.0452
vn 0.5309 0.8451 -0.0627
vn 0.9437 0.2071 -0.2581
vn 0.5376 0.8408 -0.0632
vn 0.9260 0.2884 -0.2435
vn 0.9104 0.2218 -0.3493
vn 0.5317 0.8371 -0.1287
vn 0.5201 0.8279 -0.2101
vn 0.5290 0.8353 -0.1496
vn -0.0014 -0.0367 -0.9993
vn -0.0013 -0.0370 -0.9993
vn -0.0016 -0.0369 -0.9993
vn -0.0017 -0.0370 -0.9993
vn -0.0015 -0.0369 -0.9993
vn -0.0012 -0.0372 -0.9993
vn -0.0016 -0.0373 -0.9993
vn -0.0011 -0.0373 -0.9993
vn -0.0016 -0.0374 -0.9993
vn -0.0011 -0.0371 -0.9993
vn -0.0013 -0.0373 -0.9993
vn -0.0018 -0.0373 -0.9993
vn -0.0011 -0.0374 -0.9993
vn -0.6093 -0.7825 0.1281
vn -0.8247 0.5227 -0.2160
vn -0.8163 0.5368 -0.2131
vn -0.8806 0.4107 -0.2363
vn -0.7533 0.3713 0.5429
vn -0.7547 0.3688 0.5426
vn -0.7551 0.3682 0.5425
vn -0.8932 0.3796 -0.2411
vn -0.7531 0.3716 0.5429
vn 0.2197 0.9747 -0.0397
vn 0.1460 -0.9892 0.0084
vn -0.9501 -0.2219 -0.2194
vn -0.9529 -0.2120 -0.2170
vn -0.9212 -0.3065 -0.2398
vn -0.8166 -0.2967 0.4951
vn -0.8164 -0.2976 0.4950
vn -0.8163 -0.2978 0.4949
vn -0.9139 -0.3246 -0.2439
vn -0.8166 -0.2966 0.4952
vn -0.5146 0.8566 0.0387
vn -0.8742 0.2505 0.4160
vn 0.0110 0.9417 0.3364
vn -0.9445 0.1769 -0.2767
vn 0.0366 0.9521 -0.3035
vn -0.2713 -0.8347 0.4792
vn -0.8763 0.2338 0.4211
vn -0.1403 -0.9753 -0.1707
vn -0.9322 0.2557 -0.2562
vn -0.2852 -0.9553 0.0779
vn -0.9888 0.1240 -0.0830
vn -0.9876 0.1342 -0.0808
vn -0.9939 0.0494 -0.0989
vn -0.8376 0.0371 0.5450
vn -0.9942 0.0301 -0.1029
vn -0.2001 0.9792 0.0336
vn -0.4623 -0.8792 0.1150
vn -0.9289 0.3191 -0.1880
vn -0.9259 0.3286 -0.1865
vn -0.9478 0.2491 -0.1989
vn -0.8099 0.2529 0.5293
vn -0.8097 0.2535 0.5293
vn -0.8096 0.2536 0.5294
vn -0.9518 0.2311 -0.2015
vn -0.8099 0.2528 0.5293
vn 0.0390 0.9983 -0.0441
vn 0.6093 -0.7825 0.1281
vn 0.8231 0.5251 -0.2163
vn 0.8781 0.4160 -0.2363
vn 0.8149 0.5389 -0.2135
vn 0.7534 0.3719 0.5423
vn 0.7526 0.3732 0.5425
vn 0.7528 0.3729 0.5424
vn 0.8907 0.3855 -0.2410
vn 0.7535 0.3717 0.5423
vn -0.2200 0.9747 -0.0397
vn -0.1458 -0.9893 0.0083
vn 0.9502 -0.2213 -0.2193
vn 0.9232 -0.3012 -0.2385
vn 0.9529 -0.2120 -0.2170
vn 0.8167 -0.2962 0.4952
vn 0.8177 -0.2920 0.4961
vn 0.8175 -0.2928 0.4959
vn 0.9165 -0.3183 -0.2425
vn 0.8166 -0.2967 0.4952
vn 0.5151 0.8563 0.0390
vn 0.8743 0.2489 0.4168
vn -0.0110 0.9417 0.3364
vn 0.9448 0.1751 -0.2771
vn -0.0365 0.9521 -0.3035
vn 0.2712 -0.8350 0.4787
vn 0.8772 0.2317 0.4205
vn 0.1403 -0.9753 -0.1707
vn 0.9327 0.2533 -0.2567
vn 0.2800 -0.9571 0.0744
vn 0.9876 0.1234 -0.0973
vn 0.9924 0.0490 -0.1131
vn 0.9865 0.1336 -0.0950
vn 0.8380 0.0349 0.5445
vn 0.8377 0.0370 0.5449
vn 0.8377 0.0366 0.5449
vn 0.9927 0.0298 -0.1171
vn 0.8381 0.0346 0.5445
vn 0.1968 0.9800 0.0311
vn 0.4623 -0.8792 0.1150
vn 0.9280 0.3215 -0.1885
vn 0.9476 0.2495 -0.1997
vn 0.9249 0.3312 -0.1868
vn 0.8091 0.2550 0.5295
vn 0.8096 0.2536 0.5294
vn 0.8095 0.2539 0.5294
vn 0.9517 0.2310 -0.2024
vn 0.8090 0.2551 0.5296
vn -0.0389 0.9983 -0.0441
vn 0.6747 0.1688 -0.7185
vn 0.3312 -0.4050 -0.8522
vn -0.3312 -0.4050 -0.8522
vn 0.6747 -0.1688 0.7185
vn -0.6639 -0.6037 -0.4413
vn 0.6631 -0.5991 -0.4488
vn 0.0059 0.9999 -0.0106
vn 0.6639 -0.6037 -0.4413
vn -0.6631 -0.5991 -0.4488
vn -0.0059 0.9999 -0.0106
vn -0.0057 0.7934 0.6087
vn 0.0159 -0.7984 -0.6020
vn -0.0079 -0.8057 -0.5923
vn -0.6747 0.1688 -0.7185
vn 0.4436 0.8909 0.0974
vn 0.4880 0.8550 0.1756
vn 0.4797 0.8590 0.1789
vn 0.4395 0.8924 0.1022
vn -0.4445 0.8906 0.0957
vn -0.4881 0.8518 0.1904
vn -0.4800 0.8566 0.1892
vn -0.4407 0.8929 0.0921
vn -0.4400 0.8957 -0.0646
vn -0.4402 0.8957 -0.0627
vn 0.4390 0.8963 -0.0621
vn 0.4394 0.8960 -0.0640
vn -0.4439 0.8664 -0.2287
vn -0.4450 0.8653 -0.2308
vn 0.4437 0.8667 -0.2280
vn 0.4451 0.8657 -0.2289
vn 0.4576 0.7794 -0.4279
vn -0.4594 0.7734 -0.4369
vn 0.4646 0.7745 -0.4293
vn 0.5050 0.6852 -0.5249
vn -0.4662 0.7720 -0.4321
vn 0.5177 0.6765 -0.5238
vn -0.5059 0.6929 -0.5137
vn -0.5168 0.6902 -0.5064
vn 1.0000 -0.0000 0.0030
vn 0.9999 0.0007 -0.0114
vn 1.0000 -0.0004 0.0033
vn 0.9999 0.0009 -0.0104
vn 0.9998 0.0043 -0.0206
vn 0.9998 0.0048 -0.0204
vn 1.0000 -0.0060 0.0077
vn 0.9999 -0.0069 0.0078
vn 0.9998 -0.0094 0.0175
vn 0.9998 -0.0081 0.0174
vn 0.9998 0.0132 0.0168
vn 0.9997 0.0180 0.0147
vn -0.4911 -0.8640 -0.1111
vn -0.4884 -0.8459 -0.2141
vn -0.4879 -0.8463 -0.2140
vn -0.4909 -0.8646 -0.1072
vn 0.4902 -0.8649 -0.1077
vn 0.4884 -0.8462 -0.2131
vn 0.4877 -0.8465 -0.2134
vn -0.4882 -0.8699 0.0703
vn 0.4897 -0.8647 -0.1117
vn -0.4879 -0.8703 0.0679
vn 0.4872 -0.8706 0.0685
vn -0.4785 -0.8451 0.2384
vn 0.4866 -0.8707 0.0709
vn -0.4786 -0.8462 0.2344
vn 0.4779 -0.8464 0.2348
vn -0.4789 -0.7550 0.4480
vn 0.4775 -0.8465 0.2355
vn -0.4791 -0.7564 0.4453
vn 0.4780 -0.7567 0.4461
vn -0.4695 -0.6811 0.5618
vn 0.4779 -0.7552 0.4487
vn -0.4691 -0.6812 0.5620
vn 0.4683 -0.6820 0.5617
vn 0.4678 -0.6823 0.5618
vn 0.9999 -0.0009 0.0106
vn 0.9998 -0.0043 0.0206
vn 0.9998 -0.0049 0.0207
vn 1.0000 -0.0006 0.0099
vn 1.0000 -0.0000 -0.0023
vn 1.0000 0.0006 -0.0023
vn 0.9999 0.0085 -0.0085
vn 0.9999 0.0093 -0.0088
vn 0.9997 0.0078 -0.0217
vn 0.9998 0.0071 -0.0193
vn 0.9999 -0.0100 -0.0133
vn 0.9999 -0.0124 -0.0102
vn -0.3376 -0.7526 0.5653
vn 0.3376 -0.7526 0.5653
vn -0.5063 -0.8624 -0.0046
vn -0.5078 -0.8614 -0.0053
vn -0.5074 -0.8617 -0.0051
vn -0.5058 -0.8627 -0.0044
vn 0.2653 -0.9641 -0.0070
vn 0.2646 -0.9643 -0.0072
vn 0.2647 -0.9643 -0.0072
vn 0.2655 -0.9641 -0.0070
vn 0.7813 -0.6241 -0.0065
vn 0.7840 -0.6207 -0.0056
vn 0.7836 -0.6212 -0.0057
vn 0.7809 -0.6246 -0.0066
vn 0.9997 0.0225 -0.0018
vn 0.9998 0.0192 -0.0026
vn 0.9998 0.0198 -0.0024
vn 0.9997 0.0231 -0.0016
vn 0.0033 -0.0366 -0.9993
vn 0.0025 -0.0133 -0.9999
vn 0.0156 -0.0569 -0.9983
vn 0.0010 -0.0209 -0.9998
vn -0.0001 0.0028 -1.0000
vn -0.0026 0.0347 -0.9994
vn -0.0056 0.0205 -0.9998
vn -0.0025 0.0184 -0.9998
vn -0.0006 0.0132 -0.9999
vn -0.0000 -0.0000 -1.0000
vn 0.3580 -0.9337 -0.0074
vn -0.3604 -0.9061 0.2217
vn -0.3364 -0.9410 0.0362
vn -0.3627 -0.8984 0.2475
vn -0.3325 -0.9430 0.0127
vn -0.0925 -0.1812 0.9791
vn -0.0678 -0.1962 0.9782
vn -0.0677 -0.1960 0.9783
vn -0.0939 -0.1805 0.9791
vn -0.1339 -0.1563 0.9786
vn -0.1332 -0.1577 0.9785
vn -0.1554 -0.1549 0.9756
vn -0.1563 -0.1560 0.9753
vn 0.3687 0.7307 0.5746
vn 0.2724 0.8092 0.5206
vn 0.2722 0.8061 0.5255
vn 0.3700 0.7280 0.5771
vn 0.4639 0.6743 0.5745
vn 0.4638 0.6741 0.5748
vn 0.2055 0.3947 0.8956
vn 0.1077 0.3495 0.9307
vn 0.1024 0.3399 0.9349
vn 0.1997 0.3998 0.8946
vn -0.3624 -0.7156 0.5972
vn -0.2727 -0.7863 0.5544
vn -0.2746 -0.7891 0.5494
vn 0.2819 0.3431 0.8960
vn -0.3573 -0.7163 0.5994
vn 0.2869 0.3384 0.8962
vn -0.4585 -0.6616 0.5933
vn -0.4585 -0.6616 0.5934
vn 0.3216 0.3143 0.8932
vn 0.3225 0.3149 0.8926
vn -0.6238 -0.7313 0.2759
vn -0.5540 -0.8002 0.2298
vn -0.5543 -0.7984 0.2353
vn -0.6184 -0.7351 0.2779
vn -0.6825 -0.6774 0.2743
vn -0.6826 -0.6778 0.2731
vn 0.5900 0.5761 0.5657
vn 0.5849 0.5674 0.5797
vn 0.5907 0.5773 0.5637
vn 0.5842 0.5663 0.5814
vn 0.5851 0.5676 -0.5792
vn 0.5752 0.5622 -0.5942
vn 0.5862 0.5682 -0.5774
vn 0.5739 0.5615 -0.5961
vn -0.3180 -0.9214 0.2232
vn -0.2918 -0.9558 0.0373
vn -0.3209 -0.9136 0.2498
vn -0.2876 -0.9577 0.0132
vn 0.0874 0.1807 -0.9796
vn 0.0591 0.1972 -0.9786
vn 0.0592 0.1975 -0.9785
vn 0.0881 0.1805 -0.9796
vn 0.1320 0.1579 -0.9786
vn 0.1311 0.1597 -0.9784
vn 0.1518 0.1570 -0.9759
vn 0.1527 0.1582 -0.9755
vn -0.3527 -0.7384 -0.5748
vn -0.2349 -0.8164 -0.5275
vn -0.2349 -0.8193 -0.5230
vn -0.3523 -0.7367 -0.5772
vn -0.4644 -0.6739 -0.5746
vn -0.4644 -0.6737 -0.5749
vn -0.1977 -0.3977 -0.8959
vn -0.0779 -0.3252 -0.9424
vn -0.0841 -0.3374 -0.9376
vn -0.1925 -0.4035 -0.8945
vn 0.3461 0.7252 -0.5952
vn 0.2511 0.8204 -0.5138
vn 0.2483 0.8160 -0.5220
vn -0.2750 -0.3485 -0.8960
vn 0.3420 0.7243 -0.5986
vn -0.2794 -0.3446 -0.8962
vn 0.4584 0.6627 -0.5922
vn 0.4583 0.6627 -0.5923
vn -0.3111 -0.3308 -0.8909
vn -0.3126 -0.3318 -0.8901
vn -0.6107 -0.7433 0.2730
vn -0.5536 -0.8004 0.2298
vn -0.5539 -0.7987 0.2351
vn -0.6059 -0.7465 0.2750
vn -0.6589 -0.7013 0.2722
vn -0.6589 -0.7016 0.2712
vn 0.5698 0.5986 0.5630
vn 0.5643 0.5883 0.5792
vn 0.5706 0.6002 0.5605
vn 0.5635 0.5869 0.5813
vn 0.5689 0.5870 -0.5761
vn 0.5577 0.5804 -0.5934
vn 0.5702 0.5877 -0.5740
vn 0.5562 0.5795 -0.5957
vn -0.5060 -0.8625 -0.0050
vn -0.5067 -0.8621 -0.0053
vn -0.5065 -0.8623 -0.0052
vn -0.5058 -0.8626 -0.0050
vn 0.2653 -0.9641 -0.0076
vn 0.2646 -0.9643 -0.0078
vn 0.2647 -0.9643 -0.0078
vn 0.2655 -0.9641 -0.0076
vn 0.7811 -0.6243 -0.0065
vn 0.7828 -0.6222 -0.0060
vn 0.7826 -0.6225 -0.0061
vn -0.0036 0.0401 0.9992
vn -0.0171 0.0624 0.9979
vn -0.0028 0.0148 0.9999
vn -0.0011 0.0230 0.9997
vn 0.0001 -0.0028 1.0000
vn 0.0026 -0.0347 0.9994
vn 0.0025 -0.0184 0.9998
vn 0.0056 -0.0205 0.9998
vn 0.0006 -0.0132 0.9999
vn -0.0000 -0.0000 1.0000
vn -0.0013 -1.0000 0.0021
vn -0.0012 -1.0000 0.0020
vn -0.0021 -1.0000 0.0022
vn -0.0023 -1.0000 0.0023
vn 0.0004 0.1675 0.9859
vn 0.9984 -0.0414 -0.0394
vn 0.9975 0.0006 -0.0712
vn 0.9974 -0.0071 -0.0722
vn 0.9975 -0.0547 -0.0436
vn 0.9968 0.0068 0.0794
vn 0.9968 -0.0007 0.0804
vn 0.9985 0.0418 0.0358
vn 0.9986 0.0413 0.0329
vn -0.0021 -1.0000 -0.0092
vn -0.0013 -1.0000 -0.0090
vn -0.0023 -1.0000 -0.0093
vn -0.0012 -1.0000 -0.0090
vn 0.0001 0.0536 0.9986
vn 0.2816 0.1250 0.9513
vn -0.2826 0.1249 0.9511
vn 0.9914 0.1052 0.0783
vn 0.9912 0.1051 0.0800
vn 0.9898 0.1039 0.0973
vn 0.9925 0.1063 0.0609
vn 0.4887 -0.6485 0.5836
vn 0.5038 -0.6509 0.5679
vn 0.5388 -0.6553 0.5294
vn 0.4432 -0.6397 0.6280
vn -0.4908 -0.6593 0.5695
vn -0.5060 -0.6434 0.5744
vn -0.5471 -0.5973 0.5864
vn -0.4426 -0.7061 0.5527
vn 0.9913 -0.1049 -0.0798
vn 0.9934 -0.0828 -0.0800
vn 0.9914 -0.1032 -0.0799
vn 0.9889 -0.1252 -0.0797
vn -0.0021 -0.8205 0.5716
vn -0.0020 -0.8206 0.5715
vn -0.0022 -0.8205 0.5717
vn 0.0084 0.8010 0.5986
vn 0.0057 0.7985 0.6019
vn -0.0007 0.7985 0.6020
vn 0.0023 0.8005 0.5993
vn -0.0217 0.7930 0.6089
vn 0.5063 -0.8624 -0.0046
vn 0.5074 -0.8617 -0.0051
vn 0.5078 -0.8614 -0.0053
vn 0.5058 -0.8627 -0.0044
vn -0.2653 -0.9641 -0.0070
vn -0.2647 -0.9643 -0.0072
vn -0.2646 -0.9643 -0.0072
vn -0.2655 -0.9641 -0.0070
vn -0.7813 -0.6241 -0.0065
vn -0.7809 -0.6246 -0.0066
vn -0.7836 -0.6213 -0.0057
vn -0.7840 -0.6207 -0.0056
vn -0.9997 0.0225 -0.0018
vn -0.9997 0.0231 -0.0016
vn -0.9998 0.0198 -0.0024
vn -0.9998 0.0192 -0.0026
vn -0.0033 -0.0366 -0.9993
vn -0.0156 -0.0569 -0.9983
vn -0.0025 -0.0133 -0.9999
vn -0.0010 -0.0209 -0.9998
vn 0.0001 0.0028 -1.0000
vn 0.0026 0.0347 -0.9994
vn 0.0025 0.0184 -0.9998
vn 0.0056 0.0205 -0.9998
vn 0.0006 0.0132 -0.9999
vn -0.3580 -0.9337 -0.0074
vn 0.3604 -0.9061 0.2217
vn 0.3364 -0.9410 0.0362
vn 0.3325 -0.9430 0.0127
vn 0.3627 -0.8984 0.2475
vn 0.0925 -0.1812 0.9791
vn 0.0677 -0.1960 0.9783
vn 0.0678 -0.1962 0.9782
vn 0.0939 -0.1805 0.9791
vn 0.1339 -0.1563 0.9786
vn 0.1332 -0.1577 0.9785
vn 0.1554 -0.1549 0.9756
vn 0.1563 -0.1560 0.9753
vn -0.3687 0.7307 0.5746
vn -0.2722 0.8061 0.5255
vn -0.2724 0.8092 0.5206
vn -0.3700 0.7280 0.5771
vn -0.4639 0.6743 0.5745
vn -0.4638 0.6741 0.5748
vn -0.2055 0.3947 0.8956
vn -0.1024 0.3399 0.9349
vn -0.1077 0.3495 0.9307
vn -0.1997 0.3998 0.8946
vn 0.3624 -0.7156 0.5972
vn 0.2746 -0.7891 0.5494
vn 0.2727 -0.7863 0.5544
vn -0.2819 0.3431 0.8960
vn 0.3573 -0.7162 0.5994
vn -0.2869 0.3384 0.8962
vn 0.4585 -0.6616 0.5933
vn 0.4585 -0.6616 0.5934
vn -0.3216 0.3143 0.8932
vn -0.3225 0.3149 0.8926
vn 0.6238 -0.7313 0.2759
vn 0.5543 -0.7984 0.2353
vn 0.5540 -0.8002 0.2298
vn 0.6184 -0.7351 0.2779
vn 0.6825 -0.6774 0.2743
vn 0.6826 -0.6778 0.2731
vn -0.5900 0.5761 0.5657
vn -0.5907 0.5773 0.5637
vn -0.5849 0.5674 0.5797
vn -0.5842 0.5663 0.5814
vn -0.5851 0.5676 -0.5792
vn -0.5862 0.5682 -0.5774
vn -0.5752 0.5622 -0.5942
vn -0.5739 0.5615 -0.5961
vn 0.3180 -0.9214 0.2232
vn 0.2918 -0.9558 0.0373
vn 0.2876 -0.9577 0.0132
vn 0.3209 -0.9136 0.2498
vn -0.0874 0.1807 -0.9796
vn -0.0592 0.1975 -0.9785
vn -0.0591 0.1972 -0.9786
vn -0.0881 0.1805 -0.9796
vn -0.1320 0.1579 -0.9786
vn -0.1311 0.1597 -0.9784
vn -0.1518 0.1570 -0.9759
vn -0.1527 0.1582 -0.9755
vn 0.3527 -0.7384 -0.5748
vn 0.2349 -0.8193 -0.5230
vn 0.2349 -0.8164 -0.5275
vn 0.3523 -0.7367 -0.5772
vn 0.4644 -0.6739 -0.5746
vn 0.4644 -0.6737 -0.5749
vn 0.1977 -0.3977 -0.8959
vn 0.0841 -0.3374 -0.9376
vn 0.0779 -0.3252 -0.9424
vn 0.1925 -0.4035 -0.8945
vn -0.3461 0.7252 -0.5952
vn -0.2483 0.8160 -0.5220
vn -0.2511 0.8204 -0.5138
vn 0.2750 -0.3485 -0.8960
vn -0.3420 0.7243 -0.5986
vn 0.2794 -0.3446 -0.8962
vn -0.4584 0.6627 -0.5922
vn -0.4583 0.6627 -0.5923
vn 0.3111 -0.3308 -0.8909
vn 0.3126 -0.3318 -0.8901
vn 0.6107 -0.7433 0.2730
vn 0.5539 -0.7987 0.2351
vn 0.5536 -0.8004 0.2298
vn 0.6059 -0.7465 0.2750
vn 0.6589 -0.7013 0.2722
vn 0.6589 -0.7016 0.2712
vn -0.5698 0.5986 0.5630
vn -0.5706 0.6002 0.5605
vn -0.5643 0.5883 0.5792
vn -0.5635 0.5869 0.5813
vn -0.5689 0.5870 -0.5761
vn -0.5702 0.5877 -0.5740
vn -0.5577 0.5804 -0.5934
vn -0.5562 0.5795 -0.5957
vn 0.5060 -0.8625 -0.0050
vn 0.5064 -0.8623 -0.0052
vn 0.5066 -0.8621 -0.0053
vn 0.5058 -0.8626 -0.0050
vn -0.2653 -0.9641 -0.0076
vn -0.2647 -0.9643 -0.0078
vn -0.2646 -0.9643 -0.0078
vn -0.2655 -0.9641 -0.0076
vn -0.7811 -0.6243 -0.0065
vn -0.7826 -0.6225 -0.0061
vn -0.7828 -0.6222 -0.0060
vn 0.0036 0.0401 0.9992
vn 0.0028 0.0148 0.9999
vn 0.0171 0.0624 0.9979
vn 0.0011 0.0230 0.9997
vn -0.0001 -0.0028 1.0000
vn -0.0026 -0.0347 0.9994
vn -0.0056 -0.0205 0.9998
vn -0.0025 -0.0184 0.9998
vn -0.0006 -0.0132 0.9999
vn 0.0013 -1.0000 0.0021
vn 0.0023 -1.0000 0.0023
vn 0.0021 -1.0000 0.0022
vn 0.0012 -1.0000 0.0020
vn -0.0004 0.1675 0.9859
vn -0.9984 -0.0414 -0.0394
vn -0.9974 -0.0071 -0.0722
vn -0.9975 0.0006 -0.0712
vn -0.9975 -0.0547 -0.0436
vn -0.9968 0.0068 0.0794
vn -0.9985 0.0418 0.0358
vn -0.9968 -0.0007 0.0804
vn -0.9986 0.0413 0.0329
vn 0.0021 -1.0000 -0.0092
vn 0.0013 -1.0000 -0.0090
vn 0.0012 -1.0000 -0.0090
vn 0.0023 -1.0000 -0.0093
vn -0.0001 0.0536 0.9986
vn -0.2816 0.1250 0.9513
vn 0.2826 0.1249 0.9511
vn -0.9914 0.1052 0.0783
vn -0.9912 0.1051 0.0800
vn -0.9925 0.1063 0.0609
vn -0.9898 0.1039 0.0973
vn -0.4887 -0.6485 0.5836
vn -0.5388 -0.6554 0.5294
vn -0.5038 -0.6509 0.5679
vn -0.4432 -0.6397 0.6280
vn 0.4908 -0.6593 0.5695
vn 0.5471 -0.5973 0.5864
vn 0.5060 -0.6434 0.5744
vn 0.4426 -0.7061 0.5527
vn -0.9913 -0.1049 -0.0798
vn -0.9889 -0.1252 -0.0797
vn -0.9914 -0.1032 -0.0799
vn -0.9934 -0.0828 -0.0800
vn 0.0021 -0.8205 0.5716
vn 0.0022 -0.8205 0.5717
vn 0.0020 -0.8206 0.5715
vn -0.0000 -0.8539 -0.5205
vn -0.0000 -0.8330 0.5532
vn -0.0000 0.3545 0.9351
vn -0.0000 0.8582 -0.5133
vn -0.0000 -0.3353 -0.9421
vn -0.0000 -0.3354 -0.9421
vn -0.0000 -0.9999 0.0159
vn -0.0000 -0.2057 0.9786
vn -0.0000 0.2057 -0.9786
vn -0.4436 -0.8909 -0.0974
vn -0.4797 -0.8590 -0.1789
vn -0.4880 -0.8550 -0.1756
vn -0.4395 -0.8924 -0.1022
vn 0.4445 -0.8906 -0.0957
vn 0.4800 -0.8566 -0.1892
vn 0.4881 -0.8518 -0.1904
vn 0.4407 -0.8929 -0.0921
vn 0.4400 -0.8957 0.0646
vn 0.4402 -0.8957 0.0627
vn -0.4390 -0.8963 0.0621
vn -0.4394 -0.8960 0.0640
vn 0.4448 -0.8660 0.2285
vn 0.4459 -0.8648 0.2306
vn -0.4437 -0.8667 0.2280
vn -0.4451 -0.8657 0.2289
vn -0.4576 -0.7794 0.4279
vn 0.4595 -0.7733 0.4370
vn -0.4646 -0.7745 0.4293
vn -0.5050 -0.6852 0.5249
vn 0.4662 -0.7719 0.4322
vn -0.5177 -0.6765 0.5238
vn 0.5059 -0.6929 0.5137
vn 0.5168 -0.6902 0.5064
vn -1.0000 -0.0000 -0.0030
vn -1.0000 0.0004 -0.0033
vn -0.9999 -0.0007 0.0114
vn -0.9999 -0.0009 0.0104
vn -0.9998 -0.0043 0.0206
vn -0.9998 -0.0048 0.0204
vn -1.0000 0.0060 -0.0077
vn -0.9999 0.0069 -0.0078
vn -0.9998 0.0094 -0.0175
vn -0.9998 0.0081 -0.0174
vn -0.9998 -0.0132 -0.0168
vn -0.9997 -0.0179 -0.0147
vn -0.9999 0.0009 -0.0106
vn -0.9998 0.0049 -0.0207
vn -0.9998 0.0043 -0.0206
vn -1.0000 0.0006 -0.0099
vn -1.0000 -0.0000 0.0026
vn -1.0000 -0.0004 0.0025
vn -1.0000 -0.0061 0.0075
vn -0.9999 -0.0070 0.0079
vn -0.9997 -0.0076 0.0216
vn -0.9998 -0.0071 0.0193
vn -0.9999 0.0100 0.0133
vn -0.9999 0.0124 0.0102
vn -0.7459 0.4638 0.4780
vn -0.8003 0.4176 0.4303
vn -0.7431 0.4660 0.4802
vn -0.6377 0.5364 0.5528
vn -0.6359 0.5373 0.5540
vn -0.5049 0.5995 0.6211
vn -0.5031 0.5894 0.6321
vn -0.3405 0.6151 0.7112
vn -0.4219 0.4285 0.7990
vn -0.2529 0.5564 0.7915
vn -0.1504 0.7341 0.6621
vn -0.1449 0.7502 0.6451
vn -0.0525 0.7586 0.6494
vn -0.0532 0.7589 0.6491
vn 0.0022 0.7591 0.6510
vn 0.0026 0.7586 0.6515
vn -0.8733 0.4638 0.1493
vn -0.9354 0.3052 0.1786
vn -0.8936 0.4107 0.1811
vn -0.9573 0.2171 0.1910
vn -0.9809 0.0569 0.1858
vn -0.9863 0.0561 0.1549
vn -0.9847 -0.0308 0.1714
vn -0.9910 0.0372 0.1287
vn -0.7177 0.6623 0.2150
vn -0.7858 0.4896 0.3778
vn -0.8430 0.4490 0.2963
vn -0.7577 0.6279 0.1776
vn -0.9073 0.3265 0.2650
vn -0.6060 0.7701 0.1991
vn -0.8640 0.4435 0.2385
vn -0.7364 0.5682 0.3673
vn -0.9404 0.2343 0.2465
vn -0.9069 0.2730 0.3209
vn -0.9404 0.2250 0.2551
vn -0.9112 0.1931 0.3638
vn -0.8147 0.2682 0.5141
vn -0.8005 0.3596 0.4794
vn -0.6623 0.3378 0.6688
vn -0.6149 0.4702 0.6331
vn -0.4972 0.4099 0.7647
vn -0.6359 0.7381 0.2254
vn -0.4663 0.8176 0.3378
vn -0.4469 0.8569 0.2569
vn -0.3797 0.5486 0.7449
vn -0.2950 0.4621 0.8363
vn -0.1737 0.4317 0.8851
vn -0.5319 0.6723 0.5148
vn -0.2625 0.8777 0.4009
vn -0.3181 0.8740 0.3673
vn -0.3167 0.7563 0.5724
vn -0.1669 0.5531 0.8162
vn -0.1187 0.8929 0.4343
vn -0.1941 0.8896 0.4135
vn -0.0440 0.9123 0.4071
vn -0.1357 0.7863 0.6028
vn -0.0500 0.8915 0.4503
vn 0.0024 0.9116 0.4110
vn -0.0617 0.7843 0.6174
vn -0.0671 0.5409 0.8384
vn -0.0661 0.3959 0.9159
vn 0.7472 0.4628 0.4770
vn 0.7444 0.4650 0.4792
vn 0.8015 0.4164 0.4292
vn 0.6392 0.5355 0.5519
vn 0.6375 0.5365 0.5529
vn 0.5070 0.6002 0.6186
vn 0.5049 0.5906 0.6295
vn 0.3440 0.6168 0.7080
vn 0.4247 0.4315 0.7959
vn 0.2582 0.5599 0.7873
vn 0.1543 0.7342 0.6612
vn 0.1485 0.7503 0.6443
vn 0.0553 0.7576 0.6503
vn 0.0552 0.7577 0.6503
vn 0.0012 0.7586 0.6515
vn 0.8693 0.4908 0.0585
vn 0.9032 0.4170 0.1021
vn 0.9435 0.3134 0.1081
vn 0.9700 0.1879 0.1545
vn 0.9848 0.0464 0.1675
vn 0.9874 0.0395 0.1531
vn 0.9852 -0.0289 0.1687
vn 0.9911 0.0359 0.1280
vn 0.0523 0.8915 0.4500
vn 0.0464 0.9122 0.4070
vn 0.0008 0.9116 0.4110
vn 0.1208 0.8927 0.4342
vn 0.1981 0.8882 0.4146
vn 0.0643 0.7844 0.6169
vn 0.3208 0.8732 0.3669
vn 0.1383 0.7862 0.6023
vn 0.0700 0.5414 0.8378
vn 0.2646 0.8774 0.4001
vn 0.4488 0.8560 0.2564
vn 0.1698 0.5534 0.8154
vn 0.0690 0.3960 0.9156
vn 0.4822 0.8075 0.3397
vn 0.5921 0.7822 0.1940
vn 0.3191 0.7564 0.5710
vn 0.1769 0.4321 0.8843
vn 0.3823 0.5493 0.7430
vn 0.2980 0.4627 0.8349
vn 0.4998 0.4110 0.7624
vn 0.5371 0.6749 0.5060
vn 0.6167 0.4715 0.6304
vn 0.6644 0.3394 0.6659
vn 0.6427 0.7282 0.2380
vn 0.7092 0.6704 0.2183
vn 0.7386 0.5732 0.3549
vn 0.8027 0.3629 0.4732
vn 0.8159 0.2702 0.5113
vn 0.8994 0.2972 0.3206
vn 0.9118 0.1950 0.3614
vn 0.9406 0.2256 0.2539
vn 0.9561 0.1683 0.2401
vn 0.9216 0.2930 0.2544
vn 0.8610 0.4477 0.2412
vn 0.7464 0.6265 0.2244
vn 0.7885 0.5694 0.2324
vn 0.8395 0.4785 0.2576
vt 0.388700 -0.309900
vt 0.389200 -0.309100
vt 0.390100 -0.303800
vt 0.616000 -0.579300
vt 0.615600 -0.578300
vt 0.614200 -0.579200
vt 0.446200 -0.304200
vt 0.445400 -0.307100
vt 0.397400 -0.305600
vt 0.397100 -0.304700
vt 0.441600 -0.307200
vt 0.441500 -0.304300
vt 0.391400 -0.307800
vt 0.373700 -0.307800
vt 0.381700 -0.307800
vt 0.372800 -0.507500
vt 0.370200 -0.503200
vt 0.354600 -0.503200
vt 0.342800 -0.527100
vt 0.341900 -0.503200
vt 0.436700 -0.306700
vt 0.431000 -0.304000
vt 0.411900 -0.304000
vt 0.197800 -0.923800
vt 0.163600 -0.926800
vt 0.162800 -0.923900
vt 0.413900 -0.306400
vt 0.432000 -0.306400
vt 0.423900 -0.305000
vt 0.485000 -0.873300
vt 0.485300 -0.869100
vt 0.485600 -0.873300
vt 0.429400 -0.847900
vt 0.428800 -0.847700
vt 0.429900 -0.845400
vt 0.498000 -0.845700
vt 0.494700 -0.846700
vt 0.495900 -0.845600
vt 0.497900 -0.845200
vt 0.227600 -0.695100
vt 0.230300 -0.695100
vt 0.221200 -0.687000
vt 0.221100 -0.695100
vt 0.214800 -0.695100
vt 0.211800 -0.695100
vt 0.897800 -0.523000
vt 0.904400 -0.516000
vt 0.903500 -0.515200
vt 0.910200 -0.532800
vt 0.910900 -0.531800
vt 0.898200 -0.524400
vt 0.935100 -0.564700
vt 0.909100 -0.534500
vt 0.932200 -0.564500
vt 0.897500 -0.521100
vt 0.902200 -0.515200
vt 0.901900 -0.513100
vt 0.901000 -0.513500
vt 0.889300 -0.523900
vt 0.889100 -0.522200
vt 0.882800 -0.528800
vt 0.883400 -0.527200
vt 0.880300 -0.525400
vt 0.881900 -0.525400
vt 0.908300 -0.532900
vt 0.897900 -0.526000
vt 0.889100 -0.525600
vt 0.887900 -0.524700
vt 0.887900 -0.523300
vt 0.838500 -0.585900
vt 0.841800 -0.598700
vt 0.832600 -0.589000
vt 0.925100 -0.908400
vt 0.976100 -0.915200
vt 0.942700 -0.907500
vt 0.960300 -0.907300
vt 0.976100 -0.906100
vt 0.993200 -0.911400
vt 0.993200 -0.916200
vt 0.988800 -0.907300
vt 0.996000 -0.909000
vt 0.995700 -0.911400
vt 0.707900 -0.789300
vt 0.746200 -0.791300
vt 0.710500 -0.789300
vt 0.173500 -0.452900
vt 0.173500 -0.433500
vt 0.156100 -0.443300
vt 0.211600 -0.452200
vt 0.203600 -0.442000
vt 0.203800 -0.454800
vt 0.211400 -0.452200
vt 0.204200 -0.454800
vt 0.204100 -0.442000
vt 0.203700 -0.442000
vt 0.191000 -0.463500
vt 0.189600 -0.461300
vt 0.192900 -0.466300
vt 0.212400 -0.452000
vt 0.204000 -0.442000
vt 0.211400 -0.452000
vt 0.203400 -0.454800
vt 0.211200 -0.450700
vt 0.211400 -0.450700
vt 0.204600 -0.454800
vt 0.204400 -0.442000
vt 0.760900 -0.174100
vt 0.764500 -0.166000
vt 0.761200 -0.165600
vt 0.761200 -0.174100
vt 0.760900 -0.165600
vt 0.764500 -0.173800
vt 0.764500 -0.170000
vt 0.761700 -0.174000
vt 0.760900 -0.174000
vt 0.761700 -0.165600
vt 0.764500 -0.169600
vt 0.882000 -0.038700
vt 0.836700 -0.084500
vt 0.882000 -0.044400
vt 0.882000 -0.050100
vt 0.882000 -0.055900
vt 0.882000 -0.061600
vt 0.882000 -0.067300
vt 0.882000 -0.073100
vt 0.882000 -0.078800
vt 0.882000 -0.084500
vt 0.882000 -0.090300
vt 0.882000 -0.096000
vt 0.882000 -0.101700
vt 0.882000 -0.107500
vt 0.882000 -0.113200
vt 0.882000 -0.118900
vt 0.882000 -0.124700
vt 0.882000 -0.130400
vt 0.753100 -0.635300
vt 0.748100 -0.629200
vt 0.753600 -0.623100
vt 0.753400 -0.635300
vt 0.753300 -0.623100
vt 0.666500 -0.474000
vt 0.670600 -0.462600
vt 0.669400 -0.433200
vt 0.512900 -0.433200
vt 0.515800 -0.474000
vt 0.538600 -0.480700
vt 0.634300 -0.482200
vt 0.653200 -0.479100
vt 0.591200 -0.483700
vt 0.614600 -0.483600
vt 0.511800 -0.462600
vt 0.962200 -0.102900
vt 0.966000 -0.101800
vt 0.964900 -0.104800
vt 0.965000 -0.104700
vt 0.966100 -0.101700
vt 0.962300 -0.102800
vt 0.930900 -0.092100
vt 0.929900 -0.097900
vt 0.936300 -0.100800
vt 0.935600 -0.098600
vt 0.934700 -0.092700
vt 0.929100 -0.101400
vt 0.016800 -0.409700
vt 0.017400 -0.395100
vt 0.017500 -0.395100
vt 0.015200 -0.409500
vt 0.013500 -0.409300
vt 0.014300 -0.397300
vt 0.015100 -0.409500
vt 0.004700 -0.435100
vt 0.004300 -0.394600
vt 0.004200 -0.394600
vt 0.003100 -0.435200
vt 0.001400 -0.435100
vt 0.001800 -0.396600
vt 0.003000 -0.435200
vt 0.005000 -0.437100
vt 0.001100 -0.437200
vt 0.003100 -0.439300
vt 0.005100 -0.437100
vt 0.001200 -0.437200
vt 0.003200 -0.439200
vt 0.725500 -0.350800
vt 0.742700 -0.354200
vt 0.738900 -0.352800
vt 0.725500 -0.351700
vt 0.725400 -0.351700
vt 0.742600 -0.354300
vt 0.738800 -0.352800
vt 0.725400 -0.350800
vt 0.704900 -0.354100
vt 0.709900 -0.352600
vt 0.705100 -0.347200
vt 0.701800 -0.350600
vt 0.683000 -0.606100
vt 0.687000 -0.606500
vt 0.683200 -0.606500
vt 0.686800 -0.606100
vt 0.679000 -0.513800
vt 0.679000 -0.514300
vt 0.682800 -0.513800
vt 0.682800 -0.514300
vt 0.682100 -0.598400
vt 0.681300 -0.549900
vt 0.679600 -0.549900
vt 0.678800 -0.598400
vt 0.683500 -0.549800
vt 0.684200 -0.598300
vt 0.677100 -0.598400
vt 0.676300 -0.549900
vt 0.676700 -0.598400
vt 0.683400 -0.549900
vt 0.677500 -0.549800
vt 0.684100 -0.598400
vt 0.688700 -0.593300
vt 0.680100 -0.593300
vt 0.680100 -0.605500
vt 0.688600 -0.605400
vt 0.680100 -0.605400
vt 0.688600 -0.605500
vt 0.260400 -0.362600
vt 0.261200 -0.349300
vt 0.215200 -0.352000
vt 0.215200 -0.349300
vt 0.215900 -0.362600
vt 0.261200 -0.352000
vt 0.261000 -0.358600
vt 0.222100 -0.351900
vt 0.215300 -0.360600
vt 0.253600 -0.352100
vt 0.260400 -0.360800
vt 0.214700 -0.358400
vt 0.250500 -0.354500
vt 0.246200 -0.345300
vt 0.253400 -0.349400
vt 0.224200 -0.350400
vt 0.229600 -0.345300
vt 0.228300 -0.354600
vt 0.134300 -0.502500
vt 0.139500 -0.505400
vt 0.134500 -0.508500
vt 0.205000 -0.358300
vt 0.206100 -0.357000
vt 0.207300 -0.358300
vt 0.182900 -0.358300
vt 0.185100 -0.358300
vt 0.184000 -0.357000
vt 0.252000 -0.354800
vt 0.244700 -0.366400
vt 0.242700 -0.350800
vt 0.240900 -0.349800
vt 0.232000 -0.345300
vt 0.232000 -0.348400
vt 0.197500 -0.836500
vt 0.194900 -0.835900
vt 0.200100 -0.835900
vt 0.001500 -0.971100
vt 0.001600 -0.971000
vt 0.016600 -0.960900
vt 0.001700 -0.971000
vt 0.378600 -0.857600
vt 0.372800 -0.865300
vt 0.372800 -0.851500
vt 0.378600 -0.865300
vt 0.382500 -0.857600
vt 0.378600 -0.867900
vt 0.374600 -0.865300
vt 0.374600 -0.867900
vt 0.382500 -0.867900
vt 0.386400 -0.867900
vt 0.386400 -0.857600
vt 0.390300 -0.857600
vt 0.390300 -0.867900
vt 0.394200 -0.857600
vt 0.394200 -0.867900
vt 0.398100 -0.865300
vt 0.398100 -0.857600
vt 0.398100 -0.867900
vt 0.403500 -0.865300
vt 0.402300 -0.851500
vt 0.402100 -0.865300
vt 0.402100 -0.867900
vt 0.406100 -0.867900
vt 0.406100 -0.865300
vt 0.389000 -0.875700
vt 0.394200 -0.875700
vt 0.394200 -0.881000
vt 0.355300 -0.875700
vt 0.350400 -0.875700
vt 0.350400 -0.881000
vt 0.405900 -0.871600
vt 0.398200 -0.871600
vt 0.402000 -0.876600
vt 0.420300 -0.854700
vt 0.420100 -0.853700
vt 0.421400 -0.860500
vt 0.261400 -0.814300
vt 0.345200 -0.840400
vt 0.345100 -0.841100
vt 0.261800 -0.813900
vt 0.245200 -0.808400
vt 0.345400 -0.840600
vt 0.345500 -0.839900
vt 0.347300 -0.841800
vt 0.245000 -0.808600
vt 0.345400 -0.840100
vt 0.254300 -0.811400
vt 0.245100 -0.808400
vt 0.231400 -0.821900
vt 0.343400 -0.852700
vt 0.350700 -0.858500
vt 0.223700 -0.828100
vt 0.213500 -0.836600
vt 0.341500 -0.867000
vt 0.161100 -0.877600
vt 0.339800 -0.880100
vt 0.339000 -0.886900
vt 0.160900 -0.884900
vt 0.338500 -0.893300
vt 0.160800 -0.893400
vt 0.358700 -0.850000
vt 0.360700 -0.853900
vt 0.354300 -0.859600
vt 0.348300 -0.866400
vt 0.351800 -0.867100
vt 0.355600 -0.860400
vt 0.359900 -0.856900
vt 0.354000 -0.865200
vt 0.358500 -0.862600
vt 0.349100 -0.859600
vt 0.356800 -0.851700
vt 0.245000 -0.808500
vt 0.108400 -0.854400
vt 0.110400 -0.854300
vt 0.110400 -0.837300
vt 0.110400 -0.871400
vt 0.022300 -0.623100
vt 0.020100 -0.622800
vt 0.022300 -0.551200
vt 0.020300 -0.554600
vt 0.023200 -0.623100
vt 0.023200 -0.551200
vt 0.022600 -0.623100
vt 0.022600 -0.551200
vt 0.020500 -0.622700
vt 0.020800 -0.554600
vt 0.636100 -0.556100
vt 0.635200 -0.554500
vt 0.636500 -0.555800
vt 0.612200 -0.575800
vt 0.607800 -0.576400
vt 0.608400 -0.579300
vt 0.602300 -0.579300
vt 0.603700 -0.574700
vt 0.602800 -0.575700
vt 0.601400 -0.579300
vt 0.601900 -0.575700
vt 0.603200 -0.574100
vt 0.192900 -0.808000
vt 0.161000 -0.808000
vt 0.192800 -0.809300
vt 0.160200 -0.809200
vt 0.996500 -0.154200
vt 0.996600 -0.192000
vt 0.951300 -0.156800
vt 0.951300 -0.192000
vt 0.911000 -0.162300
vt 0.911000 -0.192000
vt 0.498600 -0.533400
vt 0.498600 -0.531400
vt 0.457200 -0.531300
vt 0.457100 -0.529300
vt 0.454000 -0.304400
vt 0.434100 -0.304900
vt 0.453400 -0.302700
vt 0.434700 -0.306600
vt 0.424500 -0.306000
vt 0.420000 -0.307800
vt 0.414300 -0.306100
vt 0.405600 -0.307300
vt 0.405000 -0.305600
vt 0.396300 -0.305900
vt 0.395700 -0.304200
vt 0.388500 -0.303300
vt 0.389900 -0.302300
vt 0.465900 -0.305600
vt 0.393600 -0.305800
vt 0.393200 -0.307900
vt 0.465800 -0.307900
vt 0.453900 -0.304900
vt 0.434500 -0.307300
vt 0.452900 -0.303200
vt 0.433400 -0.305600
vt 0.424800 -0.308500
vt 0.423800 -0.306800
vt 0.414100 -0.308500
vt 0.413000 -0.306900
vt 0.404000 -0.307800
vt 0.403000 -0.306100
vt 0.393800 -0.306100
vt 0.392700 -0.304400
vt 0.385100 -0.303900
vt 0.386300 -0.302800
vt 0.401100 -0.304900
vt 0.411400 -0.305300
vt 0.402700 -0.304300
vt 0.410600 -0.306000
vt 0.423600 -0.306000
vt 0.423100 -0.306700
vt 0.433900 -0.306200
vt 0.433700 -0.306900
vt 0.448800 -0.306700
vt 0.448500 -0.306000
vt 0.459700 -0.305300
vt 0.460300 -0.305900
vt 0.467100 -0.304200
vt 0.467100 -0.304800
vt 0.371400 -0.304600
vt 0.372900 -0.307800
vt 0.371400 -0.307800
vt 0.372900 -0.304600
vt 0.373700 -0.304600
vt 0.381700 -0.304600
vt 0.394200 -0.307800
vt 0.391400 -0.304600
vt 0.394200 -0.304600
vt 0.396600 -0.304600
vt 0.396600 -0.307800
vt 0.397000 -0.304600
vt 0.397000 -0.307800
vt 0.398900 -0.304600
vt 0.398900 -0.307800
vt 0.424300 -0.307800
vt 0.424300 -0.304600
vt 0.425000 -0.307800
vt 0.425000 -0.304600
vt 0.427300 -0.304600
vt 0.427300 -0.307800
vt 0.429600 -0.307800
vt 0.429600 -0.304600
vt 0.371700 -0.307800
vt 0.371700 -0.304600
vt 0.399200 -0.304600
vt 0.399200 -0.307800
vt 0.399900 -0.307800
vt 0.399900 -0.304600
vt 0.402200 -0.304600
vt 0.402200 -0.307800
vt 0.404600 -0.304600
vt 0.404600 -0.307800
vt 0.405900 -0.304600
vt 0.405900 -0.307800
vt 0.407000 -0.304600
vt 0.407000 -0.307800
vt 0.414700 -0.304600
vt 0.414700 -0.307800
vt 0.424400 -0.304600
vt 0.424400 -0.307800
vt 0.358700 -0.304000
vt 0.358700 -0.307200
vt 0.361300 -0.307200
vt 0.361300 -0.304000
vt 0.378700 -0.307200
vt 0.378700 -0.304000
vt 0.394200 -0.304000
vt 0.394200 -0.307200
vt 0.396900 -0.304000
vt 0.396900 -0.307200
vt 0.398500 -0.304000
vt 0.398500 -0.307200
vt 0.399500 -0.304000
vt 0.399500 -0.307200
vt 0.408700 -0.304000
vt 0.408700 -0.307200
vt 0.419900 -0.304000
vt 0.419900 -0.307200
vt 0.423200 -0.304000
vt 0.423200 -0.307200
vt 0.425900 -0.304000
vt 0.425900 -0.307200
vt 0.428600 -0.304000
vt 0.428600 -0.307200
vt 0.444200 -0.304000
vt 0.444200 -0.307200
vt 0.461500 -0.304000
vt 0.461500 -0.307200
vt 0.464200 -0.307200
vt 0.464200 -0.304000
vt 0.466900 -0.307200
vt 0.466900 -0.304000
vt 0.470300 -0.307200
vt 0.470300 -0.304000
vt 0.481500 -0.304000
vt 0.481500 -0.307200
vt 0.490700 -0.304000
vt 0.490700 -0.307200
vt 0.491700 -0.304000
vt 0.491700 -0.307200
vt 0.493300 -0.304000
vt 0.493300 -0.307200
vt 0.318900 -0.696200
vt 0.317200 -0.695800
vt 0.318800 -0.660500
vt 0.317200 -0.660100
vt 0.270800 -0.703900
vt 0.254300 -0.701400
vt 0.298000 -0.711600
vt 0.250900 -0.703900
vt 0.490900 -0.840600
vt 0.496700 -0.836400
vt 0.496700 -0.840600
vt 0.496700 -0.818100
vt 0.490900 -0.817200
vt 0.496200 -0.803400
vt 0.490200 -0.801900
vt 0.487200 -0.787400
vt 0.494200 -0.789500
vt 0.483800 -0.778600
vt 0.492200 -0.779900
vt 0.480900 -0.770500
vt 0.489800 -0.772000
vt 0.477700 -0.767900
vt 0.496800 -0.715100
vt 0.474000 -0.723700
vt 0.474000 -0.720600
vt 0.494000 -0.722400
vt 0.474000 -0.731000
vt 0.493000 -0.731000
vt 0.473500 -0.739900
vt 0.492200 -0.740000
vt 0.043700 -0.621700
vt 0.024500 -0.627500
vt 0.044600 -0.627500
vt 0.024500 -0.621900
vt 0.024500 -0.615100
vt 0.041600 -0.615100
vt 0.037500 -0.607800
vt 0.024500 -0.608300
vt 0.118500 -0.612300
vt 0.024500 -0.598300
vt 0.118500 -0.604300
vt 0.136500 -0.612300
vt 0.151600 -0.604200
vt 0.151600 -0.612300
vt 0.177400 -0.612300
vt 0.196400 -0.612300
vt 0.037200 -0.593500
vt 0.024500 -0.589200
vt 0.024500 -0.579100
vt 0.037000 -0.565500
vt 0.024500 -0.568600
vt 0.024500 -0.558500
vt 0.024500 -0.537600
vt 0.036900 -0.536100
vt 0.118700 -0.587700
vt 0.100900 -0.556900
vt 0.100500 -0.520100
vt 0.197800 -0.550200
vt 0.197800 -0.504200
vt 0.298000 -0.505200
vt 0.151600 -0.586500
vt 0.196500 -0.586500
vt 0.298000 -0.549800
vt 0.339000 -0.511500
vt 0.196400 -0.604200
vt 0.245400 -0.612300
vt 0.245500 -0.586100
vt 0.245500 -0.604600
vt 0.298000 -0.612300
vt 0.298000 -0.586800
vt 0.339000 -0.588900
vt 0.339000 -0.554100
vt 0.387100 -0.527800
vt 0.298000 -0.605000
vt 0.338900 -0.612300
vt 0.387100 -0.556200
vt 0.430500 -0.532900
vt 0.339000 -0.605400
vt 0.386000 -0.612300
vt 0.386500 -0.606900
vt 0.387100 -0.586900
vt 0.430500 -0.580800
vt 0.430500 -0.610100
vt 0.430500 -0.558100
vt 0.463100 -0.533900
vt 0.463100 -0.554100
vt 0.496400 -0.531000
vt 0.463100 -0.572800
vt 0.496400 -0.545200
vt 0.495900 -0.560700
vt 0.427400 -0.620700
vt 0.461200 -0.620200
vt 0.385600 -0.619500
vt 0.338900 -0.619500
vt 0.459600 -0.629200
vt 0.493300 -0.637200
vt 0.427000 -0.638300
vt 0.459600 -0.644100
vt 0.490900 -0.652200
vt 0.385600 -0.632200
vt 0.459700 -0.669300
vt 0.488000 -0.682300
vt 0.427100 -0.668000
vt 0.385600 -0.648100
vt 0.338900 -0.632200
vt 0.338900 -0.648100
vt 0.385500 -0.665700
vt 0.338900 -0.665700
vt 0.427100 -0.682700
vt 0.385500 -0.683300
vt 0.338900 -0.683300
vt 0.460100 -0.694400
vt 0.385600 -0.699100
vt 0.338900 -0.699100
vt 0.427100 -0.697500
vt 0.460800 -0.709800
vt 0.487600 -0.705000
vt 0.428300 -0.715400
vt 0.385600 -0.711600
vt 0.338900 -0.711600
vt 0.386500 -0.719800
vt 0.338900 -0.720600
vt 0.485100 -0.840600
vt 0.485100 -0.815800
vt 0.441700 -0.840600
vt 0.484300 -0.799600
vt 0.441700 -0.813700
vt 0.481900 -0.784400
vt 0.479400 -0.777200
vt 0.477400 -0.773800
vt 0.387100 -0.840600
vt 0.387400 -0.802700
vt 0.441700 -0.800400
vt 0.387400 -0.776200
vt 0.441700 -0.787800
vt 0.441700 -0.777200
vt 0.409800 -0.761100
vt 0.441900 -0.765800
vt 0.289700 -0.789400
vt 0.289700 -0.773000
vt 0.441900 -0.761300
vt 0.441700 -0.757800
vt 0.424900 -0.754500
vt 0.364900 -0.754900
vt 0.321100 -0.809000
vt 0.336800 -0.813900
vt 0.350700 -0.826700
vt 0.355600 -0.840600
vt 0.315900 -0.807600
vt 0.291400 -0.804600
vt 0.263400 -0.802300
vt 0.263400 -0.804600
vt 0.222500 -0.802300
vt 0.222400 -0.784200
vt 0.175800 -0.804200
vt 0.289700 -0.754300
vt 0.175800 -0.787900
vt 0.222400 -0.760100
vt 0.134300 -0.793500
vt 0.134300 -0.809200
vt 0.315900 -0.742800
vt 0.263500 -0.745100
vt 0.364900 -0.744800
vt 0.315900 -0.742000
vt 0.263500 -0.744200
vt 0.364900 -0.744000
vt 0.222400 -0.750300
vt 0.222400 -0.749500
vt 0.221600 -0.750500
vt 0.384000 -0.747100
vt 0.384000 -0.746300
vt 0.175800 -0.773300
vt 0.175800 -0.764800
vt 0.133800 -0.779300
vt 0.409800 -0.751000
vt 0.409800 -0.750200
vt 0.424900 -0.753700
vt 0.101700 -0.803100
vt 0.101200 -0.791600
vt 0.074900 -0.808900
vt 0.105500 -0.809600
vt 0.093600 -0.807700
vt 0.076000 -0.817600
vt 0.076200 -0.827900
vt 0.097500 -0.814300
vt 0.101700 -0.817100
vt 0.101700 -0.821300
vt 0.016500 -0.624000
vt 0.016400 -0.549500
vt 0.012300 -0.624000
vt 0.012300 -0.549500
vt 0.008000 -0.624000
vt 0.008000 -0.549500
vt 0.084100 -0.720600
vt 0.041600 -0.648100
vt 0.072600 -0.715900
vt 0.034900 -0.654400
vt 0.498400 -0.521800
vt 0.498400 -0.503700
vt 0.489400 -0.503700
vt 0.489400 -0.521800
vt 0.476900 -0.521800
vt 0.476900 -0.503700
vt 0.461100 -0.521800
vt 0.461100 -0.503700
vt 0.443500 -0.503700
vt 0.443500 -0.521800
vt 0.425900 -0.521800
vt 0.425900 -0.503700
vt 0.409900 -0.503700
vt 0.409900 -0.521800
vt 0.397200 -0.521800
vt 0.397200 -0.503700
vt 0.390000 -0.503700
vt 0.390000 -0.521800
vt 0.072700 -0.747600
vt 0.081400 -0.747500
vt 0.072600 -0.771500
vt 0.081000 -0.771500
vt 0.089100 -0.747500
vt 0.088600 -0.771500
vt 0.100500 -0.747500
vt 0.099700 -0.771500
vt 0.112900 -0.747500
vt 0.111900 -0.771500
vt 0.129800 -0.747500
vt 0.129200 -0.771500
vt 0.146300 -0.747500
vt 0.146300 -0.771400
vt 0.012700 -0.810000
vt 0.046500 -0.810000
vt 0.012700 -0.786700
vt 0.046500 -0.786700
vt 0.012700 -0.816500
vt 0.046500 -0.816500
vt 0.006300 -0.810000
vt 0.004600 -0.786700
vt 0.012700 -0.778500
vt 0.046500 -0.778500
vt 0.024500 -0.537700
vt 0.036800 -0.536000
vt 0.118500 -0.587400
vt 0.136500 -0.619500
vt 0.101000 -0.556800
vt 0.477500 -0.774100
vt 0.388700 -0.777300
vt 0.005000 -0.623900
vt 0.005000 -0.549300
vt 0.118500 -0.720600
vt 0.118500 -0.711600
vt 0.136500 -0.720600
vt 0.136500 -0.711700
vt 0.136600 -0.699100
vt 0.118500 -0.699100
vt 0.136500 -0.683300
vt 0.118500 -0.683300
vt 0.136500 -0.665700
vt 0.118500 -0.665700
vt 0.136500 -0.648100
vt 0.118500 -0.648100
vt 0.118500 -0.632200
vt 0.136500 -0.632200
vt 0.118500 -0.619500
vt 0.118700 -0.612300
vt 0.146300 -0.771500
vt 0.051900 -0.810000
vt 0.053500 -0.786700
vt 0.286400 -0.303500
vt 0.295400 -0.303500
vt 0.286400 -0.339200
vt 0.295400 -0.339200
vt 0.286800 -0.302700
vt 0.295800 -0.302700
vt 0.286800 -0.340000
vt 0.295700 -0.340000
vt 0.305300 -0.303500
vt 0.296300 -0.303500
vt 0.305300 -0.339200
vt 0.296300 -0.339200
vt 0.280100 -0.672900
vt 0.276300 -0.696500
vt 0.276300 -0.672600
vt 0.280100 -0.696800
vt 0.278900 -0.698900
vt 0.289400 -0.696800
vt 0.295700 -0.674100
vt 0.290600 -0.699100
vt 0.299500 -0.674300
vt 0.293200 -0.697000
vt 0.482800 -0.805100
vt 0.482900 -0.815600
vt 0.481600 -0.794100
vt 0.479600 -0.784300
vt 0.476900 -0.777100
vt 0.475900 -0.775300
vt 0.019500 -0.623900
vt 0.019500 -0.549300
vt 0.177400 -0.720600
vt 0.177400 -0.711600
vt 0.196400 -0.720600
vt 0.196400 -0.711600
vt 0.245400 -0.720600
vt 0.245400 -0.711600
vt 0.298000 -0.720600
vt 0.199300 -0.704400
vt 0.196400 -0.702200
vt 0.195900 -0.701900
vt 0.245400 -0.704300
vt 0.177400 -0.699100
vt 0.195000 -0.699100
vt 0.194600 -0.697700
vt 0.177400 -0.683300
vt 0.194500 -0.683300
vt 0.177400 -0.665700
vt 0.194500 -0.665700
vt 0.246700 -0.704400
vt 0.177400 -0.648100
vt 0.194600 -0.660600
vt 0.195900 -0.656600
vt 0.196400 -0.656200
vt 0.196400 -0.648100
vt 0.199300 -0.654100
vt 0.177400 -0.632200
vt 0.245400 -0.654100
vt 0.196400 -0.632200
vt 0.177400 -0.619500
vt 0.245400 -0.648100
vt 0.246700 -0.654100
vt 0.250900 -0.654100
vt 0.298000 -0.648100
vt 0.196400 -0.619500
vt 0.245400 -0.632200
vt 0.245400 -0.619500
vt 0.298000 -0.632200
vt 0.298000 -0.619500
vt 0.298000 -0.654100
vt 0.322400 -0.654100
vt 0.270800 -0.654100
vt 0.325700 -0.656500
vt 0.267400 -0.656600
vt 0.254300 -0.656600
vt 0.266100 -0.660600
vt 0.255600 -0.660600
vt 0.266100 -0.665700
vt 0.255600 -0.665800
vt 0.266100 -0.683300
vt 0.255600 -0.683300
vt 0.255600 -0.697300
vt 0.266100 -0.697700
vt 0.255100 -0.699100
vt 0.266600 -0.699100
vt 0.327000 -0.660600
vt 0.327100 -0.665700
vt 0.327100 -0.683300
vt 0.327000 -0.697600
vt 0.267400 -0.701600
vt 0.326600 -0.699100
vt 0.325700 -0.701500
vt 0.298000 -0.704200
vt 0.322200 -0.703900
vt 0.331100 -0.901000
vt 0.331300 -0.903300
vt 0.312300 -0.904200
vt 0.312500 -0.906500
vt 0.263600 -0.910500
vt 0.263800 -0.912800
vt 0.211100 -0.912600
vt 0.211300 -0.914900
vt 0.170000 -0.913400
vt 0.169800 -0.911000
vt 0.160300 -0.920300
vt 0.158000 -0.920300
vt 0.154600 -0.911300
vt 0.157000 -0.911300
vt 0.151500 -0.898800
vt 0.153800 -0.898800
vt 0.149000 -0.883000
vt 0.151400 -0.883000
vt 0.147500 -0.865400
vt 0.149900 -0.865400
vt 0.147100 -0.847800
vt 0.149500 -0.847800
vt 0.147900 -0.831900
vt 0.150200 -0.831900
vt 0.149600 -0.819200
vt 0.152000 -0.819200
vt 0.150900 -0.811900
vt 0.153300 -0.811900
vt 0.347000 -0.896700
vt 0.387200 -0.886700
vt 0.387400 -0.889100
vt 0.346800 -0.894400
vt 0.294600 -0.901100
vt 0.294800 -0.903400
vt 0.245700 -0.905000
vt 0.245500 -0.902700
vt 0.226600 -0.905400
vt 0.226400 -0.903100
vt 0.156900 -0.927000
vt 0.158200 -0.934200
vt 0.160500 -0.933800
vt 0.152600 -0.914900
vt 0.154600 -0.927400
vt 0.148700 -0.899400
vt 0.150300 -0.915300
vt 0.143300 -0.882500
vt 0.146400 -0.899800
vt 0.145600 -0.882100
vt 0.141300 -0.865000
vt 0.143600 -0.864600
vt 0.140600 -0.849100
vt 0.142900 -0.848700
vt 0.141200 -0.836300
vt 0.143500 -0.835900
vt 0.144500 -0.826600
vt 0.146800 -0.826200
vt 0.018900 -0.306600
vt 0.037800 -0.299400
vt 0.018900 -0.299400
vt 0.037800 -0.306600
vt 0.018900 -0.319300
vt 0.086400 -0.299500
vt 0.037800 -0.319300
vt 0.018900 -0.335200
vt 0.086400 -0.306800
vt 0.138600 -0.306800
vt 0.138600 -0.299500
vt 0.179300 -0.306800
vt 0.179300 -0.299500
vt 0.179300 -0.319400
vt 0.138600 -0.319400
vt 0.179300 -0.335400
vt 0.086400 -0.319400
vt 0.037800 -0.335200
vt 0.138600 -0.335400
vt 0.086400 -0.335400
vt 0.037800 -0.343300
vt 0.037200 -0.343700
vt 0.040600 -0.341200
vt 0.018900 -0.352900
vt 0.035900 -0.347700
vt 0.035900 -0.352900
vt 0.086400 -0.341200
vt 0.087700 -0.341200
vt 0.018900 -0.370400
vt 0.035900 -0.370400
vt 0.035900 -0.384900
vt 0.091800 -0.341200
vt 0.018900 -0.386200
vt 0.036400 -0.386200
vt 0.037200 -0.389000
vt 0.018900 -0.398700
vt 0.037800 -0.389400
vt 0.037800 -0.398800
vt 0.018900 -0.407700
vt 0.040600 -0.391500
vt 0.037800 -0.407700
vt 0.086400 -0.391500
vt 0.086400 -0.398800
vt 0.086400 -0.407700
vt 0.087600 -0.391500
vt 0.138600 -0.407700
vt 0.138600 -0.398800
vt 0.091800 -0.391000
vt 0.179300 -0.407700
vt 0.179300 -0.398800
vt 0.138600 -0.391300
vt 0.111600 -0.391100
vt 0.162600 -0.391100
vt 0.166100 -0.388600
vt 0.179300 -0.386200
vt 0.167000 -0.386200
vt 0.167400 -0.384700
vt 0.179300 -0.370400
vt 0.167500 -0.370400
vt 0.167500 -0.352900
vt 0.179300 -0.352800
vt 0.167400 -0.347700
vt 0.166100 -0.343800
vt 0.162800 -0.341300
vt 0.138600 -0.341300
vt 0.111700 -0.341200
vt 0.095200 -0.343700
vt 0.108300 -0.343700
vt 0.096500 -0.347700
vt 0.107000 -0.347700
vt 0.107000 -0.352900
vt 0.096500 -0.352900
vt 0.107000 -0.370400
vt 0.096500 -0.370400
vt 0.096500 -0.384400
vt 0.107000 -0.384900
vt 0.107400 -0.386200
vt 0.096000 -0.386200
vt 0.108200 -0.388700
vt 0.095200 -0.388500
vt 0.484900 -0.867600
vt 0.477000 -0.864300
vt 0.465200 -0.857100
vt 0.465200 -0.853100
vt 0.477000 -0.860400
vt 0.447200 -0.850600
vt 0.447200 -0.846700
vt 0.431600 -0.844700
vt 0.494800 -0.935300
vt 0.498000 -0.936700
vt 0.495900 -0.936500
vt 0.125800 -0.826300
vt 0.125800 -0.818700
vt 0.116400 -0.826300
vt 0.116400 -0.818700
vt 0.378900 -0.511600
vt 0.388300 -0.511600
vt 0.378900 -0.504300
vt 0.388300 -0.504200
vt 0.369500 -0.511600
vt 0.359700 -0.511600
vt 0.369500 -0.504300
vt 0.359700 -0.504300
vt 0.350500 -0.511600
vt 0.350600 -0.504200
vt 0.480000 -0.748400
vt 0.485700 -0.743800
vt 0.479600 -0.744600
vt 0.486200 -0.747600
vt 0.480800 -0.752300
vt 0.486700 -0.751500
vt 0.488100 -0.762000
vt 0.483500 -0.762600
vt 0.488600 -0.765900
vt 0.484500 -0.766400
vt 0.488200 -0.747900
vt 0.491800 -0.763400
vt 0.491800 -0.746800
vt 0.495400 -0.762000
vt 0.495300 -0.747900
vt 0.496800 -0.751500
vt 0.463300 -0.748800
vt 0.459700 -0.744100
vt 0.463300 -0.744100
vt 0.459700 -0.748800
vt 0.456000 -0.744100
vt 0.456000 -0.748800
vt 0.452300 -0.748800
vt 0.452300 -0.744100
vt 0.448600 -0.748800
vt 0.448600 -0.744100
vt 0.444900 -0.748800
vt 0.444900 -0.744100
vt 0.441200 -0.748800
vt 0.441200 -0.744100
vt 0.437600 -0.744100
vt 0.437600 -0.748800
vt 0.433900 -0.744100
vt 0.433900 -0.748800
vt 0.466300 -0.749900
vt 0.473000 -0.752700
vt 0.469000 -0.752700
vt 0.475700 -0.749900
vt 0.466300 -0.746000
vt 0.475700 -0.746000
vt 0.469000 -0.743200
vt 0.473000 -0.743200
vt 0.339600 -0.421700
vt 0.337900 -0.421700
vt 0.340800 -0.420500
vt 0.336600 -0.420500
vt 0.340800 -0.418800
vt 0.336600 -0.418800
vt 0.339600 -0.417600
vt 0.337900 -0.417600
vt 0.412300 -0.745700
vt 0.408200 -0.745700
vt 0.412800 -0.743000
vt 0.407700 -0.743000
vt 0.341600 -0.418900
vt 0.340200 -0.415700
vt 0.341600 -0.415700
vt 0.340200 -0.418900
vt 0.338900 -0.415700
vt 0.338900 -0.418900
vt 0.337500 -0.418900
vt 0.337500 -0.415700
vt 0.336100 -0.418900
vt 0.336100 -0.415700
vt 0.334800 -0.418900
vt 0.334800 -0.415700
vt 0.333400 -0.418900
vt 0.333400 -0.415700
vt 0.332100 -0.415700
vt 0.332100 -0.418900
vt 0.330700 -0.415700
vt 0.330700 -0.418900
vt 0.419000 -0.305600
vt 0.390200 -0.305500
vt 0.419000 -0.307400
vt 0.390200 -0.307300
vt 0.419500 -0.305600
vt 0.422300 -0.307400
vt 0.422300 -0.305500
vt 0.425200 -0.307400
vt 0.425200 -0.305600
vt 0.434300 -0.305600
vt 0.434300 -0.307400
vt 0.437300 -0.307400
vt 0.437300 -0.305600
vt 0.440300 -0.305600
vt 0.440300 -0.307400
vt 0.447900 -0.305600
vt 0.461300 -0.305600
vt 0.447900 -0.307400
vt 0.461300 -0.307400
vt 0.467700 -0.305600
vt 0.467700 -0.307400
vt 0.469400 -0.307400
vt 0.469400 -0.305600
vt 0.484200 -0.307400
vt 0.484200 -0.305600
vt 0.489100 -0.305000
vt 0.490800 -0.305000
vt 0.490800 -0.306600
vt 0.489100 -0.306700
vt 0.443100 -0.306600
vt 0.443100 -0.305000
vt 0.438600 -0.306600
vt 0.438600 -0.305000
vt 0.434300 -0.306600
vt 0.434300 -0.305000
vt 0.430200 -0.306600
vt 0.430200 -0.305000
vt 0.408000 -0.305000
vt 0.408000 -0.306600
vt 0.357700 -0.306700
vt 0.357700 -0.305100
vt 0.045000 -0.633400
vt 0.084200 -0.649600
vt 0.082400 -0.649600
vt 0.044200 -0.640800
vt 0.111600 -0.649600
vt 0.113900 -0.651600
vt 0.113900 -0.663400
vt 0.113900 -0.688200
vt 0.113900 -0.702100
vt 0.112400 -0.707600
vt 0.108000 -0.710900
vt 0.091100 -0.710900
vt 0.086700 -0.707700
vt 0.084200 -0.702800
vt 0.082500 -0.702800
vt 0.080700 -0.702800
vt 0.055800 -0.661000
vt 0.054200 -0.656600
vt 0.055500 -0.652200
vt 0.059000 -0.649600
vt 0.171700 -0.855700
vt 0.174100 -0.859400
vt 0.171700 -0.859400
vt 0.174100 -0.855700
vt 0.171700 -0.852300
vt 0.174100 -0.852300
vt 0.171700 -0.848600
vt 0.174100 -0.848600
vt 0.171700 -0.821200
vt 0.174100 -0.821200
vt 0.174100 -0.817600
vt 0.171700 -0.817600
vt 0.174100 -0.814200
vt 0.171700 -0.814200
vt 0.174100 -0.810500
vt 0.171700 -0.810500
vt 0.245300 -0.669700
vt 0.246400 -0.669700
vt 0.242500 -0.667500
vt 0.246400 -0.675900
vt 0.248200 -0.675900
vt 0.248600 -0.683100
vt 0.246700 -0.683100
vt 0.242400 -0.669700
vt 0.242000 -0.675900
vt 0.241900 -0.683100
vt 0.237600 -0.683100
vt 0.238000 -0.675900
vt 0.235700 -0.683100
vt 0.236300 -0.675900
vt 0.238800 -0.669700
vt 0.239600 -0.669700
vt 0.225900 -0.661200
vt 0.221800 -0.657600
vt 0.227400 -0.661200
vt 0.227400 -0.671200
vt 0.230000 -0.671200
vt 0.230600 -0.682900
vt 0.227800 -0.682900
vt 0.221700 -0.661200
vt 0.221200 -0.671200
vt 0.221000 -0.682900
vt 0.214900 -0.682900
vt 0.215400 -0.671200
vt 0.212000 -0.682900
vt 0.212900 -0.671200
vt 0.216500 -0.661200
vt 0.217700 -0.661200
vt 0.897100 -0.822100
vt 0.923200 -0.822100
vt 0.897100 -0.811800
vt 0.923200 -0.811800
vt 0.972000 -0.803200
vt 0.972000 -0.811300
vt 0.977000 -0.806000
vt 0.965300 -0.811300
vt 0.961800 -0.815500
vt 0.973200 -0.812800
vt 0.961800 -0.817500
vt 0.951100 -0.820700
vt 0.951100 -0.818600
vt 0.925100 -0.811300
vt 0.925100 -0.820700
vt 0.938400 -0.820700
vt 0.938400 -0.822700
vt 0.925100 -0.822700
vt 0.887900 -0.918400
vt 0.890800 -0.923400
vt 0.887900 -0.916000
vt 0.896900 -0.912300
vt 0.909400 -0.918800
vt 0.909400 -0.909900
vt 0.942700 -0.915400
vt 0.598700 -0.816200
vt 0.600600 -0.816500
vt 0.600000 -0.809100
vt 0.641700 -0.813100
vt 0.602200 -0.824300
vt 0.604800 -0.830300
vt 0.610600 -0.837600
vt 0.636300 -0.836200
vt 0.603200 -0.804100
vt 0.618700 -0.795000
vt 0.609700 -0.798700
vt 0.644800 -0.792400
vt 0.632000 -0.792400
vt 0.704800 -0.837600
vt 0.636900 -0.837600
vt 0.704800 -0.870200
vt 0.636900 -0.853900
vt 0.636900 -0.870300
vt 0.703300 -0.836900
vt 0.641300 -0.812100
vt 0.705400 -0.820800
vt 0.651100 -0.835800
vt 0.636500 -0.834200
vt 0.719700 -0.870100
vt 0.719700 -0.836800
vt 0.702700 -0.870100
vt 0.702700 -0.836800
vt 0.630000 -0.836100
vt 0.636100 -0.836800
vt 0.632500 -0.811500
vt 0.638600 -0.812200
vt 0.878800 -0.825700
vt 0.878600 -0.841500
vt 0.878800 -0.825800
vt 0.857100 -0.825800
vt 0.857200 -0.907100
vt 0.842200 -0.825700
vt 0.842200 -0.915900
vt 0.857200 -0.913000
vt 0.816600 -0.825700
vt 0.816600 -0.919000
vt 0.797700 -0.825700
vt 0.797700 -0.920400
vt 0.749000 -0.825700
vt 0.749000 -0.875500
vt 0.749000 -0.922900
vt 0.696800 -0.875500
vt 0.696800 -0.920900
vt 0.656100 -0.875500
vt 0.656100 -0.917100
vt 0.875100 -0.905500
vt 0.908600 -0.906500
vt 0.875100 -0.910200
vt 0.908600 -0.849500
vt 0.951600 -0.899200
vt 0.951600 -0.850200
vt 0.968500 -0.841500
vt 0.968500 -0.895000
vt 0.968500 -0.849000
vt 0.857200 -0.825700
vt 0.890300 -0.519000
vt 0.881100 -0.519000
vt 0.898200 -0.535400
vt 0.935700 -0.564200
vt 0.911100 -0.532100
vt 0.879300 -0.519000
vt 0.655800 -0.921100
vt 0.612000 -0.914200
vt 0.656000 -0.918100
vt 0.696600 -0.921900
vt 0.696600 -0.925100
vt 0.749000 -0.924000
vt 0.749000 -0.927200
vt 0.797900 -0.921400
vt 0.797900 -0.924500
vt 0.816900 -0.923100
vt 0.816900 -0.919900
vt 0.842600 -0.920000
vt 0.842600 -0.916800
vt 0.857600 -0.916900
vt 0.857600 -0.913800
vt 0.857600 -0.911100
vt 0.842600 -0.914100
vt 0.816900 -0.917200
vt 0.797900 -0.918700
vt 0.749000 -0.921300
vt 0.696600 -0.919200
vt 0.655800 -0.915300
vt 0.952700 -0.503000
vt 0.946700 -0.507300
vt 0.946700 -0.503000
vt 0.946700 -0.526700
vt 0.952700 -0.527300
vt 0.956500 -0.503000
vt 0.946700 -0.536400
vt 0.956500 -0.529100
vt 0.997900 -0.503000
vt 0.997900 -0.531200
vt 0.952700 -0.537200
vt 0.946100 -0.546400
vt 0.956700 -0.539700
vt 0.952600 -0.547500
vt 0.945200 -0.555300
vt 0.956100 -0.550700
vt 0.952500 -0.556600
vt 0.944000 -0.566100
vt 0.955400 -0.561100
vt 0.952500 -0.567600
vt 0.954500 -0.570600
vt 0.954500 -0.572800
vt 0.942600 -0.571100
vt 0.952600 -0.577700
vt 0.870200 -0.571100
vt 0.869200 -0.579600
vt 0.867500 -0.570900
vt 0.867900 -0.562000
vt 0.870500 -0.563800
vt 0.863400 -0.584000
vt 0.864200 -0.587600
vt 0.861100 -0.572600
vt 0.859500 -0.585800
vt 0.858600 -0.593200
vt 0.868600 -0.553700
vt 0.871200 -0.555300
vt 0.869100 -0.545100
vt 0.871700 -0.546400
vt 0.869500 -0.535400
vt 0.872100 -0.536400
vt 0.869600 -0.526000
vt 0.872200 -0.526700
vt 0.869900 -0.507100
vt 0.872500 -0.507300
vt 0.872500 -0.503000
vt 0.869900 -0.503000
vt 0.854700 -0.519700
vt 0.854400 -0.503000
vt 0.855100 -0.531200
vt 0.842600 -0.526900
vt 0.841700 -0.503000
vt 0.856000 -0.543000
vt 0.843000 -0.532200
vt 0.830500 -0.526900
vt 0.857300 -0.553000
vt 0.844900 -0.543600
vt 0.831300 -0.533900
vt 0.821900 -0.526900
vt 0.823000 -0.534800
vt 0.811800 -0.526900
vt 0.813400 -0.535900
vt 0.834000 -0.545200
vt 0.826200 -0.546300
vt 0.817300 -0.547600
vt 0.847300 -0.554400
vt 0.850200 -0.565900
vt 0.859100 -0.562600
vt 0.837500 -0.555800
vt 0.829600 -0.556500
vt 0.821700 -0.556900
vt 0.841600 -0.567300
vt 0.835100 -0.568100
vt 0.828800 -0.569500
vt 0.854500 -0.574400
vt 0.846900 -0.575800
vt 0.841000 -0.576900
vt 0.835900 -0.578400
vt 0.855400 -0.587100
vt 0.851800 -0.587900
vt 0.853300 -0.595800
vt 0.842100 -0.583500
vt 0.848200 -0.589100
vt 0.847900 -0.597500
vt 0.843300 -0.590800
vt 0.896800 -0.811300
vt 0.896800 -0.793300
vt 0.967000 -0.793300
vt 0.896800 -0.684700
vt 0.973800 -0.778300
vt 0.983900 -0.778200
vt 0.980400 -0.793000
vt 0.982500 -0.793000
vt 0.978500 -0.752600
vt 0.947900 -0.684700
vt 0.986000 -0.778200
vt 0.991100 -0.752600
vt 0.987700 -0.778200
vt 0.984200 -0.793000
vt 0.992800 -0.752600
vt 0.995200 -0.733600
vt 0.989100 -0.752600
vt 0.993500 -0.733600
vt 0.997200 -0.684700
vt 0.991400 -0.733600
vt 0.993400 -0.684700
vt 0.980800 -0.733600
vt 0.995500 -0.684700
vt 0.993000 -0.632300
vt 0.994700 -0.632300
vt 0.982800 -0.684700
vt 0.980400 -0.632300
vt 0.947900 -0.632300
vt 0.987900 -0.591500
vt 0.989600 -0.591500
vt 0.990900 -0.632300
vt 0.985700 -0.591500
vt 0.974600 -0.591500
vt 0.947900 -0.591500
vt 0.988500 -0.823200
vt 0.985700 -0.817300
vt 0.993800 -0.810600
vt 0.967100 -0.821900
vt 0.979600 -0.830400
vt 0.988500 -0.826200
vt 0.967100 -0.833200
vt 0.951300 -0.835400
vt 0.933800 -0.825300
vt 0.933800 -0.836900
vt 0.916200 -0.837300
vt 0.900300 -0.825600
vt 0.900300 -0.836900
vt 0.887700 -0.835400
vt 0.883300 -0.824400
vt 0.883300 -0.830500
vt 0.880400 -0.833600
vt 0.880400 -0.830500
vt 0.593600 -0.689700
vt 0.597400 -0.691600
vt 0.599800 -0.691600
vt 0.597400 -0.728100
vt 0.503300 -0.728100
vt 0.569300 -0.687600
vt 0.582900 -0.688200
vt 0.539400 -0.689200
vt 0.554400 -0.687900
vt 0.515400 -0.694000
vt 0.526000 -0.691300
vt 0.507700 -0.696800
vt 0.503300 -0.705300
vt 0.503300 -0.894400
vt 0.597400 -0.894400
vt 0.503300 -0.850900
vt 0.597400 -0.850900
vt 0.503300 -0.807400
vt 0.597400 -0.807400
vt 0.597400 -0.762800
vt 0.503300 -0.762800
vt 0.704500 -0.615100
vt 0.704500 -0.605100
vt 0.722500 -0.615100
vt 0.722500 -0.605100
vt 0.704500 -0.586500
vt 0.722500 -0.586500
vt 0.704500 -0.553200
vt 0.722500 -0.553200
vt 0.704500 -0.519700
vt 0.722500 -0.519700
vt 0.722500 -0.502600
vt 0.704500 -0.502600
vt 0.693000 -0.808500
vt 0.662700 -0.813100
vt 0.660500 -0.808400
vt 0.693700 -0.815000
vt 0.956800 -0.900000
vt 0.962500 -0.897700
vt 0.956800 -0.897800
vt 0.962500 -0.895400
vt 0.969300 -0.894900
vt 0.969300 -0.892500
vt 0.976000 -0.889400
vt 0.969300 -0.845300
vt 0.984600 -0.882600
vt 0.994100 -0.865100
vt 0.990200 -0.874100
vt 0.997000 -0.845300
vt 0.996700 -0.855100
vt 0.850200 -0.565800
vt 0.663700 -0.610700
vt 0.663700 -0.601700
vt 0.644700 -0.610700
vt 0.644700 -0.601700
vt 0.595900 -0.610700
vt 0.595900 -0.601700
vt 0.543500 -0.610700
vt 0.543500 -0.601700
vt 0.502600 -0.610700
vt 0.502600 -0.601700
vt 0.644700 -0.592300
vt 0.641900 -0.594500
vt 0.645300 -0.592000
vt 0.595900 -0.594400
vt 0.594700 -0.594500
vt 0.590500 -0.594000
vt 0.663700 -0.589200
vt 0.646100 -0.589200
vt 0.646600 -0.587900
vt 0.663700 -0.573500
vt 0.646700 -0.573500
vt 0.663700 -0.555900
vt 0.646700 -0.555900
vt 0.646600 -0.550800
vt 0.645300 -0.546800
vt 0.663700 -0.538400
vt 0.644700 -0.546400
vt 0.644700 -0.538400
vt 0.641900 -0.544300
vt 0.663700 -0.522500
vt 0.595900 -0.544300
vt 0.644700 -0.522500
vt 0.663700 -0.509800
vt 0.595900 -0.538400
vt 0.594700 -0.544300
vt 0.590500 -0.544300
vt 0.543500 -0.538400
vt 0.644700 -0.509800
vt 0.663700 -0.502600
vt 0.644700 -0.502600
vt 0.595900 -0.502600
vt 0.595900 -0.522500
vt 0.595900 -0.509800
vt 0.543500 -0.509800
vt 0.543500 -0.502600
vt 0.502600 -0.502600
vt 0.502600 -0.509800
vt 0.543500 -0.522500
vt 0.502600 -0.522500
vt 0.502600 -0.538400
vt 0.543500 -0.544300
vt 0.570500 -0.544300
vt 0.587100 -0.546800
vt 0.519200 -0.544300
vt 0.573900 -0.546800
vt 0.585800 -0.550800
vt 0.515800 -0.546800
vt 0.514500 -0.550800
vt 0.514500 -0.555900
vt 0.502600 -0.555900
vt 0.514500 -0.573500
vt 0.502600 -0.573500
vt 0.514500 -0.587700
vt 0.585800 -0.555900
vt 0.502600 -0.589200
vt 0.515000 -0.589200
vt 0.515900 -0.591600
vt 0.519300 -0.594000
vt 0.543500 -0.594300
vt 0.570600 -0.594000
vt 0.575200 -0.550800
vt 0.575300 -0.555900
vt 0.575300 -0.573500
vt 0.585800 -0.573500
vt 0.585700 -0.587400
vt 0.575200 -0.587900
vt 0.586200 -0.589200
vt 0.574800 -0.589200
vt 0.587100 -0.591500
vt 0.574000 -0.591700
vt 0.695500 -0.549300
vt 0.704500 -0.538400
vt 0.696400 -0.550300
vt 0.694200 -0.548900
vt 0.689400 -0.538400
vt 0.689400 -0.548900
vt 0.674000 -0.548900
vt 0.672800 -0.549300
vt 0.671800 -0.550200
vt 0.671300 -0.551500
vt 0.671400 -0.555900
vt 0.671400 -0.573500
vt 0.671400 -0.589200
vt 0.671500 -0.591600
vt 0.671900 -0.592900
vt 0.672800 -0.593900
vt 0.674100 -0.594200
vt 0.689400 -0.594200
vt 0.689500 -0.601800
vt 0.689400 -0.610700
vt 0.704500 -0.610700
vt 0.694100 -0.594300
vt 0.704500 -0.601800
vt 0.695400 -0.593900
vt 0.696300 -0.592900
vt 0.696800 -0.591600
vt 0.704500 -0.589200
vt 0.696700 -0.589200
vt 0.696700 -0.573500
vt 0.704500 -0.573500
vt 0.696700 -0.555900
vt 0.704500 -0.555900
vt 0.696700 -0.551600
vt 0.689400 -0.522500
vt 0.704500 -0.522500
vt 0.689400 -0.509800
vt 0.704500 -0.509800
vt 0.689400 -0.502600
vt 0.758500 -0.539800
vt 0.756700 -0.539800
vt 0.755900 -0.592900
vt 0.758400 -0.592900
vt 0.757600 -0.611000
vt 0.754100 -0.597800
vt 0.760100 -0.592900
vt 0.799200 -0.538400
vt 0.785000 -0.551200
vt 0.749800 -0.601000
vt 0.722500 -0.610700
vt 0.732900 -0.601000
vt 0.722500 -0.601700
vt 0.728600 -0.597700
vt 0.786600 -0.546800
vt 0.722500 -0.589200
vt 0.785300 -0.542400
vt 0.727000 -0.592200
vt 0.727000 -0.578300
vt 0.781800 -0.539800
vt 0.727000 -0.553600
vt 0.722500 -0.573500
vt 0.722500 -0.555900
vt 0.722500 -0.538400
vt 0.727000 -0.541900
vt 0.729300 -0.539800
vt 0.756700 -0.538400
vt 0.796500 -0.531000
vt 0.756000 -0.522900
vt 0.795700 -0.523600
vt 0.722500 -0.522500
vt 0.796200 -0.517800
vt 0.756000 -0.510700
vt 0.797000 -0.512000
vt 0.799200 -0.505400
vt 0.722500 -0.509800
vt 0.756000 -0.503600
vt 0.756700 -0.592900
vt 0.796100 -0.518500
vt 0.695700 -0.894500
vt 0.688300 -0.894500
vt 0.695700 -0.896200
vt 0.688300 -0.900200
vt 0.681000 -0.894500
vt 0.681000 -0.901600
vt 0.675100 -0.894500
vt 0.675100 -0.901100
vt 0.669300 -0.894500
vt 0.669300 -0.900400
vt 0.662700 -0.894500
vt 0.662700 -0.898500
vt 0.888100 -0.795400
vt 0.894700 -0.797100
vt 0.894600 -0.799500
vt 0.885700 -0.800500
vt 0.877300 -0.801300
vt 0.882700 -0.791200
vt 0.879300 -0.785300
vt 0.878400 -0.778600
vt 0.841900 -0.811600
vt 0.874100 -0.807100
vt 0.877600 -0.771700
vt 0.837100 -0.781600
vt 0.798300 -0.817000
vt 0.836900 -0.776300
vt 0.877100 -0.765100
vt 0.877000 -0.756500
vt 0.795500 -0.787600
vt 0.749300 -0.818500
vt 0.748800 -0.789300
vt 0.795200 -0.783400
vt 0.836600 -0.769400
vt 0.836600 -0.760500
vt 0.877000 -0.749900
vt 0.795200 -0.775300
vt 0.748600 -0.784800
vt 0.746700 -0.815700
vt 0.708200 -0.815700
vt 0.710800 -0.813800
vt 0.707900 -0.785000
vt 0.707900 -0.776600
vt 0.748700 -0.776600
vt 0.707900 -0.764300
vt 0.795200 -0.763700
vt 0.748700 -0.764300
vt 0.707900 -0.749900
vt 0.748700 -0.749900
vt 0.795200 -0.749900
vt 0.836600 -0.749900
vt 0.844800 -0.749900
vt 0.846200 -0.753600
vt 0.856700 -0.754900
vt 0.860300 -0.753400
vt 0.861800 -0.749900
vt 0.707900 -0.751000
vt 0.684900 -0.751100
vt 0.707900 -0.764800
vt 0.684900 -0.776600
vt 0.684900 -0.798700
vt 0.657000 -0.795800
vt 0.632400 -0.788500
vt 0.632400 -0.773900
vt 0.550300 -0.685700
vt 0.550300 -0.679700
vt 0.578200 -0.685700
vt 0.578200 -0.679700
vt 0.550500 -0.675500
vt 0.603100 -0.682800
vt 0.602700 -0.688400
vt 0.579000 -0.675300
vt 0.553500 -0.648500
vt 0.581500 -0.652600
vt 0.608900 -0.661700
vt 0.604100 -0.678300
vt 0.616200 -0.665800
vt 0.630500 -0.675500
vt 0.625100 -0.687100
vt 0.644500 -0.693300
vt 0.623700 -0.695300
vt 0.602700 -0.699400
vt 0.641500 -0.697000
vt 0.650500 -0.712400
vt 0.639400 -0.701800
vt 0.638900 -0.706600
vt 0.638900 -0.712400
vt 0.623500 -0.703200
vt 0.602700 -0.712400
vt 0.623500 -0.712400
vt 0.614800 -0.751100
vt 0.615600 -0.763400
vt 0.632400 -0.751100
vt 0.632400 -0.774000
vt 0.617800 -0.774000
vt 0.705600 -0.789200
vt 0.705900 -0.815600
vt 0.702900 -0.785300
vt 0.705200 -0.785500
vt 0.697300 -0.781900
vt 0.615600 -0.763500
vt 0.196500 -0.452900
vt 0.196500 -0.433500
vt 0.209200 -0.469400
vt 0.201100 -0.459800
vt 0.209300 -0.459800
vt 0.201000 -0.469300
vt 0.209100 -0.469400
vt 0.201100 -0.459700
vt 0.209200 -0.459800
vt 0.212900 -0.445400
vt 0.205200 -0.443100
vt 0.200500 -0.449500
vt 0.212900 -0.453500
vt 0.205400 -0.456000
vt 0.135200 -0.457100
vt 0.146600 -0.460400
vt 0.135300 -0.460300
vt 0.146500 -0.451700
vt 0.165000 -0.457400
vt 0.164600 -0.453800
vt 0.149900 -0.451000
vt 0.148900 -0.459000
vt 0.130600 -0.460500
vt 0.146600 -0.451900
vt 0.130600 -0.457200
vt 0.146600 -0.460600
vt 0.164500 -0.453800
vt 0.149100 -0.458700
vt 0.165000 -0.457300
vt 0.150000 -0.450900
vt 0.131300 -0.457000
vt 0.146500 -0.451800
vt 0.146500 -0.460600
vt 0.130100 -0.461500
vt 0.165000 -0.453600
vt 0.152100 -0.450000
vt 0.152100 -0.461300
vt 0.130000 -0.461600
vt 0.152200 -0.461200
vt 0.217000 -0.413200
vt 0.218500 -0.458200
vt 0.217500 -0.458200
vt 0.218800 -0.413100
vt 0.219400 -0.458200
vt 0.220300 -0.413200
vt 0.220300 -0.458300
vt 0.221900 -0.413400
vt 0.194800 -0.426900
vt 0.191500 -0.431300
vt 0.191500 -0.426900
vt 0.194800 -0.431300
vt 0.200100 -0.431300
vt 0.200100 -0.426900
vt 0.186100 -0.426900
vt 0.186100 -0.431300
vt 0.135200 -0.457000
vt 0.135200 -0.460300
vt 0.165300 -0.453800
vt 0.149400 -0.450800
vt 0.149700 -0.458900
vt 0.164600 -0.457300
vt 0.146500 -0.451900
vt 0.146600 -0.460700
vt 0.130600 -0.457300
vt 0.164500 -0.457300
vt 0.149700 -0.451100
vt 0.149800 -0.459000
vt 0.221900 -0.413200
vt 0.221400 -0.458200
vt 0.220400 -0.458200
vt 0.220100 -0.413100
vt 0.219500 -0.458200
vt 0.218600 -0.413200
vt 0.218600 -0.458300
vt 0.217000 -0.413400
vt 0.205100 -0.466800
vt 0.206700 -0.464600
vt 0.208700 -0.462200
vt 0.191500 -0.466600
vt 0.190500 -0.461700
vt 0.203800 -0.466500
vt 0.204700 -0.463400
vt 0.204700 -0.466500
vt 0.203800 -0.463400
vt 0.206000 -0.463400
vt 0.191700 -0.467400
vt 0.191700 -0.461900
vt 0.206000 -0.465900
vt 0.207800 -0.464400
vt 0.205600 -0.467900
vt 0.207500 -0.463200
vt 0.190400 -0.468500
vt 0.190400 -0.460200
vt 0.207600 -0.465800
vt 0.194100 -0.426900
vt 0.190600 -0.431300
vt 0.190600 -0.426900
vt 0.194200 -0.431200
vt 0.302600 -0.454800
vt 0.292200 -0.455500
vt 0.302600 -0.456400
vt 0.292200 -0.451600
vt 0.274500 -0.455700
vt 0.274500 -0.451700
vt 0.302700 -0.461300
vt 0.302700 -0.458500
vt 0.292200 -0.455600
vt 0.292200 -0.464100
vt 0.274500 -0.455600
vt 0.274400 -0.464200
vt 0.269200 -0.456600
vt 0.269200 -0.462900
vt 0.302800 -0.456400
vt 0.292200 -0.451700
vt 0.302700 -0.454800
vt 0.274400 -0.451800
vt 0.302800 -0.461300
vt 0.292300 -0.464100
vt 0.274500 -0.464300
vt 0.269100 -0.463000
vt 0.267100 -0.456600
vt 0.267000 -0.463100
vt 0.218900 -0.413100
vt 0.220400 -0.413200
vt 0.222000 -0.413400
vt 0.194900 -0.426900
vt 0.191300 -0.431300
vt 0.191300 -0.426900
vt 0.194900 -0.431300
vt 0.269100 -0.455000
vt 0.269100 -0.452900
vt 0.269100 -0.453000
vt 0.269200 -0.455000
vt 0.219900 -0.418600
vt 0.219900 -0.438500
vt 0.221600 -0.438400
vt 0.221600 -0.418400
vt 0.218500 -0.418500
vt 0.218600 -0.438400
vt 0.217100 -0.418400
vt 0.217200 -0.438400
vt 0.195200 -0.426900
vt 0.191600 -0.431300
vt 0.191600 -0.426900
vt 0.195200 -0.431300
vt 0.758000 -0.237800
vt 0.759300 -0.172800
vt 0.759100 -0.237400
vt 0.758200 -0.173100
vt 0.760300 -0.237300
vt 0.760400 -0.172700
vt 0.756900 -0.237300
vt 0.757100 -0.172700
vt 0.758300 -0.237300
vt 0.758500 -0.171800
vt 0.759400 -0.172000
vt 0.759200 -0.237500
vt 0.760500 -0.171800
vt 0.756800 -0.237200
vt 0.757000 -0.171800
vt 0.757800 -0.192200
vt 0.753100 -0.244600
vt 0.753200 -0.194400
vt 0.757700 -0.242400
vt 0.764800 -0.194200
vt 0.761200 -0.241000
vt 0.761300 -0.190800
vt 0.764700 -0.244400
vt 0.758200 -0.172200
vt 0.759100 -0.237300
vt 0.758000 -0.236800
vt 0.759300 -0.172600
vt 0.760200 -0.237300
vt 0.760500 -0.172700
vt 0.758500 -0.172100
vt 0.758300 -0.237600
vt 0.760300 -0.237700
vt 0.760500 -0.172200
vt 0.757100 -0.172200
vt 0.756900 -0.237700
vt 0.760100 -0.192000
vt 0.764800 -0.243500
vt 0.760200 -0.242200
vt 0.764700 -0.193400
vt 0.753100 -0.195200
vt 0.756800 -0.241400
vt 0.753300 -0.245400
vt 0.756700 -0.191200
vt 0.866500 -0.038700
vt 0.870000 -0.038700
vt 0.866400 -0.044300
vt 0.870000 -0.044400
vt 0.870000 -0.050100
vt 0.865900 -0.049900
vt 0.870000 -0.055900
vt 0.865300 -0.055500
vt 0.870000 -0.061600
vt 0.864600 -0.061200
vt 0.870000 -0.067300
vt 0.863800 -0.066900
vt 0.870000 -0.073100
vt 0.863200 -0.072700
vt 0.870000 -0.078800
vt 0.862800 -0.078600
vt 0.870000 -0.084500
vt 0.862600 -0.084500
vt 0.862800 -0.090500
vt 0.870000 -0.090300
vt 0.863200 -0.096400
vt 0.870000 -0.096000
vt 0.863800 -0.102200
vt 0.870000 -0.101700
vt 0.864600 -0.107900
vt 0.870000 -0.107500
vt 0.865300 -0.113600
vt 0.870000 -0.113200
vt 0.865900 -0.119200
vt 0.870000 -0.118900
vt 0.866400 -0.124800
vt 0.870000 -0.124700
vt 0.870000 -0.130400
vt 0.866500 -0.130400
vt 0.530200 -0.496500
vt 0.515800 -0.485000
vt 0.530200 -0.485000
vt 0.511400 -0.496500
vt 0.511400 -0.485000
vt 0.082500 -0.675300
vt 0.084200 -0.675300
vt 0.758500 -0.560800
vt 0.756700 -0.560800
vt 0.650600 -0.882300
vt 0.634000 -0.872900
vt 0.644000 -0.875700
vt 0.653000 -0.891200
vt 0.629500 -0.891100
vt 0.650300 -0.900600
vt 0.643600 -0.907000
vt 0.633600 -0.909200
vt 0.624900 -0.906700
vt 0.619100 -0.900100
vt 0.616900 -0.891000
vt 0.619300 -0.881900
vt 0.625500 -0.875300
vt 0.191800 -0.411000
vt 0.208900 -0.411300
vt 0.199700 -0.413300
vt 0.214900 -0.405500
vt 0.187700 -0.406400
vt 0.188000 -0.396800
vt 0.217400 -0.397000
vt 0.188000 -0.387200
vt 0.215200 -0.388900
vt 0.209200 -0.382900
vt 0.192400 -0.382500
vt 0.200100 -0.380400
vt 0.445500 -0.543500
vt 0.445500 -0.545400
vt 0.453200 -0.545400
vt 0.453200 -0.543500
vt 0.461000 -0.545400
vt 0.461000 -0.543500
vt 0.445400 -0.543500
vt 0.445400 -0.545400
vt 0.453200 -0.543400
vt 0.445500 -0.545300
vt 0.445500 -0.543400
vt 0.453200 -0.545300
vt 0.461000 -0.543400
vt 0.461000 -0.545300
vt 0.445400 -0.545300
vt 0.445400 -0.543400
vt 0.604800 -0.424700
vt 0.605700 -0.413100
vt 0.600800 -0.416000
vt 0.590000 -0.428500
vt 0.582600 -0.419800
vt 0.559000 -0.430400
vt 0.559000 -0.420500
vt 0.528000 -0.428500
vt 0.530200 -0.419100
vt 0.517200 -0.416000
vt 0.513100 -0.424700
vt 0.512300 -0.413100
vt 0.530500 -0.416900
vt 0.516200 -0.406400
vt 0.517000 -0.414000
vt 0.535700 -0.408100
vt 0.559200 -0.418500
vt 0.559200 -0.408500
vt 0.587800 -0.416900
vt 0.582600 -0.408100
vt 0.601200 -0.414000
vt 0.602000 -0.406500
vt 0.578400 -0.388400
vt 0.601400 -0.390000
vt 0.601700 -0.378500
vt 0.562600 -0.388000
vt 0.516600 -0.378500
vt 0.539900 -0.388400
vt 0.516800 -0.390100
vt 0.511400 -0.401600
vt 0.512800 -0.411500
vt 0.502100 -0.390600
vt 0.514500 -0.380800
vt 0.512700 -0.411800
vt 0.974000 -0.101300
vt 0.998700 -0.003400
vt 0.998800 -0.102300
vt 0.973900 -0.002300
vt 0.931900 -0.111700
vt 0.929100 -0.111700
vt 0.928500 -0.081500
vt 0.931300 -0.081600
vt 0.934000 -0.111700
vt 0.933500 -0.081600
vt 0.937300 -0.111600
vt 0.936800 -0.081400
vt 0.808800 -0.193300
vt 0.808800 -0.187500
vt 0.822900 -0.187500
vt 0.822900 -0.193300
vt 0.828100 -0.187500
vt 0.828100 -0.193300
vt 0.814500 -0.187500
vt 0.814500 -0.193300
vt 0.957900 -0.097800
vt 0.962700 -0.107300
vt 0.966600 -0.107300
vt 0.971800 -0.097600
vt 0.928700 -0.081700
vt 0.931500 -0.111400
vt 0.928800 -0.111400
vt 0.931400 -0.081700
vt 0.934100 -0.111400
vt 0.934000 -0.081700
vt 0.937300 -0.111300
vt 0.937200 -0.081600
vt 0.928600 -0.084400
vt 0.934900 -0.109000
vt 0.928700 -0.109000
vt 0.934800 -0.084400
vt 0.937200 -0.108900
vt 0.937100 -0.084400
vt 0.937200 -0.108400
vt 0.937300 -0.083800
vt 0.928800 -0.083800
vt 0.928700 -0.108300
vt 0.928600 -0.084000
vt 0.934900 -0.108500
vt 0.928700 -0.108500
vt 0.934800 -0.084000
vt 0.937200 -0.108500
vt 0.937100 -0.083900
vt 0.937200 -0.108800
vt 0.937300 -0.084300
vt 0.928800 -0.084200
vt 0.928700 -0.108800
vt 0.928800 -0.100700
vt 0.937200 -0.094700
vt 0.937200 -0.100700
vt 0.928800 -0.094700
vt 0.937200 -0.109100
vt 0.934800 -0.084300
vt 0.937200 -0.081800
vt 0.934800 -0.111700
vt 0.932900 -0.084300
vt 0.932900 -0.111700
vt 0.930600 -0.081800
vt 0.930600 -0.109100
vt 0.928700 -0.081800
vt 0.928700 -0.109100
vt 0.608100 -0.380900
vt 0.608100 -0.377900
vt 0.622000 -0.377900
vt 0.622000 -0.380900
vt 0.625300 -0.377900
vt 0.625300 -0.380900
vt 0.639300 -0.377900
vt 0.639300 -0.380900
vt 0.614400 -0.380900
vt 0.626800 -0.403100
vt 0.619200 -0.403100
vt 0.632500 -0.380900
vt 0.626900 -0.403000
vt 0.619200 -0.403000
vt 0.632600 -0.380900
vt 0.635700 -0.403000
vt 0.628000 -0.403000
vt 0.623300 -0.380900
vt 0.641400 -0.380900
vt 0.005200 -0.437400
vt 0.000900 -0.437400
vt 0.003000 -0.435600
vt 0.003000 -0.439200
vt 0.008400 -0.391400
vt 0.006200 -0.393700
vt 0.008300 -0.391400
vt 0.002000 -0.387900
vt 0.005000 -0.386400
vt 0.005100 -0.386500
vt 0.002000 -0.350400
vt 0.005100 -0.350000
vt 0.005200 -0.350100
vt 0.005300 -0.437400
vt 0.001000 -0.437400
vt 0.003100 -0.435600
vt 0.003100 -0.439200
vt 0.624300 -0.403000
vt 0.616700 -0.403000
vt 0.611900 -0.380900
vt 0.630100 -0.380900
vt 0.628700 -0.403000
vt 0.621000 -0.403000
vt 0.616200 -0.380900
vt 0.634400 -0.380900
vt 0.760500 -0.130700
vt 0.762700 -0.131000
vt 0.760700 -0.198400
vt 0.763800 -0.198800
vt 0.753300 -0.130600
vt 0.755600 -0.198500
vt 0.752700 -0.198500
vt 0.755600 -0.130300
vt 0.758200 -0.198000
vt 0.757800 -0.130000
vt 0.760400 -0.130600
vt 0.649300 -0.353400
vt 0.658200 -0.353600
vt 0.649900 -0.350000
vt 0.657600 -0.350200
vt 0.651300 -0.362800
vt 0.650700 -0.354400
vt 0.658800 -0.362000
vt 0.650200 -0.351400
vt 0.658400 -0.341400
vt 0.649900 -0.341200
vt 0.646500 -0.350200
vt 0.646900 -0.341400
vt 0.441800 -0.352500
vt 0.439700 -0.352100
vt 0.439700 -0.342300
vt 0.441800 -0.342000
vt 0.465200 -0.354900
vt 0.465200 -0.339500
vt 0.488600 -0.352400
vt 0.488600 -0.342000
vt 0.490700 -0.352100
vt 0.490700 -0.342300
vt 0.465200 -0.355000
vt 0.465200 -0.361600
vt 0.488600 -0.360100
vt 0.488600 -0.356500
vt 0.490600 -0.358300
vt 0.441800 -0.356500
vt 0.441800 -0.360100
vt 0.439700 -0.358300
vt 0.441900 -0.356400
vt 0.441900 -0.360100
vt 0.439800 -0.358300
vt 0.488600 -0.356400
vt 0.490700 -0.358300
vt 0.441800 -0.352400
vt 0.361600 -0.302700
vt 0.358400 -0.302700
vt 0.358400 -0.308700
vt 0.361500 -0.308700
vt 0.365100 -0.302700
vt 0.365000 -0.308700
vt 0.380900 -0.302700
vt 0.380900 -0.308600
vt 0.393400 -0.302600
vt 0.393400 -0.308600
vt 0.403500 -0.308600
vt 0.403500 -0.302600
vt 0.426000 -0.302700
vt 0.426000 -0.308600
vt 0.350100 -0.320600
vt 0.352800 -0.326300
vt 0.350400 -0.326400
vt 0.353200 -0.320500
vt 0.355900 -0.322400
vt 0.354400 -0.338200
vt 0.357600 -0.335500
vt 0.362500 -0.349000
vt 0.364500 -0.344200
vt 0.371600 -0.353500
vt 0.372800 -0.348800
vt 0.394700 -0.352700
vt 0.394600 -0.350800
vt 0.355900 -0.322300
vt 0.354500 -0.338200
vt 0.364500 -0.344100
vt 0.372800 -0.348700
vt 0.394500 -0.350700
vt 0.394600 -0.352600
vt 0.428200 -0.308600
vt 0.428300 -0.302600
vt 0.492400 -0.308900
vt 0.494800 -0.303000
vt 0.494800 -0.308900
vt 0.492400 -0.303000
vt 0.478100 -0.302900
vt 0.478100 -0.308800
vt 0.462800 -0.302700
vt 0.462800 -0.308700
vt 0.452000 -0.302700
vt 0.451900 -0.308600
vt 0.491700 -0.303000
vt 0.491600 -0.308900
vt 0.488200 -0.303000
vt 0.488200 -0.308900
vt 0.472300 -0.302900
vt 0.472300 -0.308800
vt 0.459800 -0.302800
vt 0.459800 -0.308700
vt 0.449700 -0.308700
vt 0.449700 -0.302700
vt 0.427200 -0.302700
vt 0.427200 -0.308600
vt 0.350200 -0.320600
vt 0.350500 -0.326400
vt 0.353300 -0.320500
vt 0.394600 -0.352700
vt 0.394500 -0.350800
vt 0.350500 -0.326300
vt 0.352800 -0.326200
vt 0.354500 -0.338100
vt 0.362400 -0.349000
vt 0.372700 -0.348800
vt 0.371500 -0.353500
vt 0.425000 -0.302600
vt 0.424900 -0.308600
vt 0.360800 -0.308600
vt 0.358400 -0.308600
vt 0.360800 -0.302700
vt 0.375100 -0.302600
vt 0.375100 -0.308600
vt 0.390400 -0.302600
vt 0.390400 -0.308500
vt 0.401300 -0.302600
vt 0.401200 -0.308500
vt 0.742800 -0.349000
vt 0.745200 -0.351700
vt 0.710000 -0.352600
vt 0.705100 -0.354100
vt 0.705200 -0.347300
vt 0.701900 -0.350600
vt 0.742700 -0.349000
vt 0.745100 -0.351700
vt 0.755100 -0.432700
vt 0.755100 -0.436200
vt 0.994100 -0.436200
vt 0.994100 -0.432700
vt 0.755100 -0.427300
vt 0.994100 -0.427300
vt 0.994100 -0.433000
vt 0.755100 -0.433000
vt 0.755100 -0.417900
vt 0.994100 -0.417900
vt 0.755100 -0.399900
vt 0.994100 -0.399900
vt 0.994100 -0.395800
vt 0.755100 -0.395800
vt 0.994100 -0.391700
vt 0.755100 -0.391700
vt 0.994100 -0.398700
vt 0.755100 -0.398700
vt 0.755100 -0.414100
vt 0.994100 -0.414100
vt 0.686600 -0.515600
vt 0.687400 -0.604500
vt 0.680900 -0.604500
vt 0.681700 -0.515600
vt 0.687000 -0.604500
vt 0.686200 -0.515600
vt 0.680400 -0.604600
vt 0.679600 -0.515700
vt 0.678000 -0.599000
vt 0.676900 -0.549700
vt 0.681700 -0.548800
vt 0.682800 -0.598100
vt 0.679400 -0.549600
vt 0.678300 -0.599000
vt 0.682900 -0.549600
vt 0.684000 -0.598900
vt 0.683900 -0.599200
vt 0.677400 -0.549000
vt 0.676900 -0.598400
vt 0.683700 -0.549900
vt 0.684200 -0.599200
vt 0.677400 -0.549900
vt 0.677900 -0.599200
vt 0.289700 -0.394800
vt 0.289700 -0.437600
vt 0.301800 -0.437600
vt 0.301800 -0.394800
vt 0.289800 -0.391700
vt 0.301800 -0.391700
vt 0.289800 -0.394800
vt 0.305300 -0.437600
vt 0.305300 -0.394800
vt 0.289800 -0.437600
vt 0.289700 -0.391700
vt 0.301900 -0.437600
vt 0.301900 -0.394800
vt 0.782100 -0.510400
vt 0.733000 -0.510200
vt 0.733800 -0.510800
vt 0.781300 -0.511100
vt 0.781200 -0.527400
vt 0.781300 -0.510400
vt 0.782000 -0.527400
vt 0.733600 -0.510900
vt 0.733800 -0.526800
vt 0.781300 -0.527100
vt 0.781100 -0.511200
vt 0.732900 -0.527200
vt 0.733800 -0.510200
vt 0.733700 -0.527200
vt 0.679100 -0.606100
vt 0.686700 -0.513800
vt 0.686700 -0.514300
vt 0.679300 -0.606500
vt 0.915000 -0.433000
vt 0.834000 -0.433000
vt 0.994400 -0.495100
vt 0.994400 -0.499100
vt 0.911300 -0.499100
vt 0.911300 -0.495100
vt 0.911300 -0.467600
vt 0.994400 -0.467600
vt 0.911300 -0.434400
vt 0.994400 -0.434400
vt 0.911600 -0.490900
vt 0.994300 -0.490900
vt 0.994400 -0.467400
vt 0.911600 -0.467400
vt 0.994300 -0.434400
vt 0.911600 -0.434400
vt 0.994400 -0.491000
vt 0.911400 -0.491000
vt 0.994300 -0.467600
vt 0.911300 -0.434500
vt 0.994400 -0.434500
vt 0.994400 -0.496600
vt 0.911500 -0.491000
vt 0.911500 -0.496600
vt 0.876400 -0.436200
vt 0.876400 -0.432700
vt 0.876400 -0.427300
vt 0.876400 -0.433000
vt 0.876400 -0.417900
vt 0.876400 -0.399900
vt 0.876400 -0.395800
vt 0.876400 -0.391700
vt 0.876400 -0.398700
vt 0.876400 -0.414100
vt 0.401500 -0.305200
vt 0.402200 -0.305200
vt 0.402200 -0.307700
vt 0.401500 -0.307700
vt 0.392800 -0.305200
vt 0.392800 -0.307700
vt 0.390200 -0.305200
vt 0.390200 -0.307700
vt 0.389400 -0.305200
vt 0.389400 -0.307700
vt 0.388600 -0.307700
vt 0.388700 -0.305200
vt 0.387900 -0.305200
vt 0.387900 -0.307700
vt 0.386600 -0.307700
vt 0.386600 -0.305200
vt 0.377700 -0.307700
vt 0.377700 -0.305200
vt 0.367800 -0.305200
vt 0.367800 -0.307700
vt 0.365400 -0.305200
vt 0.365400 -0.307700
vt 0.364600 -0.307700
vt 0.364600 -0.305200
vt 0.402300 -0.307700
vt 0.402300 -0.305200
vt 0.401600 -0.307700
vt 0.401600 -0.305200
vt 0.400900 -0.307700
vt 0.400800 -0.305200
vt 0.399600 -0.307700
vt 0.399600 -0.305200
vt 0.391000 -0.307700
vt 0.391000 -0.305200
vt 0.381500 -0.307700
vt 0.381500 -0.305200
vt 0.379100 -0.307700
vt 0.379100 -0.305200
vt 0.378400 -0.307700
vt 0.378400 -0.305200
vt 0.377000 -0.307700
vt 0.377000 -0.305200
vt 0.368600 -0.307700
vt 0.368600 -0.305200
vt 0.366100 -0.307700
vt 0.366100 -0.305200
vt 0.365300 -0.305200
vt 0.365300 -0.307700
vt 0.151600 -0.720600
vt 0.151600 -0.711700
vt 0.147000 -0.704100
vt 0.151600 -0.704100
vt 0.167000 -0.704100
vt 0.145700 -0.703800
vt 0.168300 -0.703800
vt 0.169200 -0.702800
vt 0.169600 -0.701500
vt 0.144700 -0.702800
vt 0.144300 -0.701400
vt 0.144300 -0.699100
vt 0.144300 -0.683300
vt 0.144300 -0.665800
vt 0.144300 -0.661400
vt 0.169700 -0.699100
vt 0.169700 -0.683300
vt 0.169700 -0.665700
vt 0.169800 -0.661300
vt 0.144600 -0.660100
vt 0.169300 -0.660000
vt 0.145600 -0.659100
vt 0.168300 -0.659100
vt 0.167100 -0.658700
vt 0.146800 -0.658700
vt 0.151600 -0.658700
vt 0.151600 -0.648100
vt 0.151600 -0.632200
vt 0.151600 -0.619500
vt 0.166300 -0.918800
vt 0.161300 -0.909900
vt 0.163900 -0.918800
vt 0.158900 -0.909900
vt 0.158400 -0.897400
vt 0.156100 -0.897400
vt 0.156400 -0.881600
vt 0.154000 -0.881600
vt 0.155300 -0.864000
vt 0.153000 -0.864000
vt 0.155400 -0.846400
vt 0.153000 -0.846400
vt 0.156500 -0.830400
vt 0.154200 -0.830400
vt 0.158700 -0.817800
vt 0.156300 -0.817800
vt 0.161000 -0.810500
vt 0.158700 -0.810500
vt 0.183500 -0.338700
vt 0.183400 -0.377100
vt 0.206600 -0.377100
vt 0.206600 -0.338700
vt 0.261000 -0.345600
vt 0.215100 -0.365200
vt 0.215100 -0.345600
vt 0.261000 -0.365100
vt 0.093900 -0.502800
vt 0.079400 -0.516100
vt 0.079400 -0.502800
vt 0.093900 -0.516100
vt 0.252300 -0.351400
vt 0.223400 -0.361800
vt 0.223500 -0.351300
vt 0.252200 -0.361900
vt 0.038300 -0.428100
vt 0.038300 -0.454700
vt 0.066100 -0.454700
vt 0.066100 -0.428100
vt 0.008500 -0.456300
vt 0.038300 -0.451100
vt 0.037800 -0.457300
vt 0.009600 -0.451000
vt 0.038300 -0.431700
vt 0.009600 -0.431500
vt 0.037800 -0.425500
vt 0.008600 -0.426200
vt 0.005800 -0.430500
vt 0.005800 -0.452000
vt 0.260900 -0.367500
vt 0.260800 -0.342500
vt 0.219300 -0.371300
vt 0.223200 -0.347200
vt 0.219300 -0.351500
vt 0.260700 -0.348900
vt 0.219300 -0.365300
vt 0.219000 -0.345600
vt 0.223300 -0.369600
vt 0.261000 -0.373800
vt 0.260300 -0.348100
vt 0.215000 -0.348600
vt 0.215600 -0.362000
vt 0.260900 -0.361500
vt 0.260500 -0.345800
vt 0.216400 -0.356600
vt 0.216100 -0.345600
vt 0.260800 -0.356800
vt 0.219000 -0.375200
vt 0.239100 -0.375200
vt 0.253000 -0.369200
vt 0.215100 -0.371700
vt 0.215100 -0.339700
vt 0.261000 -0.339700
vt 0.260800 -0.369200
vt 0.261000 -0.375200
vt 0.253000 -0.345600
vt 0.260800 -0.345700
vt 0.215100 -0.375200
vt 0.215100 -0.343200
vt 0.219000 -0.339700
vt 0.239100 -0.339700
vt 0.229500 -0.361000
vt 0.249600 -0.361200
vt 0.249600 -0.355300
vt 0.229500 -0.355200
vt 0.056600 -0.422200
vt 0.029700 -0.423600
vt 0.034000 -0.410100
vt 0.054600 -0.410100
vt 0.058800 -0.422200
vt 0.056800 -0.410100
vt 0.054600 -0.410200
vt 0.034000 -0.410200
vt 0.027300 -0.423700
vt 0.034000 -0.410000
vt 0.029800 -0.423700
vt 0.031500 -0.410000
vt 0.080400 -0.509000
vt 0.118800 -0.506500
vt 0.118800 -0.508600
vt 0.080400 -0.506900
vt 0.118700 -0.504600
vt 0.080400 -0.505100
vt 0.118700 -0.502600
vt 0.080300 -0.503000
vt 0.124500 -0.503000
vt 0.078900 -0.505000
vt 0.078800 -0.502900
vt 0.124600 -0.505200
vt 0.078900 -0.506900
vt 0.124600 -0.507000
vt 0.078800 -0.509000
vt 0.124400 -0.509100
vt 0.181900 -0.358200
vt 0.208300 -0.357500
vt 0.181900 -0.357500
vt 0.208300 -0.358200
vt 0.181900 -0.359200
vt 0.208300 -0.359200
vt 0.208200 -0.357500
vt 0.181900 -0.359100
vt 0.208200 -0.359100
vt 0.206100 -0.328600
vt 0.205000 -0.328800
vt 0.207300 -0.328800
vt 0.185100 -0.358200
vt 0.182900 -0.328800
vt 0.185100 -0.328800
vt 0.182900 -0.358200
vt 0.184000 -0.328600
vt 0.207300 -0.358200
vt 0.207200 -0.328800
vt 0.205000 -0.358200
vt 0.075000 -0.420100
vt 0.075000 -0.424900
vt 0.087400 -0.424900
vt 0.087400 -0.420100
vt 0.075000 -0.411600
vt 0.087400 -0.411600
vt 0.204100 -0.337300
vt 0.193800 -0.330400
vt 0.204100 -0.330400
vt 0.193800 -0.337300
vt 0.203800 -0.330700
vt 0.193700 -0.336900
vt 0.193700 -0.330200
vt 0.203900 -0.337300
vt 0.193900 -0.330700
vt 0.193700 -0.337400
vt 0.203900 -0.337200
vt 0.204100 -0.330500
vt 0.308700 -0.473500
vt 0.233000 -0.473500
vt 0.233000 -0.479200
vt 0.308700 -0.479200
vt 0.210600 -0.473500
vt 0.210600 -0.479200
vt 0.252300 -0.347300
vt 0.242400 -0.348700
vt 0.232000 -0.345400
vt 0.224700 -0.345200
vt 0.225300 -0.359100
vt 0.239100 -0.353100
vt 0.237900 -0.354800
vt 0.632500 -0.773500
vt 0.685100 -0.751200
vt 0.685100 -0.776100
vt 0.632600 -0.751100
vt 0.685200 -0.776400
vt 0.632600 -0.774000
vt 0.040500 -0.954300
vt 0.026500 -0.957000
vt 0.040800 -0.956200
vt 0.027300 -0.960400
vt 0.040900 -0.959200
vt 0.017300 -0.962900
vt 0.028000 -0.964000
vt 0.041100 -0.963200
vt 0.018200 -0.967900
vt 0.028600 -0.970700
vt 0.041500 -0.970200
vt 0.018800 -0.975800
vt 0.028900 -0.978600
vt 0.041900 -0.977700
vt 0.018700 -0.982700
vt 0.029200 -0.984200
vt 0.042200 -0.983100
vt 0.029000 -0.990600
vt 0.017400 -0.988500
vt 0.028500 -0.996500
vt 0.042400 -0.990000
vt 0.042400 -0.996500
vt 0.129700 -0.980200
vt 0.130100 -0.989100
vt 0.130200 -0.996500
vt 0.396600 -0.971000
vt 0.396600 -0.968600
vt 0.496700 -0.964200
vt 0.396700 -0.985800
vt 0.396600 -0.995500
vt 0.497500 -0.983200
vt 0.497600 -0.996500
vt 0.074500 -0.739900
vt 0.072400 -0.733000
vt 0.087100 -0.739900
vt 0.087200 -0.735000
vt 0.087500 -0.730900
vt 0.068600 -0.727900
vt 0.087800 -0.727900
vt 0.356600 -0.883800
vt 0.350400 -0.883800
vt 0.356600 -0.881000
vt 0.372300 -0.875700
vt 0.362900 -0.883800
vt 0.362900 -0.881000
vt 0.369200 -0.883800
vt 0.369200 -0.881000
vt 0.375400 -0.883800
vt 0.375400 -0.881000
vt 0.381700 -0.881000
vt 0.381700 -0.883800
vt 0.387900 -0.881000
vt 0.387900 -0.883800
vt 0.394200 -0.883800
vt 0.415400 -0.849900
vt 0.410800 -0.853700
vt 0.411600 -0.854700
vt 0.416600 -0.854700
vt 0.411600 -0.863500
vt 0.409500 -0.860500
vt 0.409500 -0.873700
vt 0.421400 -0.873700
vt 0.416600 -0.863500
vt 0.420300 -0.863500
vt 0.484800 -0.861000
vt 0.481000 -0.861000
vt 0.487500 -0.858400
vt 0.478300 -0.858400
vt 0.487500 -0.854600
vt 0.478300 -0.854600
vt 0.484800 -0.851900
vt 0.481000 -0.851900
vt 0.399600 -0.851500
vt 0.394000 -0.851500
vt 0.390300 -0.851500
vt 0.386400 -0.851500
vt 0.382700 -0.851500
vt 0.377100 -0.851500
vt 0.362900 -0.851500
vt 0.362900 -0.865300
vt 0.478300 -0.851300
vt 0.478300 -0.845300
vt 0.481000 -0.848600
vt 0.487500 -0.845300
vt 0.484800 -0.848600
vt 0.487500 -0.851300
vt 0.059700 -0.829200
vt 0.063300 -0.828500
vt 0.063900 -0.827400
vt 0.059500 -0.824900
vt 0.045900 -0.822800
vt 0.042300 -0.829500
vt 0.025500 -0.824600
vt 0.002100 -0.829200
vt 0.064600 -0.829400
vt 0.069800 -0.829400
vt 0.069800 -0.935100
vt 0.064600 -0.934900
vt 0.063300 -0.829400
vt 0.063300 -0.934900
vt 0.059700 -0.829400
vt 0.059700 -0.935200
vt 0.042300 -0.936200
vt 0.002100 -0.938200
vt 0.083600 -0.935800
vt 0.083600 -0.829400
vt 0.104100 -0.829400
vt 0.104100 -0.936900
vt 0.127800 -0.829400
vt 0.127800 -0.938200
vt 0.404100 -0.889200
vt 0.399900 -0.889200
vt 0.407100 -0.886200
vt 0.396900 -0.886200
vt 0.407100 -0.882000
vt 0.396900 -0.882000
vt 0.405900 -0.880700
vt 0.398200 -0.880700
vt 0.404100 -0.879000
vt 0.399900 -0.879000
vt 0.390500 -0.875700
vt 0.394200 -0.870700
vt 0.390500 -0.870700
vt 0.387900 -0.875700
vt 0.387900 -0.870700
vt 0.381700 -0.875700
vt 0.381700 -0.870700
vt 0.375400 -0.875700
vt 0.375400 -0.870700
vt 0.369200 -0.870700
vt 0.369200 -0.875700
vt 0.362900 -0.870700
vt 0.362900 -0.875700
vt 0.356600 -0.870700
vt 0.356600 -0.875700
vt 0.354000 -0.870700
vt 0.354000 -0.875700
vt 0.350400 -0.870700
vt 0.344100 -0.875700
vt 0.344100 -0.870700
vt 0.459000 -0.774100
vt 0.468000 -0.774100
vt 0.449200 -0.778400
vt 0.468000 -0.778400
vt 0.472200 -0.776400
vt 0.455700 -0.782400
vt 0.468000 -0.782400
vt 0.472200 -0.780500
vt 0.468000 -0.786500
vt 0.472200 -0.784600
vt 0.449200 -0.786500
vt 0.468000 -0.790800
vt 0.459000 -0.790800
vt 0.472200 -0.788600
vt 0.409600 -0.873600
vt 0.419700 -0.885100
vt 0.411100 -0.885000
vt 0.494800 -0.251000
vt 0.396600 -0.270500
vt 0.496800 -0.266000
vt 0.424200 -0.255900
vt 0.129900 -0.282100
vt 0.490500 -0.222900
vt 0.128200 -0.270600
vt 0.042200 -0.285000
vt 0.041900 -0.279600
vt 0.041500 -0.272000
vt 0.126200 -0.257600
vt 0.487000 -0.201400
vt 0.041100 -0.265100
vt 0.125300 -0.251900
vt 0.485400 -0.192400
vt 0.124500 -0.247700
vt 0.040900 -0.261000
vt 0.483600 -0.182700
vt 0.040800 -0.258100
vt 0.123600 -0.243200
vt 0.040500 -0.256200
vt 0.103100 -0.246300
vt 0.038500 -0.279600
vt 0.037700 -0.278100
vt 0.006800 -0.292200
vt 0.007600 -0.293700
vt 0.002700 -0.294100
vt 0.039500 -0.281500
vt 0.003500 -0.295600
vt 0.008600 -0.295700
vt 0.004500 -0.297500
vt 0.040200 -0.282700
vt 0.009200 -0.296800
vt 0.004500 -0.297600
vt 0.005100 -0.298700
vt 0.002000 -0.296300
vt 0.003100 -0.298200
vt 0.097700 -0.978200
vt 0.095300 -0.978400
vt 0.097800 -0.977900
vt 0.095400 -0.978600
vt 0.097800 -0.978300
vt 0.095300 -0.978800
vt 0.095000 -0.978900
vt 0.095200 -0.978700
vt 0.095000 -0.978600
vt 0.094900 -0.978900
vt 0.094400 -0.978700
vt 0.097800 -0.978200
vt 0.097900 -0.978000
vt 0.095500 -0.978500
vt 0.095600 -0.978700
vt 0.097900 -0.978400
vt 0.094800 -0.979000
vt 0.095500 -0.978900
vt 0.094700 -0.978600
vt 0.093800 -0.979200
vt 0.093500 -0.978800
vt 0.095800 -0.978900
vt 0.097100 -0.978300
vt 0.095800 -0.978700
vt 0.097100 -0.978500
vt 0.097200 -0.978500
vt 0.097200 -0.978300
vt 0.097500 -0.978200
vt 0.097500 -0.978000
vt 0.095200 -0.978600
vt 0.094500 -0.979200
vt 0.094800 -0.978700
vt 0.095000 -0.978800
vt 0.094500 -0.978800
vt 0.096000 -0.978500
vt 0.095800 -0.978600
vt 0.095900 -0.978800
vt 0.096000 -0.978700
vt 0.097300 -0.978200
vt 0.097300 -0.978000
vt 0.094500 -0.978700
vt 0.094700 -0.978300
vt 0.095200 -0.978300
vt 0.094900 -0.978800
vt 0.094700 -0.979000
vt 0.095200 -0.979000
vt 0.096800 -0.978400
vt 0.096900 -0.978100
vt 0.094600 -0.979300
vt 0.095100 -0.978500
vt 0.095100 -0.979100
vt 0.094600 -0.978700
vt 0.504100 -0.671500
vt 0.605000 -0.675000
vt 0.504000 -0.672700
vt 0.605100 -0.672500
vt 0.504000 -0.670700
vt 0.604900 -0.670600
vt 0.504000 -0.669700
vt 0.605000 -0.668300
vt 0.381100 -0.439600
vt 0.381100 -0.450400
vt 0.405300 -0.450400
vt 0.405200 -0.439500
vt 0.180600 -0.376000
vt 0.210600 -0.351700
vt 0.210100 -0.376000
vt 0.181100 -0.351700
vt 0.257900 -0.348300
vt 0.216400 -0.348300
vt 0.216400 -0.378500
vt 0.257900 -0.378500
vt 0.181100 -0.376000
vt 0.210100 -0.351700
vt 0.210600 -0.376000
vt 0.180600 -0.351700
vt 0.182900 -0.352000
vt 0.208500 -0.358900
vt 0.182900 -0.358800
vt 0.208600 -0.352100
vt 0.197900 -0.358500
vt 0.197700 -0.354900
vt 0.191800 -0.354900
vt 0.191600 -0.358500
vt 0.207300 -0.358500
vt 0.184700 -0.355000
vt 0.206800 -0.354900
vt 0.184200 -0.358600
vt 0.184700 -0.354900
vt 0.184200 -0.358500
vt 0.396600 -0.984800
vt 0.129800 -0.980200
vt 0.494800 -0.949100
vt 0.424200 -0.954100
vt 0.490500 -0.921100
vt 0.042200 -0.983200
vt 0.128200 -0.968800
vt 0.126200 -0.955800
vt 0.487000 -0.899600
vt 0.041500 -0.970300
vt 0.125200 -0.950100
vt 0.485400 -0.890600
vt 0.041100 -0.963300
vt 0.124500 -0.945900
vt 0.483600 -0.880900
vt 0.123600 -0.941300
vt 0.103000 -0.944400
vt 0.197600 -0.837700
vt 0.197600 -0.822800
vt 0.203300 -0.836500
vt 0.191900 -0.836500
vt 0.208200 -0.833300
vt 0.187100 -0.833300
vt 0.211400 -0.828500
vt 0.183900 -0.828500
vt 0.212500 -0.822800
vt 0.182700 -0.822800
vt 0.211400 -0.817100
vt 0.183900 -0.817100
vt 0.208200 -0.812300
vt 0.187100 -0.812300
vt 0.203300 -0.809000
vt 0.191900 -0.809000
vt 0.197600 -0.807900
vt 0.033100 -0.643400
vt 0.043000 -0.644500
vt 0.054100 -0.643600
vt 0.054200 -0.647500
vt 0.043000 -0.646300
vt 0.033100 -0.647300
vt 0.032700 -0.615900
vt 0.042600 -0.617000
vt 0.053800 -0.616100
vt 0.053700 -0.619900
vt 0.042600 -0.618700
vt 0.032600 -0.619700
vt 0.109100 -0.466700
vt 0.115400 -0.466900
vt 0.115300 -0.462700
vt 0.115600 -0.470700
vt 0.128000 -0.466600
vt 0.110400 -0.466400
vt 0.114500 -0.466300
vt 0.114500 -0.463400
vt 0.114500 -0.469600
vt 0.122700 -0.466800
vt 0.126500 -0.650700
vt 0.136500 -0.651800
vt 0.147700 -0.650900
vt 0.147500 -0.654700
vt 0.136400 -0.653600
vt 0.126400 -0.654500
vt 0.126500 -0.709900
vt 0.136500 -0.711000
vt 0.147700 -0.710100
vt 0.147500 -0.713900
vt 0.136400 -0.712700
vt 0.126400 -0.713700
vt 0.352500 -0.749400
vt 0.345600 -0.753500
vt 0.345600 -0.748900
vt 0.345600 -0.744800
vt 0.332100 -0.748800
vt 0.195900 -0.604400
vt 0.199800 -0.601400
vt 0.199800 -0.604300
vt 0.199800 -0.607600
vt 0.207400 -0.604700
vt 0.367500 -0.361900
vt 0.367700 -0.359500
vt 0.369500 -0.361400
vt 0.369800 -0.358400
vt 0.371700 -0.359900
vt 0.371500 -0.362300
vt 0.357000 -0.356400
vt 0.347500 -0.361200
vt 0.355000 -0.360000
vt 0.357000 -0.356600
vt 0.355100 -0.360300
vt 0.355300 -0.357300
vt 0.354800 -0.361900
vt 0.348400 -0.359000
vt 0.356900 -0.357900
vt 0.356500 -0.360100
vt 0.486000 -0.369200
vt 0.492100 -0.370000
vt 0.491600 -0.372100
vt 0.485700 -0.371600
vt 0.491700 -0.374400
vt 0.485600 -0.374000
vt 0.369400 -0.360900
vt 0.369100 -0.363400
vt 0.369600 -0.358500
vt 0.362200 -0.360300
vt 0.361900 -0.362600
vt 0.362300 -0.357900
vt 0.355200 -0.359600
vt 0.348500 -0.356800
vt 0.348600 -0.359000
vt 0.348100 -0.361200
vt 0.369800 -0.355700
vt 0.486400 -0.366400
vt 0.492000 -0.371600
vt 0.492700 -0.369200
vt 0.363200 -0.356100
vt 0.362200 -0.359300
vt 0.347000 -0.360400
vt 0.348100 -0.362100
vt 0.486100 -0.369100
vt 0.492600 -0.369900
vt 0.492700 -0.372100
vt 0.486000 -0.371500
vt 0.492200 -0.374300
vt 0.369500 -0.358800
vt 0.485700 -0.374000
vt 0.369300 -0.361300
vt 0.362900 -0.358300
vt 0.369100 -0.363700
vt 0.362700 -0.360700
vt 0.362600 -0.363000
vt 0.347200 -0.357100
vt 0.356500 -0.362400
vt 0.345900 -0.359200
vt 0.346900 -0.361500
vt 0.369600 -0.358700
vt 0.369800 -0.355800
vt 0.362200 -0.359500
vt 0.363200 -0.356200
vt 0.348100 -0.362300
vt 0.347100 -0.360600
vt 0.494000 -0.372400
vt 0.456300 -0.365300
vt 0.443200 -0.364100
vt 0.443200 -0.365600
vt 0.456100 -0.366700
vt 0.443000 -0.368100
vt 0.455900 -0.369300
vt 0.442700 -0.369600
vt 0.455800 -0.370800
vt 0.456300 -0.366300
vt 0.443200 -0.365000
vt 0.443400 -0.363100
vt 0.456500 -0.364300
vt 0.368100 -0.360500
vt 0.364600 -0.358800
vt 0.365800 -0.360200
vt 0.369600 -0.359500
vt 0.364800 -0.356900
vt 0.368100 -0.360700
vt 0.365800 -0.360400
vt 0.364800 -0.357200
vt 0.369600 -0.359600
vt 0.369800 -0.357700
vt 0.456300 -0.365200
vt 0.442700 -0.369700
vt 0.455800 -0.370900
vt 0.375200 -0.359100
vt 0.382200 -0.362400
vt 0.375400 -0.361500
vt 0.382100 -0.360100
vt 0.432800 -0.369600
vt 0.424100 -0.368300
vt 0.424700 -0.366500
vt 0.433000 -0.367800
vt 0.441800 -0.368500
vt 0.441400 -0.366700
vt 0.449900 -0.364100
vt 0.449000 -0.362500
vt 0.434000 -0.368500
vt 0.426300 -0.368000
vt 0.426200 -0.365700
vt 0.433500 -0.366100
vt 0.440400 -0.368100
vt 0.439600 -0.365800
vt 0.393900 -0.362900
vt 0.402500 -0.364700
vt 0.402000 -0.363000
vt 0.393800 -0.364600
vt 0.403000 -0.365900
vt 0.386200 -0.361200
vt 0.393900 -0.365900
vt 0.385100 -0.362600
vt 0.384800 -0.363800
vt 0.379400 -0.357200
vt 0.377700 -0.358300
vt 0.421500 -0.366300
vt 0.427900 -0.366700
vt 0.427600 -0.364100
vt 0.421400 -0.363800
vt 0.413500 -0.365800
vt 0.413600 -0.363400
vt 0.434200 -0.366000
vt 0.426200 -0.363100
vt 0.434700 -0.364000
vt 0.425300 -0.365100
vt 0.434300 -0.368100
vt 0.425800 -0.367200
vt 0.441400 -0.367700
vt 0.434500 -0.364200
vt 0.441300 -0.365300
vt 0.434500 -0.366500
vt 0.444200 -0.369400
vt 0.436500 -0.366200
vt 0.436500 -0.368500
vt 0.443800 -0.367100
vt 0.450500 -0.369500
vt 0.449900 -0.367100
vt 0.444600 -0.364600
vt 0.438200 -0.363900
vt 0.438400 -0.366400
vt 0.444500 -0.367100
vt 0.452500 -0.365500
vt 0.452400 -0.367900
vt 0.456900 -0.368100
vt 0.448900 -0.365100
vt 0.457400 -0.366000
vt 0.448000 -0.367100
vt 0.457000 -0.370100
vt 0.448500 -0.369200
vt 0.346700 -0.359300
vt 0.001700 -0.703400
vt -0.000900 -0.695100
vt 0.004200 -0.703100
vt 0.005000 -0.710100
vt 0.002600 -0.710100
vt 0.006200 -0.719100
vt 0.003700 -0.719100
vt 0.007700 -0.733000
vt 0.004800 -0.728000
vt 0.005700 -0.738000
vt 0.008500 -0.747700
vt 0.006000 -0.747700
vt 0.009100 -0.767200
vt 0.006700 -0.767200
vt 0.006700 -0.771500
vt 0.009100 -0.771500
vt 0.040100 -0.642400
vt 0.038600 -0.638500
vt 0.035300 -0.633000
vt 0.002900 -0.690700
vt 0.011000 -0.700400
vt 0.006600 -0.686900
vt 0.019500 -0.697800
vt 0.025300 -0.708000
vt 0.014000 -0.685000
vt 0.030600 -0.694700
vt 0.030100 -0.686100
vt 0.040200 -0.691000
vt 0.051300 -0.700300
vt 0.038700 -0.705300
vt 0.060100 -0.714700
vt 0.046100 -0.716700
vt 0.065600 -0.726400
vt 0.015900 -0.709400
vt 0.020100 -0.719800
vt 0.053800 -0.733500
vt 0.069600 -0.737500
vt 0.031200 -0.718600
vt 0.024800 -0.736300
vt 0.037700 -0.735400
vt 0.057700 -0.750000
vt 0.027200 -0.754200
vt 0.041200 -0.752700
vt 0.027900 -0.771500
vt 0.042200 -0.771500
vt 0.059000 -0.771500
vt 0.001600 -0.703300
vt 0.004000 -0.703000
vt -0.001100 -0.695100
vt 0.025300 -0.708200
vt 0.030400 -0.694700
vt 0.040000 -0.691000
vt 0.029900 -0.686100
vt 0.013900 -0.685000
vt 0.006400 -0.686900
vt 0.002700 -0.690600
vt 0.010800 -0.700300
vt 0.019400 -0.697700
s 1
usemtl Huey
f 1/1/1 2/2/1 3/3/1
f 4/4/2 6/5/2 5/6/2
f 7/4/3 8/5/3 9/6/3
f 10/7/4 11/8/4 12/9/4
f 13/8/5 15/9/5 14/7/5
f 16/10/6 17/11/6 18/12/6
f 19/13/7 21/14/7 20/15/7
f 22/14/8 24/13/8 23/15/8
f 25/16/9 26/17/9 27/18/9
f 28/18/10 30/19/10 29/20/10
f 31/21/11 33/22/11 32/23/11
f 34/24/12 35/25/12 36/26/12
f 37/27/13 39/28/13 38/29/13
f 40/30/14 42/31/14 41/32/14
f 43/33/15 45/34/15 44/35/15
f 46/36/16 47/37/16 48/38/16
f 49/36/17 51/39/17 50/38/17
f 52/40/18 53/41/18 54/42/18
f 55/43/19 52/40/19 56/42/19
f 55/43/20 57/42/20 58/44/20
f 58/44/21 59/42/21 60/45/21
f 61/40/22 62/42/22 63/41/22
f 64/43/23 61/40/23 65/42/23
f 64/43/24 67/42/24 66/44/24
f 66/44/25 68/45/25 69/42/25
f 70/40/26 72/41/26 71/42/26
f 73/43/27 70/40/27 74/42/27
f 73/43/28 75/44/28 76/42/28
f 75/44/29 77/45/29 78/42/29
f 79/40/30 81/42/30 80/41/30
f 82/43/31 79/40/31 83/42/31
f 82/43/32 84/42/32 85/44/32
f 85/44/33 86/42/33 87/45/33
f 88/46/34 89/47/34 90/48/34
f 91/49/35 92/50/35 93/51/35
f 94/52/36 96/49/36 95/53/36
f 97/54/37 99/53/37 98/52/37
f 100/52/38 102/53/38 101/49/38
f 103/54/39 104/53/39 105/52/39
f 106/46/40 107/48/40 108/55/40
f 109/55/41 110/48/41 111/56/41
f 112/56/42 114/57/42 113/48/42
f 115/56/43 116/57/43 117/58/43
f 118/59/44 119/46/44 120/60/44
f 121/60/45 123/55/45 122/46/45
f 124/55/46 126/48/46 125/56/46
f 127/46/47 129/48/47 128/55/47
f 130/60/48 131/55/48 132/46/48
f 133/59/49 135/46/49 134/60/49
f 136/48/50 137/58/50 138/57/50
f 139/56/51 140/58/51 141/48/51
f 142/61/52 143/62/52 144/63/52
f 143/62/53 146/63/53 145/64/53
f 147/61/54 149/62/54 148/63/54
f 150/63/55 149/62/55 151/64/55
f 152/53/56 154/65/56 153/61/56
f 155/65/57 157/62/57 156/61/57
f 158/53/58 160/61/58 159/62/58
f 161/53/59 162/65/59 163/62/59
f 164/66/60 166/59/60 165/51/60
f 167/67/61 169/59/61 168/66/61
f 170/65/62 171/49/62 172/66/62
f 173/49/63 174/51/63 175/66/63
f 176/49/64 177/66/64 178/51/64
f 179/65/65 181/49/65 180/66/65
f 182/67/66 183/59/66 184/66/66
f 185/66/67 186/59/67 187/51/67
f 188/53/68 190/65/68 189/49/68
f 191/53/69 193/49/69 192/65/69
f 194/68/70 196/69/70 195/59/70
f 197/68/71 199/59/71 198/69/71
f 200/59/72 201/60/72 202/69/72
f 203/67/73 205/59/73 204/68/73
f 206/67/74 208/68/74 207/59/74
f 209/59/75 211/60/75 210/69/75
f 212/70/76 214/71/76 213/72/76
f 215/73/77 217/74/77 216/75/77
f 218/75/78 217/74/79 219/76/80
f 219/76/80 217/74/79 220/77/81
f 217/74/79 221/78/82 220/77/81
f 217/74/79 222/79/83 221/78/82
f 220/77/81 221/78/82 223/80/84
f 223/80/84 221/78/82 224/81/85
f 221/78/82 225/82/86 224/81/85
f 226/83/87 227/84/87 228/85/87
f 229/86/88 231/87/88 230/88/88
f 232/87/89 230/88/89 233/86/89
f 234/87/90 236/86/90 235/88/90
f 237/86/91 238/88/91 239/87/91
f 240/86/92 241/88/92 242/87/92
f 243/87/93 244/86/93 241/88/93
f 245/87/94 247/86/94 246/88/94
f 248/86/95 249/88/95 250/87/95
f 251/89/96 252/90/96 253/91/96
f 254/92/97 255/93/97 256/94/97
f 257/92/98 259/94/98 258/93/98
f 260/89/99 261/95/99 262/91/99
f 263/96/100 264/97/100 265/98/100
f 266/99/101 267/100/101 268/91/101
f 269/101/102 271/95/102 270/102/102
f 272/103/103 274/91/103 273/90/103
f 275/104/104 276/105/104 277/106/104
f 278/107/105 279/108/105 280/109/105
f 281/110/105 283/111/105 282/112/105
f 284/111/106 286/113/106 285/114/106
f 287/111/107 288/110/107 289/112/107
f 290/109/107 292/108/107 291/107/107
f 293/115/108 295/116/108 294/117/108
f 296/118/109 298/119/109 297/120/109
f 297/120/110 300/119/111 299/121/112
f 299/121/112 300/119/111 301/122/113
f 301/122/113 300/119/111 302/123/114
f 302/123/114 300/119/111 303/124/115
f 303/124/116 305/119/117 304/125/118
f 304/125/118 305/119/117 306/126/119
f 306/126/119 305/119/117 307/127/120
f 305/119/117 308/128/121 307/127/120
f 305/119/117 309/129/122 308/128/121
f 310/130/123 309/129/122 305/119/117
f 311/131/124 310/130/125 300/119/126
f 312/132/127 311/131/124 300/119/126
f 313/133/128 312/132/127 300/119/126
f 314/134/129 313/133/128 300/119/126
f 315/135/130 314/134/130 316/119/130
f 317/136/100 319/137/100 318/138/100
f 320/139/100 321/140/100 322/137/100
f 323/136/131 324/138/131 325/137/131
f 326/139/131 328/137/131 327/140/131
f 329/136/131 330/138/131 331/137/131
f 332/139/131 334/137/131 333/140/131
f 335/136/131 336/138/131 337/137/131
f 338/139/100 339/140/100 340/137/100
f 341/141/132 342/142/132 343/143/132
f 343/143/133 344/144/133 345/145/134
f 345/145/134 346/141/135 343/143/133
f 345/145/134 347/146/136 346/141/135
f 347/146/136 348/147/137 346/141/135
f 348/147/137 349/148/138 346/141/135
f 347/146/136 350/149/139 348/147/137
f 350/149/139 351/150/140 348/147/137
f 352/145/141 353/151/141 344/144/141
f 354/152/142 356/153/142 355/154/142
f 357/155/143 359/156/143 358/157/143
f 360/158/144 361/159/144 362/160/144
f 363/161/145 364/162/145 365/163/145
f 366/158/145 368/160/145 367/159/145
f 369/161/145 370/162/145 371/163/145
f 372/164/146 374/165/146 373/166/146
f 373/166/147 376/167/147 375/164/147
f 373/166/148 377/168/149 376/167/150
f 373/166/148 378/169/151 377/168/149
f 378/169/152 379/170/153 377/168/154
f 375/164/155 379/170/155 380/165/155
f 378/169/152 380/165/156 379/170/153
f 381/164/146 383/165/146 382/166/146
f 382/166/157 385/167/157 384/164/157
f 382/166/158 386/168/159 385/167/160
f 382/166/158 387/169/151 386/168/159
f 387/169/152 388/170/153 386/168/154
f 384/164/155 388/170/155 389/165/155
f 387/169/152 389/165/156 388/170/153
f 390/171/161 392/172/161 391/173/161
f 391/173/162 394/174/162 393/171/162
f 391/173/163 395/175/164 394/174/165
f 391/173/163 396/176/166 395/175/164
f 396/176/167 397/177/168 395/175/169
f 393/171/170 397/177/170 398/172/170
f 396/176/167 398/172/171 397/177/168
f 399/178/172 400/179/173 397/177/174
f 399/178/172 401/180/175 400/179/173
f 402/171/176 403/173/176 404/172/176
f 403/173/177 406/174/177 405/171/177
f 403/173/178 407/175/179 406/174/180
f 403/173/178 408/176/181 407/175/179
f 408/176/182 409/177/183 407/175/184
f 405/171/185 409/177/185 410/172/185
f 408/176/182 410/172/186 409/177/183
f 411/181/172 412/182/173 409/177/187
f 411/181/172 413/183/188 412/182/173
f 414/152/131 416/153/131 415/154/131
f 417/155/189 418/157/189 419/156/189
f 420/158/190 422/160/190 421/159/190
f 423/161/145 424/162/145 425/163/145
f 426/158/145 428/160/145 427/159/145
f 429/161/190 430/162/190 431/163/190
f 432/184/191 434/185/191 433/186/191
f 435/184/192 434/185/192 436/187/192
f 437/188/131 438/189/131 439/190/131
f 440/188/100 441/191/100 439/190/100
f 442/192/100 441/191/100 440/188/100
f 442/192/100 443/193/100 441/191/100
f 444/194/100 443/193/100 442/192/100
f 444/194/100 442/192/100 445/195/100
f 446/196/193 447/197/193 448/198/193
f 449/196/194 451/199/194 450/198/194
f 452/200/193 454/201/193 453/202/193
f 455/200/195 456/201/195 457/203/195
f 458/196/196 459/197/196 460/198/196
f 461/196/193 462/198/193 463/199/193
f 464/200/197 465/202/197 466/201/197
f 467/200/198 469/203/198 468/201/198
f 470/196/194 472/198/194 471/197/194
f 473/196/195 475/199/195 474/198/195
f 476/200/193 478/201/193 477/202/193
f 479/200/193 481/203/193 480/201/193
f 482/204/199 484/205/199 483/206/199
f 485/204/200 483/206/200 486/207/200
f 486/207/201 483/206/201 487/208/201
f 486/207/201 487/208/201 488/209/201
f 489/210/202 485/204/203 490/205/204
f 489/210/202 490/205/204 491/211/205
f 492/212/206 494/213/206 493/214/206
f 495/212/207 496/215/207 494/213/207
f 496/215/208 497/211/208 494/213/208
f 496/215/208 498/210/208 497/211/208
f 499/216/209 501/216/209 500/217/209
f 502/216/210 503/216/210 504/217/210
f 505/218/211 506/219/211 507/220/211
f 508/218/209 509/220/209 510/221/209
f 511/216/212 512/217/212 513/216/212
f 514/216/212 515/216/212 516/217/212
f 517/218/209 518/219/209 519/220/209
f 520/218/209 521/220/209 522/221/209
f 523/216/213 524/217/213 525/216/213
f 526/216/213 527/216/213 528/217/213
f 529/218/214 530/221/214 531/220/214
f 532/218/215 533/220/215 534/219/215
f 535/216/216 536/217/216 537/216/216
f 538/216/215 540/217/215 539/216/215
f 541/218/213 543/220/213 542/221/213
f 544/218/214 545/220/214 546/219/214
f 547/222/131 548/223/131 549/224/131
f 550/225/100 551/226/100 552/227/100
f 553/228/131 554/229/131 555/230/131
f 556/231/131 558/232/131 557/233/131
f 559/234/217 561/235/217 560/236/217
f 562/237/218 564/238/218 563/239/218
f 565/240/219 567/241/219 566/242/219
f 568/240/220 569/242/220 570/241/220
f 571/243/221 573/244/221 572/245/221
f 574/246/222 575/247/222 576/248/222
f 577/249/223 579/250/223 578/251/223
f 580/252/131 581/253/131 582/254/131
f 583/222/100 584/224/100 585/223/100
f 586/225/131 587/227/131 588/226/131
f 589/228/100 590/230/100 591/229/100
f 592/231/131 593/232/131 594/233/131
f 595/234/217 597/236/217 596/235/217
f 598/237/224 599/238/224 600/239/224
f 601/240/219 603/242/219 602/241/219
f 604/240/219 606/242/219 605/241/219
f 607/243/221 609/245/221 608/244/221
f 610/246/221 612/247/221 611/248/221
f 613/249/225 615/251/225 614/250/225
f 616/252/131 618/253/131 617/254/131
f 619/255/226 621/256/226 620/257/226
f 622/258/227 623/259/227 624/260/227
f 622/258/228 626/261/228 625/260/228
f 627/262/229 629/263/229 628/264/229
f 630/265/230 631/263/231 627/262/232
f 627/262/232 632/266/232 630/265/230
f 632/266/232 633/267/233 630/265/230
f 630/265/234 633/267/234 634/268/234
f 634/268/234 633/267/234 635/269/234
f 636/270/235 633/267/233 632/266/232
f 632/266/236 637/271/236 636/270/236
f 638/272/236 637/271/236 632/266/236
f 638/272/237 639/273/237 637/271/237
f 637/271/237 639/273/237 640/274/237
f 639/273/238 641/275/238 640/274/239
f 640/274/239 641/275/238 642/276/239
f 641/275/240 643/277/241 642/276/242
f 641/275/240 644/278/243 643/277/241
f 642/276/242 643/277/241 645/279/244
f 643/277/241 644/278/243 646/280/245
f 644/278/243 647/281/246 646/280/245
f 643/277/247 648/282/248 645/279/249
f 645/279/249 648/282/248 649/283/250
f 648/282/251 650/284/252 649/283/253
f 651/285/254 650/284/252 648/282/251
f 652/286/255 654/287/255 653/288/255
f 655/289/256 656/290/256 657/291/256
f 658/292/257 659/293/257 660/294/257
f 661/295/258 663/296/258 662/297/258
f 664/298/259 666/299/259 665/300/259
f 667/301/260 664/298/261 668/302/262
f 664/298/261 667/301/260 669/299/263
f 670/303/264 672/304/264 671/305/264
f 673/306/265 675/307/265 674/308/265
f 674/308/266 676/306/266 677/309/266
f 676/306/267 679/310/268 678/307/269
f 679/310/268 680/311/270 678/307/269
f 681/312/271 678/307/269 680/311/270
f 682/313/272 680/311/270 679/310/268
f 683/314/273 680/311/270 682/313/272
f 678/307/269 681/312/271 684/305/274
f 685/315/275 680/311/270 683/314/273
f 681/312/271 680/311/270 685/315/275
f 685/315/275 683/314/273 686/316/276
f 685/315/275 686/316/276 687/317/277
f 688/318/278 687/317/277 686/316/276
f 688/318/278 686/316/276 689/319/279
f 690/320/280 688/318/281 689/319/282
f 690/320/280 689/319/282 691/321/283
f 684/305/274 681/312/271 692/322/284
f 681/312/271 693/323/285 692/322/284
f 693/323/286 694/324/287 692/322/288
f 692/322/288 694/324/287 695/312/289
f 694/324/290 696/325/291 695/312/292
f 697/326/293 681/312/294 696/325/295
f 697/326/296 696/325/291 694/324/290
f 698/324/297 693/323/285 681/312/271
f 698/324/298 681/312/294 697/326/293
f 693/323/299 699/327/300 694/324/301
f 699/327/302 697/326/303 694/324/304
f 700/328/305 699/327/300 693/323/299
f 698/324/306 701/328/307 693/323/308
f 702/329/309 697/326/303 699/327/302
f 702/329/310 698/324/298 697/326/293
f 703/327/311 701/328/307 698/324/306
f 703/327/312 698/324/298 702/329/310
f 703/327/313 702/329/314 704/330/313
f 703/327/313 704/330/313 705/328/315
f 706/331/316 684/305/317 707/332/318
f 706/331/316 708/300/319 684/305/317
f 708/300/319 706/331/316 709/311/320
f 708/300/319 709/311/320 710/310/321
f 710/310/321 711/298/322 708/300/319
f 710/310/321 712/333/323 711/298/322
f 712/333/323 713/302/324 711/298/322
f 709/311/320 714/313/325 710/310/321
f 709/311/320 715/314/326 714/313/325
f 715/314/326 709/311/320 716/315/327
f 716/315/327 709/311/320 695/312/328
f 717/316/329 715/314/326 716/315/327
f 717/316/329 716/315/327 718/317/330
f 718/317/330 719/319/331 717/316/329
f 720/318/332 719/319/331 718/317/330
f 720/318/333 721/321/334 719/319/335
f 722/320/336 721/321/334 720/318/333
f 723/334/337 724/335/337 725/336/338
f 723/334/337 726/337/339 724/335/337
f 727/334/340 724/335/340 726/337/341
f 727/334/340 728/336/342 724/335/340
f 729/338/343 731/339/344 730/340/345
f 730/340/345 731/339/344 732/341/346
f 733/338/347 735/340/347 734/342/347
f 734/342/347 735/340/347 736/343/347
f 737/344/348 739/345/349 738/346/348
f 738/346/348 739/345/349 740/347/350
f 741/348/351 743/349/351 742/350/351
f 744/351/352 741/348/352 742/350/352
f 745/6/353 747/352/354 746/5/355
f 747/352/354 745/6/353 748/353/356
f 747/352/354 748/353/356 749/354/357
f 747/352/354 749/354/357 750/355/358
f 750/355/358 749/354/357 751/356/359
f 750/355/358 752/351/360 747/352/354
f 752/351/360 750/355/358 753/348/361
f 754/354/362 755/356/363 756/357/364
f 755/356/363 757/358/365 756/357/364
f 755/356/363 758/355/366 757/358/365
f 758/355/366 759/359/367 757/358/365
f 760/354/368 761/357/368 762/356/369
f 761/357/368 763/358/370 762/356/369
f 762/356/369 763/358/370 764/355/371
f 763/358/370 765/359/372 764/355/371
f 766/349/373 768/355/373 767/348/373
f 766/349/374 769/359/374 768/355/374
f 770/360/375 771/361/376 772/362/377
f 771/361/376 773/363/378 772/362/377
f 774/364/379 776/365/379 775/366/380
f 775/366/380 776/365/379 777/367/381
f 775/366/380 777/367/381 778/368/382
f 778/368/382 777/367/381 779/369/383
f 780/365/384 782/364/385 781/367/386
f 781/367/386 782/364/385 783/366/387
f 781/367/386 783/366/387 784/369/382
f 784/369/382 783/366/387 785/368/382
f 786/370/388 788/371/388 787/372/388
f 787/372/388 788/371/388 789/373/388
f 790/374/389 792/375/390 791/376/391
f 793/377/392 792/375/390 790/374/389
f 793/377/392 794/378/393 792/375/390
f 795/379/394 794/378/393 793/377/392
f 794/378/393 795/379/394 796/380/395
f 795/379/394 797/381/396 796/380/395
f 796/380/395 797/381/396 798/382/397
f 797/381/396 799/383/398 798/382/397
f 798/382/397 799/383/398 800/384/399
f 799/383/398 801/385/400 800/384/399
f 800/384/399 801/385/400 802/386/401
f 803/360/402 804/362/403 805/361/404
f 804/362/403 806/363/405 805/361/404
f 807/387/406 809/388/407 808/389/408
f 807/387/406 808/389/408 810/390/409
f 811/391/410 812/392/411 813/393/412
f 812/392/411 814/394/413 813/393/412
f 812/392/411 815/395/414 814/394/413
f 815/395/414 816/396/415 814/394/413
f 815/395/414 817/397/416 816/396/415
f 817/397/416 818/398/417 816/396/415
f 817/397/416 819/399/418 818/398/417
f 819/399/418 820/400/419 818/398/417
f 819/399/418 821/401/420 820/400/419
f 821/401/420 822/402/421 820/400/419
f 821/401/420 823/403/422 822/402/421
f 823/403/422 824/404/423 822/402/421
f 825/405/424 827/406/425 826/407/426
f 828/408/427 827/406/425 825/405/424
f 828/408/427 829/409/428 827/406/425
f 830/410/429 829/409/428 828/408/427
f 830/410/429 831/411/430 829/409/428
f 832/412/430 831/411/430 830/410/429
f 832/412/430 833/413/431 831/411/430
f 831/411/430 833/413/431 834/414/431
f 833/413/431 835/415/432 834/414/431
f 836/416/433 835/415/432 833/413/431
f 836/416/433 837/417/434 835/415/432
f 838/418/435 837/417/434 836/416/433
f 839/370/436 841/372/436 840/371/436
f 840/371/436 841/372/436 842/373/436
f 843/374/437 845/376/437 844/377/438
f 844/377/438 845/376/437 846/375/439
f 844/377/438 846/375/439 847/379/440
f 847/379/440 846/375/439 848/378/441
f 847/379/440 848/378/441 849/380/442
f 847/379/440 849/380/442 850/381/443
f 850/381/443 849/380/442 851/382/444
f 850/381/443 851/382/444 852/383/445
f 852/383/445 851/382/444 853/384/446
f 852/383/445 853/384/446 854/385/447
f 854/385/447 853/384/446 855/386/448
f 856/387/449 858/390/450 857/388/451
f 858/390/450 859/389/452 857/388/451
f 860/391/453 861/393/454 862/392/455
f 861/393/454 863/394/456 862/392/455
f 862/392/455 863/394/456 864/395/457
f 863/394/456 865/396/458 864/395/457
f 864/395/457 865/396/458 866/397/459
f 865/396/458 867/398/460 866/397/459
f 866/397/459 867/398/460 868/399/461
f 867/398/460 869/400/462 868/399/461
f 868/399/461 869/400/462 870/401/463
f 869/400/462 871/402/464 870/401/463
f 870/401/463 871/402/464 872/403/465
f 871/402/464 873/404/466 872/403/465
f 874/405/467 876/407/468 875/406/469
f 875/406/469 877/410/470 874/405/467
f 874/405/467 877/410/470 878/408/471
f 875/406/469 879/409/470 877/410/470
f 879/409/470 880/411/472 877/410/470
f 877/410/470 880/411/472 881/412/472
f 880/411/472 882/414/473 881/412/472
f 881/412/472 882/414/473 883/413/473
f 882/414/473 884/415/474 883/413/473
f 883/413/473 884/415/474 885/416/475
f 884/415/474 886/417/476 885/416/475
f 885/416/475 886/417/476 887/418/477
f 888/419/478 889/420/479 890/421/480
f 888/419/478 891/14/481 889/420/479
f 891/14/481 888/419/478 892/422/482
f 891/14/481 892/422/482 893/423/483
f 893/423/483 894/13/484 891/14/481
f 893/423/483 895/424/485 894/13/484
f 895/424/485 896/425/486 894/13/484
f 896/425/486 895/424/485 897/426/487
f 896/425/486 897/426/487 898/427/488
f 898/427/488 899/428/489 896/425/486
f 899/428/489 900/429/490 896/425/486
f 899/428/491 901/430/492 900/429/493
f 901/430/492 902/431/494 900/429/493
f 901/430/492 903/432/495 902/431/494
f 903/432/495 904/433/495 902/431/494
f 903/432/496 905/434/497 904/433/496
f 905/434/497 903/432/496 906/435/497
f 907/436/498 905/434/497 906/435/497
f 908/437/499 907/436/498 906/435/497
f 908/437/499 909/438/500 907/436/498
f 909/438/500 910/439/501 907/436/498
f 911/440/502 910/439/503 909/438/504
f 912/441/505 911/440/502 909/438/504
f 913/419/506 914/421/507 915/442/508
f 916/443/509 913/419/506 915/442/508
f 916/443/509 915/442/508 917/14/510
f 918/423/511 916/443/509 917/14/510
f 918/423/512 917/14/513 919/444/514
f 917/14/513 920/445/515 919/444/514
f 919/444/514 920/445/515 921/446/516
f 922/447/517 919/444/514 921/446/516
f 922/447/517 921/446/516 923/448/518
f 921/446/516 924/449/519 923/448/518
f 923/448/518 924/449/519 925/450/520
f 924/449/519 926/451/520 925/450/520
f 925/450/521 926/451/521 927/452/522
f 926/451/521 928/453/523 927/452/522
f 927/452/522 928/453/523 929/454/524
f 928/453/523 930/455/525 929/454/524
f 929/454/524 930/455/525 931/456/526
f 930/455/525 932/457/527 931/456/526
f 932/457/527 933/458/528 931/456/526
f 932/457/527 934/459/529 933/458/528
f 933/458/528 934/459/529 935/438/530
f 934/459/529 936/439/531 935/438/530
f 935/438/530 936/439/531 937/441/532
f 936/439/531 938/440/533 937/441/532
f 939/460/534 940/461/535 941/462/536
f 942/463/537 939/460/534 941/462/536
f 942/463/538 941/462/538 943/464/539
f 944/465/540 942/463/538 943/464/539
f 944/465/540 943/464/539 945/466/541
f 943/464/539 946/467/541 945/466/541
f 945/466/542 946/467/543 947/468/544
f 946/467/543 948/469/545 947/468/544
f 947/468/546 948/469/546 949/470/547
f 948/469/546 950/471/548 949/470/547
f 949/470/547 950/471/548 951/472/549
f 950/471/548 952/473/550 951/472/549
f 951/472/549 952/473/550 953/474/551
f 952/473/550 954/475/552 953/474/551
f 953/474/551 954/475/552 955/476/553
f 954/475/552 956/477/554 955/476/553
f 955/476/553 956/477/554 957/478/555
f 956/477/554 958/479/556 957/478/555
f 957/478/555 958/479/556 959/480/557
f 958/479/556 960/481/558 959/480/557
f 959/480/559 960/481/560 961/482/561
f 960/481/560 962/483/562 961/482/561
f 961/482/563 962/483/564 963/484/565
f 962/483/564 964/485/566 963/484/565
f 964/485/566 965/486/567 963/484/565
f 964/485/566 966/487/567 965/486/567
f 965/486/568 966/487/569 967/488/570
f 968/489/571 965/486/568 967/488/570
f 968/489/572 967/488/572 969/490/573
f 970/491/574 968/489/572 969/490/573
f 970/491/574 969/490/573 971/492/575
f 972/493/576 970/491/574 971/492/575
f 973/494/577 972/493/576 971/492/575
f 973/494/577 971/492/575 974/495/578
f 975/496/579 973/494/577 974/495/578
f 975/496/579 974/495/578 976/497/580
f 977/498/581 975/496/579 976/497/580
f 977/498/581 976/497/580 978/499/582
f 979/500/583 977/498/581 978/499/582
f 979/500/583 978/499/582 980/501/584
f 981/421/585 983/419/586 982/422/587
f 981/421/585 982/422/587 984/423/588
f 985/421/589 986/419/590 987/443/591
f 988/442/592 985/421/589 987/443/591
f 988/442/592 987/443/591 989/423/593
f 990/14/594 988/442/592 989/423/593
f 990/14/595 989/423/596 991/445/597
f 989/423/596 992/444/598 991/445/597
f 991/445/597 992/444/598 993/447/599
f 994/446/600 991/445/597 993/447/599
f 994/446/600 993/447/599 995/449/601
f 993/447/599 996/448/602 995/449/601
f 995/449/601 996/448/602 997/451/603
f 996/448/602 998/450/604 997/451/603
f 997/451/605 998/450/606 999/453/607
f 998/450/606 1000/452/608 999/453/607
f 999/453/607 1000/452/608 1001/455/609
f 1000/452/608 1002/454/610 1001/455/609
f 1001/455/609 1002/454/610 1003/457/611
f 1002/454/610 1004/456/612 1003/457/611
f 1004/456/612 1005/459/613 1003/457/611
f 1004/456/612 1006/458/614 1005/459/613
f 1005/459/613 1006/458/614 1007/439/615
f 1006/458/614 1008/438/616 1007/439/615
f 1007/439/615 1008/438/616 1009/440/617
f 1008/438/616 1010/441/618 1009/440/617
f 1011/440/619 1012/441/619 1013/439/619
f 1012/441/619 1014/438/619 1013/439/619
f 1013/439/620 1014/438/620 1015/437/621
f 1016/436/622 1013/439/620 1015/437/621
f 1016/436/622 1015/437/621 1017/434/623
f 1015/437/621 1018/435/624 1017/434/623
f 1017/434/623 1018/435/624 1019/433/625
f 1018/435/624 1020/432/626 1019/433/625
f 1021/433/627 1023/430/628 1022/432/629
f 1024/431/630 1023/430/628 1021/433/627
f 1024/431/630 1025/428/631 1023/430/628
f 1026/429/632 1025/428/631 1024/431/630
f 1027/429/633 1029/427/634 1028/428/635
f 1030/425/636 1029/427/634 1027/429/633
f 1030/425/636 1031/426/637 1029/427/634
f 1032/13/638 1031/426/637 1030/425/636
f 1031/426/637 1032/13/638 1033/14/639
f 1033/14/639 1034/424/640 1031/426/637
f 1033/14/639 1035/423/641 1034/424/640
f 1035/423/641 1033/14/639 1036/420/642
f 1035/423/641 1036/420/642 1037/421/643
f 1038/479/644 1039/476/645 1040/478/646
f 1038/479/644 1040/478/646 1041/481/647
f 1040/478/646 1042/480/648 1041/481/647
f 1041/481/649 1042/480/650 1043/483/651
f 1042/480/650 1044/482/652 1043/483/651
f 1043/483/653 1044/482/654 1045/485/655
f 1044/482/654 1046/484/655 1045/485/655
f 1046/484/655 1047/487/656 1045/485/655
f 1046/484/655 1048/486/657 1047/487/656
f 1047/487/658 1048/486/659 1049/489/660
f 1050/488/661 1047/487/658 1049/489/660
f 1050/488/662 1049/489/662 1051/491/663
f 1052/490/664 1050/488/662 1051/491/663
f 1052/490/664 1051/491/663 1053/493/665
f 1054/492/666 1052/490/664 1053/493/665
f 1055/495/667 1054/492/666 1053/493/665
f 1055/495/667 1053/493/665 1056/494/668
f 1057/497/669 1055/495/667 1056/494/668
f 1057/497/669 1056/494/668 1058/496/670
f 1059/499/671 1057/497/669 1058/496/670
f 1059/499/671 1058/496/670 1060/498/672
f 1061/501/673 1059/499/671 1060/498/672
f 1061/501/673 1060/498/672 1062/500/674
f 1063/461/675 1064/460/675 1065/463/675
f 1066/462/675 1063/461/675 1065/463/675
f 1066/462/676 1065/463/676 1067/465/677
f 1068/464/595 1066/462/676 1067/465/677
f 1068/464/595 1067/465/677 1069/467/678
f 1067/465/677 1070/466/679 1069/467/678
f 1069/467/680 1070/466/681 1071/469/682
f 1070/466/681 1072/468/683 1071/469/682
f 1071/469/684 1072/468/685 1073/471/686
f 1072/468/685 1074/470/687 1073/471/686
f 1073/471/686 1074/470/687 1075/473/688
f 1074/470/687 1076/472/689 1075/473/688
f 1075/473/688 1076/472/689 1077/475/690
f 1076/472/689 1078/474/691 1077/475/690
f 1077/475/690 1078/474/691 1079/477/692
f 1078/474/691 1038/479/693 1079/477/692
f 1080/502/694 1082/503/695 1081/504/696
f 1081/504/696 1082/503/695 1083/505/697
f 1084/506/698 1086/507/699 1085/508/700
f 1085/508/700 1086/507/699 1087/509/701
f 1088/510/702 1090/511/703 1089/512/704
f 1088/510/702 1091/513/705 1090/511/703
f 1092/514/706 1091/513/705 1088/510/702
f 1092/514/706 1093/515/707 1091/513/705
f 1094/516/708 1093/515/707 1092/514/706
f 1094/516/708 1095/517/709 1093/515/707
f 1093/515/707 1095/517/709 1096/518/710
f 1095/517/709 1097/519/711 1096/518/710
f 1096/518/710 1097/519/711 1098/520/712
f 1097/519/711 1099/521/713 1098/520/712
f 1098/520/712 1099/521/713 1100/522/714
f 1099/521/713 1101/523/715 1100/522/714
f 1102/524/716 1104/525/717 1103/526/718
f 1105/527/719 1104/525/717 1102/524/716
f 1105/527/719 1106/528/720 1104/525/717
f 1107/529/721 1106/528/722 1105/527/723
f 1107/529/721 1108/530/724 1106/528/722
f 1109/531/725 1108/530/724 1107/529/721
f 1112/532/726 1111/533/727 1110/534/728
f 1112/532/726 1113/535/729 1111/533/727
f 1114/536/730 1113/535/729 1112/532/726
f 1114/536/730 1112/532/726 1115/537/731
f 1115/537/731 1116/538/732 1114/536/730
f 1114/536/730 1116/538/732 1117/539/733
f 1118/540/734 1116/538/732 1115/537/731
f 1117/539/733 1116/538/732 1119/541/735
f 1118/540/734 1120/542/736 1116/538/732
f 1120/542/736 1118/540/734 1121/543/737
f 1120/542/736 1121/543/737 1122/544/738
f 1121/543/737 1123/545/739 1122/544/738
f 1124/546/740 1122/544/738 1123/545/739
f 1125/547/741 1122/544/738 1124/546/740
f 1119/541/735 1116/538/732 1126/548/742
f 1120/542/736 1126/548/742 1116/538/732
f 1119/541/735 1126/548/742 1127/549/743
f 1127/549/743 1126/548/742 1128/550/744
f 1128/550/744 1126/548/742 1129/551/745
f 1128/550/744 1129/551/745 1130/552/746
f 1129/551/745 1131/553/747 1130/552/746
f 1131/553/747 1129/551/745 1132/554/748
f 1132/554/748 1129/551/745 1133/555/749
f 1120/542/736 1134/556/750 1126/548/742
f 1134/556/750 1129/551/745 1126/548/742
f 1133/555/749 1129/551/745 1135/557/751
f 1134/556/750 1135/557/751 1129/551/745
f 1133/555/749 1135/557/751 1136/558/752
f 1137/559/753 1136/558/752 1135/557/751
f 1134/556/750 1137/559/753 1135/557/751
f 1137/559/753 1138/560/754 1136/558/752
f 1137/559/753 1139/561/755 1138/560/754
f 1120/542/736 1140/562/756 1134/556/750
f 1134/556/750 1140/562/756 1137/559/753
f 1120/542/736 1122/544/738 1140/562/756
f 1122/544/738 1141/563/757 1140/562/756
f 1141/563/757 1137/559/753 1140/562/756
f 1142/564/758 1139/561/755 1137/559/753
f 1143/565/759 1139/561/755 1142/564/758
f 1144/566/760 1141/563/757 1122/544/738
f 1125/547/741 1144/566/760 1122/544/738
f 1125/547/741 1145/567/761 1144/566/760
f 1146/568/762 1137/559/753 1141/563/757
f 1144/566/760 1146/568/762 1141/563/757
f 1146/568/762 1142/564/758 1137/559/753
f 1144/566/760 1145/567/761 1147/569/763
f 1147/569/763 1146/568/762 1144/566/760
f 1145/567/761 1148/570/764 1147/569/763
f 1147/569/763 1149/571/765 1146/568/762
f 1149/571/765 1142/564/758 1146/568/762
f 1150/572/766 1142/564/758 1149/571/765
f 1143/565/759 1142/564/758 1151/573/767
f 1150/572/766 1151/573/767 1142/564/758
f 1152/574/768 1143/565/759 1151/573/767
f 1147/569/763 1148/570/764 1153/575/769
f 1153/575/769 1149/571/765 1147/569/763
f 1153/575/769 1150/572/766 1149/571/765
f 1148/570/764 1154/576/770 1153/575/769
f 1152/574/768 1151/573/767 1155/577/771
f 1150/572/766 1155/577/771 1151/573/767
f 1156/578/772 1152/574/768 1155/577/771
f 1153/575/769 1154/576/770 1157/579/773
f 1157/579/773 1150/572/766 1153/575/769
f 1154/576/770 1158/580/774 1157/579/773
f 1159/581/775 1150/572/766 1157/579/773
f 1158/580/774 1159/581/775 1157/579/773
f 1159/581/775 1160/582/776 1150/572/766
f 1160/582/776 1155/577/771 1150/572/766
f 1161/583/777 1160/582/776 1159/581/775
f 1161/583/777 1155/577/771 1160/582/776
f 1158/580/774 1162/584/778 1159/581/775
f 1156/578/772 1155/577/771 1163/585/779
f 1161/583/777 1163/585/779 1155/577/771
f 1163/585/779 1164/586/780 1156/578/772
f 1161/583/777 1165/587/781 1163/585/779
f 1165/587/781 1164/586/780 1163/585/779
f 1165/587/781 1166/588/782 1164/586/780
f 1167/589/783 1165/587/781 1161/583/777
f 1168/590/784 1166/588/782 1165/587/781
f 1167/589/783 1168/590/784 1165/587/781
f 1169/591/785 1168/590/784 1167/589/783
f 1170/592/786 1162/584/778 1158/580/774
f 1170/592/786 1171/593/787 1162/584/778
f 1170/592/786 1158/580/774 1172/594/788
f 1172/594/788 1158/580/774 1173/576/789
f 1174/595/790 1172/594/788 1173/576/789
f 1175/596/791 1171/593/787 1170/592/786
f 1176/597/792 1171/593/787 1175/596/791
f 1170/592/786 1172/594/788 1177/598/793
f 1170/592/786 1177/598/793 1175/596/791
f 1178/599/794 1176/597/792 1175/596/791
f 1175/596/791 1177/598/793 1178/599/794
f 1179/600/795 1176/597/792 1178/599/794
f 1180/601/796 1172/594/788 1174/595/790
f 1177/598/793 1172/594/788 1180/601/796
f 1181/602/797 1179/600/795 1178/599/794
f 1182/603/798 1179/600/795 1181/602/797
f 1183/604/799 1178/599/794 1177/598/793
f 1183/604/799 1177/598/793 1180/601/796
f 1181/602/797 1178/599/794 1183/604/799
f 1184/605/800 1180/601/796 1174/595/790
f 1183/604/799 1180/601/796 1184/605/800
f 1184/605/800 1174/595/790 1185/606/801
f 1186/607/802 1184/605/800 1185/606/801
f 1187/608/803 1184/605/800 1186/607/802
f 1183/604/799 1184/605/800 1187/608/803
f 1188/609/804 1187/608/803 1186/607/802
f 1189/610/805 1181/602/797 1183/604/799
f 1187/608/803 1189/610/805 1183/604/799
f 1188/609/804 1190/611/806 1187/608/803
f 1190/611/806 1189/610/805 1187/608/803
f 1188/609/804 1191/612/807 1190/611/806
f 1192/613/808 1182/603/798 1181/602/797
f 1192/613/808 1181/602/797 1189/610/805
f 1191/612/807 1193/614/809 1190/611/806
f 1194/615/810 1193/614/809 1191/612/807
f 1190/611/806 1195/616/811 1189/610/805
f 1192/613/808 1189/610/805 1195/616/811
f 1193/614/809 1195/616/811 1190/611/806
f 1196/617/812 1182/603/798 1192/613/808
f 1195/616/811 1196/617/812 1192/613/808
f 1196/617/812 1197/618/813 1182/603/798
f 1198/619/814 1196/617/812 1195/616/811
f 1194/615/810 1199/620/815 1193/614/809
f 1199/620/815 1195/616/811 1193/614/809
f 1198/619/814 1195/616/811 1199/620/815
f 1200/621/816 1199/620/815 1194/615/810
f 1201/622/817 1198/619/814 1199/620/815
f 1202/623/818 1199/620/815 1200/621/816
f 1202/623/818 1201/622/817 1199/620/815
f 1203/624/819 1205/514/820 1204/510/821
f 1206/625/822 1205/514/820 1203/624/819
f 1206/625/822 1203/624/819 1207/626/823
f 1206/625/822 1208/516/824 1205/514/820
f 1209/627/825 1208/516/824 1206/625/822
f 1206/625/822 1207/626/823 1210/628/826
f 1209/627/825 1211/629/827 1208/516/824
f 1208/516/824 1211/629/827 1212/517/828
f 1211/629/827 1213/519/829 1212/517/828
f 1211/629/827 1214/630/830 1213/519/829
f 1214/630/830 1215/521/831 1213/519/829
f 1214/630/830 1216/631/832 1215/521/831
f 1217/632/833 1210/628/826 1207/626/823
f 1218/633/834 1210/628/826 1217/632/833
f 1218/633/834 1219/634/835 1210/628/826
f 1218/633/834 1220/635/836 1219/634/835
f 1219/634/835 1220/635/836 1221/636/837
f 1221/636/837 1220/635/836 1222/637/838
f 1220/635/836 1223/638/839 1222/637/838
f 1222/637/838 1223/638/839 1224/639/840
f 1220/635/836 1218/633/834 1225/640/841
f 1220/635/836 1225/640/841 1226/641/842
f 1216/631/832 1227/642/843 1215/521/831
f 1224/639/840 1227/642/843 1216/631/832
f 1223/638/839 1227/642/843 1224/639/840
f 1215/521/831 1227/642/843 1228/523/844
f 1227/642/843 1229/643/845 1228/523/844
f 1227/642/843 1230/644/846 1229/643/845
f 1223/638/839 1230/644/846 1227/642/843
f 1220/635/836 1231/645/847 1223/638/839
f 1231/645/847 1220/635/836 1226/641/842
f 1225/640/841 1218/633/834 1232/646/848
f 1218/633/834 1233/647/849 1232/646/848
f 1218/633/834 1234/648/850 1233/647/849
f 1218/633/834 1217/632/833 1234/648/850
f 1234/648/850 1217/632/833 1235/649/851
f 1225/640/841 1232/646/848 1236/650/852
f 1225/640/841 1236/650/852 1237/651/853
f 1238/652/854 1225/640/841 1237/651/853
f 1237/651/853 1239/653/855 1238/652/854
f 1238/652/854 1240/654/856 1225/640/841
f 1225/640/841 1240/654/856 1241/655/857
f 1225/640/841 1241/655/857 1226/641/842
f 1240/654/856 1242/656/858 1241/655/857
f 1226/641/842 1241/655/857 1243/657/859
f 1226/641/842 1243/657/859 1231/645/847
f 1241/655/857 1242/656/858 1244/658/860
f 1243/657/859 1241/655/857 1245/659/861
f 1241/655/857 1244/658/860 1245/659/861
f 1242/656/858 1246/660/862 1244/658/860
f 1242/656/858 1247/661/863 1246/660/862
f 1231/645/847 1243/657/859 1248/662/864
f 1243/657/859 1245/659/861 1249/663/865
f 1248/662/864 1243/657/859 1249/663/865
f 1248/662/864 1250/664/866 1231/645/847
f 1231/645/847 1250/664/866 1223/638/839
f 1248/662/864 1249/663/867 1251/665/868
f 1248/662/864 1251/665/868 1250/664/866
f 1251/665/868 1249/663/867 1252/666/869
f 1250/664/866 1251/665/868 1253/667/870
f 1249/663/867 1254/668/871 1252/666/869
f 1249/663/865 1245/659/861 1254/668/872
f 1252/666/869 1254/668/871 1255/669/871
f 1254/668/873 1256/670/873 1255/669/873
f 1250/664/866 1253/667/870 1257/671/874
f 1223/638/839 1250/664/866 1257/671/874
f 1257/671/874 1253/667/870 1258/672/875
f 1245/659/861 1259/673/876 1254/668/872
f 1254/668/872 1259/673/876 1260/674/877
f 1245/659/861 1244/658/860 1259/673/876
f 1259/673/876 1261/675/878 1260/674/877
f 1244/658/860 1261/675/878 1259/673/876
f 1244/658/860 1246/660/862 1261/675/878
f 1223/638/839 1257/671/874 1262/676/879
f 1257/671/874 1258/672/875 1262/676/879
f 1223/638/839 1262/676/879 1230/644/846
f 1262/676/879 1258/672/875 1263/677/880
f 1262/676/879 1263/677/880 1230/644/846
f 1230/644/846 1263/677/880 1264/678/881
f 1246/660/862 1265/679/882 1261/675/878
f 1261/675/878 1265/679/882 1266/680/883
f 1265/679/882 1267/681/884 1266/680/883
f 1246/660/862 1268/682/885 1265/679/882
f 1269/683/886 1267/681/884 1265/679/882
f 1269/683/886 1270/684/887 1267/681/884
f 1269/683/886 1271/685/888 1270/684/887
f 1247/661/863 1268/682/885 1246/660/862
f 1272/686/889 1271/685/888 1269/683/886
f 1247/661/863 1273/687/890 1268/682/885
f 1273/687/890 1272/686/889 1268/682/885
f 1273/687/890 1271/685/888 1272/686/889
f 1247/661/863 1274/688/891 1273/687/890
f 1273/687/890 1274/688/891 1271/685/888
f 1275/689/892 1277/690/893 1276/691/892
f 1276/691/892 1277/690/893 1278/692/894
f 1276/691/892 1278/692/894 1279/693/892
f 1279/693/892 1278/692/894 1280/694/892
f 1281/695/895 1283/696/896 1282/697/897
f 1282/697/897 1283/696/896 1284/698/898
f 1285/699/899 1287/700/900 1286/701/901
f 1285/699/899 1286/701/901 1288/702/902
f 1288/702/902 1286/701/901 1289/703/903
f 1286/701/901 1290/704/904 1289/703/903
f 1290/704/904 1291/705/905 1289/703/903
f 1290/704/904 1292/706/906 1291/705/905
f 1292/706/906 1293/707/907 1291/705/905
f 1291/705/905 1293/707/907 1294/708/908
f 1295/709/909 1294/708/908 1293/707/907
f 1295/709/909 1293/707/907 1296/710/910
f 1295/709/909 1296/710/910 1297/711/911
f 1295/709/909 1297/711/911 1298/712/912
f 1298/712/912 1297/711/911 1299/713/913
f 1299/713/913 1297/711/911 1300/714/914
f 1300/714/914 1301/715/915 1299/713/913
f 1299/713/913 1301/715/915 1302/716/916
f 1303/717/917 1305/718/918 1304/719/919
f 1304/719/919 1305/718/918 1306/720/920
f 1305/718/918 1307/721/921 1306/720/920
f 1306/720/920 1307/721/921 1308/722/922
f 1307/721/921 1309/723/923 1308/722/922
f 1308/722/922 1309/723/923 1310/724/924
f 1309/723/923 1311/725/925 1310/724/924
f 1310/724/924 1311/725/925 1312/726/926
f 1311/725/925 1313/727/927 1312/726/926
f 1312/726/926 1313/727/927 1314/728/928
f 1315/729/929 1314/728/928 1313/727/927
f 1315/729/929 1316/730/930 1314/728/928
f 1317/731/931 1319/732/931 1318/733/931
f 1318/733/931 1319/732/931 1320/734/931
f 1321/735/932 1322/731/933 1323/736/934
f 1322/731/933 1324/732/935 1323/736/934
f 1325/737/936 1326/731/937 1327/738/938
f 1326/731/937 1328/733/939 1327/738/938
f 1329/739/940 1331/733/941 1330/740/933
f 1330/740/933 1331/733/941 1332/734/942
f 1333/737/936 1335/731/943 1334/738/944
f 1334/738/944 1335/731/943 1336/733/945
f 1337/510/946 1339/512/704 1338/511/947
f 1337/510/946 1338/511/947 1340/514/948
f 1340/514/948 1338/511/947 1341/513/949
f 1340/514/948 1341/513/949 1342/516/950
f 1342/516/950 1341/513/949 1343/515/951
f 1342/516/950 1343/515/951 1344/517/952
f 1344/517/952 1343/515/951 1345/518/953
f 1344/517/952 1345/518/953 1346/519/954
f 1346/519/954 1345/518/953 1347/520/955
f 1346/519/954 1347/520/955 1348/521/956
f 1348/521/956 1347/520/955 1349/522/957
f 1348/521/956 1349/522/957 1350/523/958
f 1351/524/959 1353/526/960 1352/525/961
f 1354/527/962 1351/524/959 1352/525/961
f 1354/527/962 1352/525/961 1355/528/963
f 1356/529/964 1354/527/965 1355/528/966
f 1357/530/967 1356/529/964 1355/528/966
f 1358/531/968 1356/529/964 1357/530/967
f 1361/535/969 1359/534/970 1360/533/971
f 1361/535/969 1362/532/972 1359/534/970
f 1363/536/973 1362/532/972 1361/535/969
f 1363/536/973 1364/537/974 1362/532/972
f 1363/536/973 1365/538/975 1364/537/974
f 1363/536/973 1366/539/976 1365/538/975
f 1366/539/976 1367/541/977 1365/538/975
f 1364/537/974 1365/538/975 1368/542/978
f 1364/537/974 1368/542/978 1369/540/979
f 1365/538/975 1367/541/977 1370/548/980
f 1368/542/978 1365/538/975 1370/548/980
f 1367/541/977 1371/549/981 1370/548/980
f 1371/549/981 1372/550/982 1370/548/980
f 1370/548/980 1372/550/982 1373/551/983
f 1372/550/982 1374/552/984 1373/551/983
f 1374/552/984 1375/553/985 1373/551/983
f 1373/551/983 1375/553/985 1376/741/986
f 1373/551/983 1376/741/986 1377/742/987
f 1373/551/983 1378/743/988 1370/548/980
f 1368/542/978 1370/548/980 1378/743/988
f 1378/743/988 1379/544/989 1368/542/978
f 1368/542/978 1380/543/990 1369/540/979
f 1368/542/978 1379/544/989 1380/543/990
f 1381/744/991 1369/540/979 1380/543/990
f 1380/543/990 1379/544/989 1382/545/992
f 1382/545/992 1379/544/989 1383/546/993
f 1383/546/993 1379/544/989 1384/547/994
f 1385/745/995 1373/551/983 1377/742/987
f 1373/551/983 1385/745/995 1378/743/988
f 1377/742/987 1386/558/996 1385/745/995
f 1387/560/997 1385/745/995 1386/558/996
f 1384/547/994 1379/544/989 1388/566/998
f 1384/547/994 1388/566/998 1389/567/999
f 1379/544/989 1378/743/988 1390/562/1000
f 1385/745/995 1390/562/1000 1378/743/988
f 1379/544/989 1390/562/1000 1388/566/998
f 1387/560/997 1391/559/1001 1385/745/995
f 1385/745/995 1391/559/1001 1390/562/1000
f 1388/566/998 1390/562/1000 1392/563/1002
f 1390/562/1000 1391/559/1001 1392/563/1002
f 1393/564/1003 1391/559/1001 1387/560/997
f 1394/561/1004 1393/564/1003 1387/560/997
f 1395/568/1005 1392/563/1002 1391/559/1001
f 1395/568/1005 1388/566/998 1392/563/1002
f 1393/564/1003 1395/568/1005 1391/559/1001
f 1389/567/999 1388/566/998 1396/569/1006
f 1396/569/1006 1388/566/998 1395/568/1005
f 1397/575/1007 1389/567/999 1396/569/1006
f 1398/570/1008 1389/567/999 1397/575/1007
f 1399/571/1009 1396/569/1006 1395/568/1005
f 1399/571/1009 1395/568/1005 1393/564/1003
f 1397/575/1007 1396/569/1006 1399/571/1009
f 1400/573/1010 1393/564/1003 1394/561/1004
f 1400/573/1010 1394/561/1004 1401/565/1011
f 1402/572/1012 1399/571/1009 1393/564/1003
f 1402/572/1012 1397/575/1007 1399/571/1009
f 1402/572/1012 1393/564/1003 1400/573/1010
f 1403/579/1013 1398/570/1008 1397/575/1007
f 1403/579/1013 1397/575/1007 1402/572/1012
f 1404/576/1014 1398/570/1008 1403/579/1013
f 1405/577/1015 1400/573/1010 1401/565/1011
f 1405/577/1015 1402/572/1012 1400/573/1010
f 1405/577/1015 1401/565/1011 1406/574/1016
f 1404/576/1014 1403/579/1013 1407/581/1017
f 1408/580/1018 1404/576/1014 1407/581/1017
f 1403/579/1013 1402/572/1012 1409/582/1019
f 1407/581/1017 1403/579/1013 1409/582/1019
f 1409/582/1019 1402/572/1012 1405/577/1015
f 1410/583/1020 1407/581/1017 1409/582/1019
f 1410/583/1020 1409/582/1019 1405/577/1015
f 1408/580/1018 1407/581/1017 1411/584/1021
f 1412/585/1022 1405/577/1015 1406/574/1016
f 1410/583/1020 1405/577/1015 1412/585/1022
f 1412/585/1022 1406/574/1016 1413/578/1023
f 1414/587/1024 1410/583/1020 1412/585/1022
f 1413/578/1023 1414/587/1024 1412/585/1022
f 1415/589/1025 1410/583/1020 1414/587/1024
f 1416/586/1026 1414/587/1024 1413/578/1023
f 1417/590/1027 1415/589/1025 1414/587/1024
f 1416/586/1026 1417/590/1027 1414/587/1024
f 1418/591/1028 1415/589/1025 1417/590/1027
f 1419/588/1029 1417/590/1027 1416/586/1026
f 1420/592/1030 1408/580/1018 1411/584/1021
f 1421/593/1031 1420/592/1030 1411/584/1021
f 1422/596/1032 1420/592/1030 1421/593/1031
f 1423/597/1033 1422/596/1032 1421/593/1031
f 1424/599/1034 1422/596/1032 1423/597/1033
f 1425/600/1035 1424/599/1034 1423/597/1033
f 1422/596/1032 1426/598/1036 1420/592/1030
f 1424/599/1034 1426/598/1036 1422/596/1032
f 1425/600/1035 1427/602/1037 1424/599/1034
f 1428/603/1038 1427/602/1037 1425/600/1035
f 1424/599/1034 1429/604/1039 1426/598/1036
f 1427/602/1037 1429/604/1039 1424/599/1034
f 1426/598/1036 1430/601/1040 1420/592/1030
f 1429/604/1039 1430/601/1040 1426/598/1036
f 1420/592/1030 1431/594/1041 1408/580/1018
f 1430/601/1040 1431/594/1041 1420/592/1030
f 1432/595/1042 1408/580/1018 1431/594/1041
f 1432/595/1042 1433/576/1043 1408/580/1018
f 1434/606/1044 1432/595/1042 1431/594/1041
f 1430/601/1040 1434/606/1044 1431/594/1041
f 1435/607/1045 1434/606/1044 1430/601/1040
f 1436/605/1046 1435/607/1045 1430/601/1040
f 1429/604/1039 1436/605/1046 1430/601/1040
f 1437/609/1047 1435/607/1045 1436/605/1046
f 1438/608/1048 1437/609/1047 1436/605/1046
f 1429/604/1039 1438/608/1048 1436/605/1046
f 1439/612/1049 1437/609/1047 1438/608/1048
f 1427/602/1037 1440/610/1050 1429/604/1039
f 1440/610/1050 1438/608/1048 1429/604/1039
f 1441/611/1051 1439/612/1049 1438/608/1048
f 1441/611/1051 1438/608/1048 1440/610/1050
f 1442/615/1052 1439/612/1049 1441/611/1051
f 1443/613/1053 1440/610/1050 1427/602/1037
f 1443/613/1053 1427/602/1037 1428/603/1038
f 1444/614/1054 1442/615/1052 1441/611/1051
f 1444/614/1054 1445/621/1055 1442/615/1052
f 1446/616/1056 1441/611/1051 1440/610/1050
f 1446/616/1056 1440/610/1050 1443/613/1053
f 1444/614/1054 1441/611/1051 1446/616/1056
f 1447/617/1057 1443/613/1053 1428/603/1038
f 1447/617/1057 1446/616/1056 1443/613/1053
f 1447/617/1057 1428/603/1038 1448/618/1058
f 1449/619/1059 1446/616/1056 1447/617/1057
f 1450/620/1060 1444/614/1054 1446/616/1056
f 1449/619/1059 1450/620/1060 1446/616/1056
f 1450/620/1060 1445/621/1055 1444/614/1054
f 1451/622/1061 1450/620/1060 1449/619/1059
f 1451/622/1061 1445/621/1055 1450/620/1060
f 1452/623/1062 1445/621/1055 1451/622/1061
f 1453/514/1063 1455/624/1064 1454/510/1065
f 1456/625/1066 1455/624/1064 1453/514/1063
f 1457/626/1067 1455/624/1064 1456/625/1066
f 1456/625/1066 1453/514/1063 1458/627/1068
f 1458/627/1068 1453/514/1063 1459/516/1069
f 1458/627/1068 1459/516/1069 1460/629/1070
f 1460/629/1070 1459/516/1069 1461/517/1071
f 1460/629/1070 1461/517/1071 1462/519/1072
f 1460/629/1070 1462/519/1072 1463/630/1073
f 1463/630/1073 1462/519/1072 1464/746/1074
f 1462/519/1072 1465/521/1075 1464/746/1074
f 1457/626/1067 1456/625/1066 1466/628/1076
f 1467/639/1077 1464/746/1074 1465/521/1075
f 1468/633/1078 1457/626/1067 1466/628/1076
f 1469/632/1079 1457/626/1067 1468/633/1078
f 1469/632/1079 1468/633/1078 1470/649/1080
f 1470/649/1080 1468/633/1078 1471/648/1081
f 1468/633/1078 1472/647/1082 1471/648/1081
f 1468/633/1078 1466/628/1076 1473/634/1083
f 1468/633/1078 1473/634/1083 1474/747/1084
f 1473/634/1083 1475/636/1085 1474/747/1084
f 1468/633/1078 1476/646/1086 1472/647/1082
f 1476/646/1086 1468/633/1078 1477/640/1087
f 1468/633/1078 1474/747/1084 1477/640/1087
f 1476/646/1086 1477/640/1087 1478/650/1088
f 1479/637/1089 1474/747/1084 1475/636/1085
f 1478/650/1088 1477/640/1087 1480/651/1090
f 1480/651/1090 1477/640/1087 1481/652/1091
f 1480/651/1090 1481/652/1091 1482/653/1092
f 1481/652/1091 1477/640/1087 1483/654/1093
f 1483/654/1093 1477/640/1087 1484/655/1094
f 1483/654/1093 1484/655/1094 1485/656/1095
f 1474/747/1084 1479/637/1089 1486/638/1096
f 1486/638/1096 1479/637/1089 1467/639/1077
f 1477/640/1087 1474/747/1084 1487/641/1097
f 1477/640/1087 1487/641/1097 1484/655/1094
f 1474/747/1084 1488/645/1098 1487/641/1097
f 1474/747/1084 1486/638/1096 1488/645/1098
f 1487/641/1097 1489/657/1099 1484/655/1094
f 1488/645/1098 1489/657/1099 1487/641/1097
f 1485/656/1095 1484/655/1094 1490/658/1100
f 1484/655/1094 1489/657/1099 1491/659/1101
f 1484/655/1094 1491/659/1101 1490/658/1100
f 1485/656/1095 1490/658/1100 1492/660/1102
f 1485/656/1095 1492/660/1102 1493/661/1103
f 1486/638/1096 1467/639/1077 1494/644/1104
f 1467/639/1077 1495/642/1105 1494/644/1104
f 1467/639/1077 1465/521/1075 1495/642/1105
f 1495/642/1105 1465/521/1075 1496/523/1106
f 1495/642/1105 1496/523/1106 1497/643/1107
f 1495/642/1105 1497/643/1107 1494/644/1104
f 1486/638/1096 1494/644/1104 1498/676/1108
f 1494/644/1104 1499/678/1109 1498/676/1108
f 1498/676/1108 1499/678/1109 1500/677/1110
f 1486/638/1096 1498/676/1108 1501/671/1111
f 1498/676/1108 1500/677/1110 1501/671/1111
f 1501/671/1111 1500/677/1110 1502/672/1112
f 1486/638/1096 1501/671/1111 1488/645/1098
f 1501/671/1111 1502/672/1112 1503/664/1113
f 1488/645/1098 1501/671/1111 1503/664/1113
f 1503/664/1113 1502/672/1112 1504/667/1114
f 1488/645/1098 1503/664/1113 1505/662/1115
f 1503/664/1113 1504/667/1114 1505/662/1115
f 1505/662/1115 1489/657/1099 1488/645/1098
f 1505/662/1115 1504/667/1114 1506/665/1116
f 1489/657/1099 1505/662/1115 1507/663/1117
f 1505/662/1115 1506/665/1116 1507/663/1118
f 1507/663/1118 1506/665/1116 1508/666/1119
f 1509/669/1120 1507/663/1118 1508/666/1119
f 1489/657/1099 1507/663/1117 1491/659/1101
f 1510/668/1121 1507/663/1118 1509/669/1120
f 1491/659/1101 1507/663/1117 1510/668/1122
f 1511/670/1123 1510/668/1123 1509/669/1123
f 1491/659/1101 1510/668/1122 1512/673/1124
f 1512/673/1124 1510/668/1122 1513/674/1125
f 1490/658/1100 1491/659/1101 1512/673/1124
f 1512/673/1124 1513/674/1125 1514/675/1126
f 1490/658/1100 1512/673/1124 1514/675/1126
f 1490/658/1100 1514/675/1126 1492/660/1102
f 1492/660/1102 1514/675/1126 1515/679/1127
f 1515/679/1127 1514/675/1126 1516/680/1128
f 1517/682/1129 1492/660/1102 1515/679/1127
f 1515/679/1127 1516/680/1128 1518/683/1130
f 1518/683/1130 1516/680/1128 1519/681/1131
f 1518/683/1130 1519/681/1131 1520/684/1132
f 1521/685/1133 1518/683/1130 1520/684/1132
f 1493/661/1103 1492/660/1102 1517/682/1129
f 1522/686/1134 1518/683/1130 1521/685/1133
f 1493/661/1103 1517/682/1129 1523/687/1135
f 1523/687/1135 1517/682/1129 1522/686/1134
f 1523/687/1135 1522/686/1134 1521/685/1133
f 1493/661/1103 1523/687/1135 1524/688/1136
f 1524/688/1136 1523/687/1135 1521/685/1133
f 1525/693/1137 1527/694/1138 1526/748/1137
f 1526/748/1137 1527/694/1138 1528/749/1138
f 1529/695/1139 1531/697/1140 1530/696/1141
f 1530/696/1141 1531/697/1140 1532/698/1142
f 1533/750/1143 1535/751/1144 1534/752/1145
f 1534/752/1145 1535/751/1144 1536/753/1146
f 1535/751/1144 1537/754/1147 1536/753/1146
f 1535/751/1144 1538/755/1148 1537/754/1147
f 1537/754/1147 1538/755/1148 1539/756/1149
f 1538/755/1148 1540/757/1150 1539/756/1149
f 1539/756/1149 1540/757/1150 1541/758/1151
f 1541/758/1151 1540/757/1150 1542/759/1152
f 1541/758/1151 1542/759/1152 1543/760/1153
f 1542/759/1152 1544/761/1154 1543/760/1153
f 1544/761/1154 1545/762/1155 1543/760/1153
f 1543/760/1153 1545/762/1155 1546/763/1156
f 1545/762/1155 1547/764/1157 1546/763/1156
f 1546/763/1156 1547/764/1157 1548/744/1158
f 1548/744/1158 1547/764/1157 1549/765/1159
f 1550/719/1160 1552/720/1161 1551/717/1162
f 1551/717/1162 1552/720/1161 1553/718/1163
f 1552/720/1161 1554/722/1164 1553/718/1163
f 1553/718/1163 1554/722/1164 1555/721/1165
f 1554/722/1164 1556/724/1166 1555/721/1165
f 1555/721/1165 1556/724/1166 1557/723/1167
f 1556/724/1166 1558/726/1168 1557/723/1167
f 1557/723/1167 1558/726/1168 1559/725/1169
f 1558/726/1168 1560/728/1170 1559/725/1169
f 1559/725/1169 1560/728/1170 1561/727/1171
f 1562/766/1172 1561/727/1171 1560/728/1170
f 1562/766/1172 1563/729/1173 1561/727/1171
f 1564/731/1174 1566/733/1174 1565/732/1174
f 1565/732/1174 1566/733/1174 1567/734/1174
f 1568/731/935 1569/735/934 1570/732/933
f 1569/735/934 1571/736/942 1570/732/933
f 1572/732/1175 1573/767/1176 1574/734/1177
f 1573/767/1176 1575/768/1178 1574/734/1177
f 1576/733/1179 1578/739/1180 1577/734/1180
f 1577/734/1180 1578/739/1180 1579/740/1180
f 1580/732/1181 1582/767/1182 1581/734/1183
f 1581/734/1183 1582/767/1182 1583/768/1184
f 1584/769/1185 1586/770/1186 1585/771/1187
f 1585/771/1187 1586/770/1186 1587/772/1188
f 1588/769/1189 1589/770/1190 1590/773/1189
f 1589/770/1190 1591/774/1190 1590/773/1189
f 1592/771/1189 1594/772/1191 1593/775/1192
f 1593/775/1192 1594/772/1191 1595/776/1193
f 1596/777/1194 1597/778/1195 1598/779/1196
f 1597/778/1195 1599/780/1188 1598/779/1196
f 1600/770/1197 1602/778/1197 1601/772/1197
f 1601/772/1197 1602/778/1197 1603/780/1197
f 1604/769/1198 1606/770/1199 1605/771/1200
f 1605/771/1200 1606/770/1199 1607/772/1201
f 1608/769/1202 1609/770/1203 1610/773/1204
f 1609/770/1203 1611/774/1190 1610/773/1204
f 1612/771/1189 1614/772/1189 1613/775/1189
f 1613/775/1189 1614/772/1189 1615/776/1189
f 1616/777/1198 1617/778/1205 1618/779/1200
f 1617/778/1205 1619/780/1201 1618/779/1200
f 1620/770/1197 1622/778/1197 1621/772/1197
f 1621/772/1197 1622/778/1197 1623/780/1197
f 1624/769/1206 1626/770/1207 1625/771/1208
f 1625/771/1208 1626/770/1207 1627/772/1209
f 1628/769/1202 1629/770/1210 1630/773/1204
f 1629/770/1210 1631/774/1190 1630/773/1204
f 1632/771/1189 1634/772/1189 1633/775/1189
f 1633/775/1189 1634/772/1189 1635/776/1189
f 1636/777/1206 1637/778/1211 1638/779/1208
f 1637/778/1211 1639/780/1209 1638/779/1208
f 1640/770/1212 1642/778/1212 1641/772/1212
f 1641/772/1212 1642/778/1212 1643/780/1212
f 1644/781/1213 1646/782/1214 1645/783/1215
f 1647/784/1216 1646/782/1214 1644/781/1213
f 1648/785/1217 1646/782/1214 1647/784/1216
f 1647/784/1216 1644/781/1213 1649/786/1218
f 1649/786/1218 1648/785/1217 1647/784/1216
f 1649/786/1218 1644/781/1213 1650/787/1219
f 1651/788/1220 1648/785/1217 1649/786/1218
f 1652/789/1221 1649/786/1218 1650/787/1222
f 1651/788/1220 1649/786/1218 1653/790/1223
f 1653/790/1223 1649/786/1218 1652/789/1221
f 1654/782/1224 1656/781/1225 1655/783/1226
f 1657/784/1227 1656/781/1225 1654/782/1224
f 1658/785/1228 1657/784/1227 1654/782/1224
f 1657/784/1227 1659/786/1229 1656/781/1225
f 1658/785/1228 1659/786/1229 1657/784/1227
f 1656/781/1225 1659/786/1229 1660/787/1230
f 1661/788/1231 1659/786/1229 1658/785/1228
f 1659/786/1229 1662/789/1232 1660/787/1233
f 1661/788/1231 1663/790/1234 1659/786/1229
f 1663/790/1234 1662/789/1232 1659/786/1229
f 1664/769/1235 1666/771/1236 1665/770/1237
f 1665/770/1237 1666/771/1236 1667/772/1238
f 1668/769/1239 1669/773/1240 1670/770/1241
f 1669/773/1240 1671/774/1242 1670/770/1241
f 1672/771/1243 1674/775/1243 1673/772/1244
f 1673/772/1244 1674/775/1243 1675/776/1245
f 1676/777/1246 1677/779/1247 1678/778/1248
f 1677/779/1247 1679/780/1249 1678/778/1248
f 1680/770/1250 1682/772/1250 1681/778/1250
f 1681/778/1250 1682/772/1250 1683/780/1250
f 1684/769/1251 1686/771/1252 1685/770/1253
f 1685/770/1253 1686/771/1252 1687/772/1254
f 1688/769/1245 1689/773/1255 1690/770/1256
f 1689/773/1255 1691/774/1257 1690/770/1256
f 1692/771/1258 1694/775/1258 1693/772/1259
f 1693/772/1259 1694/775/1258 1695/776/1259
f 1696/777/1260 1697/779/1261 1698/778/1262
f 1697/779/1261 1699/780/1254 1698/778/1262
f 1700/770/1250 1702/772/1250 1701/778/1250
f 1701/778/1250 1702/772/1250 1703/780/1250
f 1704/769/1246 1706/771/1238 1705/770/1263
f 1705/770/1263 1706/771/1238 1707/772/1264
f 1708/769/1242 1709/773/1241 1710/770/1240
f 1709/773/1241 1711/774/1239 1710/770/1240
f 1712/771/1265 1714/775/1265 1713/772/1266
f 1713/772/1266 1714/775/1265 1715/776/1267
f 1716/777/1246 1717/779/1268 1718/778/1237
f 1717/779/1268 1719/780/1269 1718/778/1237
f 1720/770/131 1722/772/131 1721/778/131
f 1721/778/131 1722/772/131 1723/780/131
f 1724/791/1270 1725/792/1271 1726/625/1272
f 1727/627/1273 1724/791/1270 1726/625/1272
f 1727/627/1273 1728/793/1274 1724/791/1270
f 1727/627/1273 1729/629/1275 1728/793/1274
f 1729/629/1275 1730/794/1276 1728/793/1274
f 1729/629/1275 1731/630/1277 1730/794/1276
f 1731/630/1277 1732/795/1278 1730/794/1276
f 1731/630/1277 1733/746/1279 1732/795/1278
f 1733/746/1279 1734/796/1280 1732/795/1278
f 1735/689/1281 1737/797/1281 1736/690/1282
f 1736/690/1282 1737/797/1281 1738/798/1282
f 1739/625/1283 1740/792/1284 1741/627/1285
f 1740/792/1284 1742/791/1286 1741/627/1285
f 1742/791/1286 1743/793/1287 1741/627/1285
f 1741/627/1285 1743/793/1287 1744/629/1288
f 1743/793/1287 1745/794/1289 1744/629/1288
f 1744/629/1288 1745/794/1289 1746/630/1290
f 1745/794/1289 1747/795/1291 1746/630/1290
f 1746/630/1290 1747/795/1291 1748/746/1292
f 1747/795/1291 1749/796/1293 1748/746/1292
f 1750/799/1294 1752/800/1295 1751/801/1296
f 1751/801/1296 1752/800/1295 1753/802/1297
f 1751/801/1296 1753/802/1297 1754/803/1298
f 1754/803/1298 1753/802/1297 1755/804/1299
f 1754/803/1298 1755/804/1299 1756/805/1300
f 1753/802/1297 1752/800/1295 1757/806/1301
f 1753/802/1297 1757/806/1301 1755/804/1299
f 1757/806/1301 1752/800/1295 1758/807/1302
f 1752/800/1295 1759/808/1303 1758/807/1302
f 1755/804/1299 1757/806/1301 1760/809/1304
f 1752/800/1295 1761/810/1305 1759/808/1303
f 1759/808/1303 1761/810/1305 1762/811/1306
f 1761/810/1305 1763/812/1307 1762/811/1306
f 1761/810/1305 1764/813/1308 1763/812/1307
f 1763/812/1307 1764/813/1308 1765/814/1309
f 1764/813/1308 1766/815/1310 1765/814/1309
f 1765/814/1309 1766/815/1310 1767/816/1311
f 1755/804/1299 1760/809/1304 1768/817/1312
f 1766/815/1310 1769/818/1313 1767/816/1311
f 1767/816/1311 1769/818/1313 1770/819/1314
f 1770/819/1314 1769/818/1313 1771/820/1315
f 1771/820/1315 1769/818/1313 1772/821/1316
f 1773/509/1317 1755/804/1299 1768/817/1312
f 1772/821/1316 1769/818/1313 1774/822/1318
f 1772/821/1316 1774/822/1318 1775/823/1319
f 1769/818/1313 1776/824/1320 1774/822/1318
f 1775/823/1319 1774/822/1318 1777/825/1321
f 1778/508/1322 1755/804/1299 1773/509/1317
f 1756/805/1300 1755/804/1299 1778/508/1322
f 1774/822/1318 1776/824/1320 1779/826/1323
f 1776/824/1320 1780/827/1324 1779/826/1323
f 1777/825/1321 1774/822/1318 1781/828/1325
f 1774/822/1318 1779/826/1323 1781/828/1325
f 1782/829/1326 1777/825/1321 1781/828/1325
f 1781/828/1325 1783/830/1327 1782/829/1326
f 1784/831/1328 1783/830/1327 1781/828/1325
f 1779/826/1323 1780/827/1324 1785/832/1329
f 1786/546/1330 1785/832/1329 1780/827/1324
f 1787/547/1331 1785/832/1329 1786/546/1330
f 1781/828/1325 1779/826/1323 1788/833/1332
f 1779/826/1323 1785/832/1329 1788/833/1332
f 1781/828/1325 1788/833/1332 1784/831/1328
f 1787/547/1331 1789/834/1333 1785/832/1329
f 1788/833/1332 1785/832/1329 1789/834/1333
f 1789/834/1333 1787/547/1331 1790/567/1334
f 1789/834/1333 1790/567/1334 1791/570/1335
f 1788/833/1332 1789/834/1333 1792/835/1336
f 1784/831/1328 1788/833/1332 1792/835/1336
f 1789/834/1333 1791/570/1335 1793/836/1337
f 1792/835/1336 1789/834/1333 1793/836/1337
f 1794/576/1338 1793/836/1337 1791/570/1335
f 1795/595/1339 1793/836/1337 1794/576/1338
f 1795/595/1339 1792/835/1336 1793/836/1337
f 1796/606/1340 1792/835/1336 1795/595/1339
f 1796/606/1340 1784/831/1328 1792/835/1336
f 1797/607/1341 1784/831/1328 1796/606/1340
f 1797/607/1341 1798/837/1342 1784/831/1328
f 1799/838/1343 1798/837/1342 1797/607/1341
f 1800/839/1344 1784/831/1328 1798/837/1342
f 1801/840/1345 1799/838/1343 1797/607/1341
f 1800/839/1344 1783/830/1327 1784/831/1328
f 1783/830/1327 1800/839/1344 1802/841/1346
f 1802/841/1346 1803/842/1347 1783/830/1327
f 1804/843/1348 1803/842/1347 1802/841/1346
f 1805/844/1349 1803/842/1347 1804/843/1348
f 1806/845/1350 1805/844/1349 1804/843/1348
f 1807/846/1351 1805/844/1349 1806/845/1350
f 1808/609/1352 1801/840/1345 1797/607/1341
f 1809/847/1353 1807/846/1351 1806/845/1350
f 1810/848/1354 1807/846/1351 1809/847/1353
f 1809/847/1353 1811/849/1355 1810/848/1354
f 1812/850/1356 1811/849/1355 1809/847/1353
f 1812/850/1356 1813/851/1357 1811/849/1355
f 1814/852/1358 1813/851/1357 1812/850/1356
f 1815/853/1359 1801/840/1345 1808/609/1352
f 1808/609/1352 1816/854/1360 1815/853/1359
f 1808/609/1352 1817/855/1361 1816/854/1360
f 1818/612/1362 1817/855/1361 1808/609/1352
f 1818/612/1362 1819/856/1363 1817/855/1361
f 1814/852/1358 1820/507/1364 1813/851/1357
f 1821/857/1365 1820/507/1364 1814/852/1358
f 1822/615/1366 1819/856/1363 1818/612/1362
f 1822/615/1366 1823/858/1367 1819/856/1363
f 1822/615/1366 1824/859/1368 1823/858/1367
f 1825/506/1369 1820/507/1364 1821/857/1365
f 1825/506/1369 1773/509/1317 1820/507/1364
f 1826/621/1370 1824/859/1368 1822/615/1366
f 1778/508/1322 1773/509/1317 1825/506/1369
f 1778/508/1322 1825/506/1369 1827/860/1371
f 1828/861/1372 1778/508/1322 1827/860/1371
f 1826/621/1370 1828/861/1372 1824/859/1368
f 1826/621/1370 1778/508/1322 1828/861/1372
f 1756/805/1300 1778/508/1322 1826/621/1370
f 1829/623/1373 1756/805/1300 1826/621/1370
f 1830/862/1374 1832/863/1374 1831/864/1375
f 1831/864/1375 1832/863/1374 1833/865/1376
f 1831/864/1375 1833/865/1376 1834/866/1377
f 1834/866/1377 1833/865/1376 1835/867/1377
f 1834/866/1377 1835/867/1377 1836/868/539
f 1836/868/539 1835/867/1377 1837/869/539
f 1838/870/1378 1836/868/539 1837/869/539
f 1839/871/1378 1836/868/539 1838/870/1378
f 1840/872/1379 1842/873/1380 1841/874/1381
f 1840/872/1379 1841/874/1381 1843/875/1382
f 1843/875/1382 1841/874/1381 1844/876/1383
f 1843/875/1382 1844/876/1383 1845/877/1383
f 1845/877/1383 1844/876/1383 1846/878/1381
f 1845/877/1383 1846/878/1381 1847/879/1381
f 1847/879/1381 1846/878/1381 1848/880/1384
f 1847/879/1381 1848/880/1384 1849/881/1381
f 1849/881/1381 1848/880/1384 1850/882/1385
f 1849/881/1381 1850/882/1385 1851/883/1386
f 1851/883/1386 1850/882/1385 1852/884/1386
f 1851/883/1386 1852/884/1386 1853/885/1387
f 1853/885/1387 1852/884/1386 1854/886/1388
f 1853/885/1387 1854/886/1388 1855/887/1389
f 1855/887/1389 1854/886/1388 1856/888/1390
f 1855/887/1389 1856/888/1390 1857/889/1391
f 1858/890/1392 1860/891/1393 1859/892/1393
f 1861/893/1392 1860/891/1393 1858/890/1392
f 1861/893/1392 1858/890/1392 1862/894/567
f 1862/894/567 1858/890/1392 1863/895/1394
f 1864/896/1395 1862/894/567 1863/895/1394
f 1865/897/1396 1862/894/567 1864/896/1395
f 1866/898/1397 1865/897/1396 1864/896/1395
f 1867/899/1398 1865/897/1396 1866/898/1397
f 1868/900/1399 1869/901/1400 1870/902/1401
f 1868/900/1399 1871/903/1402 1869/901/1400
f 1871/903/1402 1872/904/1403 1869/901/1400
f 1871/903/1402 1873/905/1404 1872/904/1403
f 1873/905/1404 1874/906/1405 1872/904/1403
f 1873/905/1404 1875/907/1406 1874/906/1405
f 1875/907/1406 1876/908/1407 1874/906/1405
f 1875/907/1406 1873/905/1404 1877/909/1408
f 1878/910/1409 1875/907/1406 1877/909/1408
f 1878/910/1409 1877/909/1408 1879/911/1409
f 1880/912/1410 1878/910/1409 1879/911/1409
f 1880/912/1410 1879/911/1409 1881/913/1411
f 1882/914/1383 1880/912/1410 1881/913/1411
f 1883/915/1412 1882/914/1383 1881/913/1411
f 1884/916/1413 1882/914/1383 1883/915/1412
f 1885/917/1413 1884/916/1413 1883/915/1412
f 1886/918/1414 1888/919/1415 1887/920/1416
f 1889/921/1417 1888/919/1415 1886/918/1414
f 1890/922/1418 1889/921/1417 1886/918/1414
f 1889/921/1417 1891/923/1419 1888/919/1415
f 1892/924/1420 1889/921/1417 1890/922/1418
f 1893/925/1421 1892/924/1420 1890/922/1418
f 1894/926/1422 1891/923/1419 1889/921/1417
f 1892/924/1420 1894/926/1422 1889/921/1417
f 1894/926/1422 1895/927/1423 1891/923/1419
f 1895/927/1423 1896/928/1424 1891/923/1419
f 1895/927/1423 1897/929/1425 1896/928/1424
f 1896/928/1424 1897/929/1425 1898/930/1426
f 1895/927/1423 1899/931/1427 1897/929/1425
f 1900/932/1428 1899/931/1427 1895/927/1423
f 1894/926/1422 1900/932/1428 1895/927/1423
f 1900/932/1428 1901/933/1429 1899/931/1427
f 1902/934/1430 1894/926/1422 1892/924/1420
f 1902/934/1430 1900/932/1428 1894/926/1422
f 1903/935/1431 1892/924/1420 1893/925/1421
f 1903/935/1431 1902/934/1430 1892/924/1420
f 1902/934/1430 1904/936/1432 1900/932/1428
f 1904/936/1432 1901/933/1429 1900/932/1428
f 1905/937/1433 1902/934/1430 1903/935/1431
f 1905/937/1433 1904/936/1432 1902/934/1430
f 1893/925/1421 1906/938/1434 1903/935/1431
f 1907/939/1435 1906/938/1434 1893/925/1421
f 1906/938/1434 1908/940/1436 1903/935/1431
f 1908/940/1436 1905/937/1433 1903/935/1431
f 1909/941/1437 1907/939/1435 1893/925/1421
f 1910/942/1438 1907/939/1435 1909/941/1437
f 1909/941/1437 1911/943/1439 1910/942/1438
f 1912/944/1440 1905/937/1433 1908/940/1436
f 1913/945/1441 1905/937/1433 1912/944/1440
f 1914/946/1442 1911/943/1439 1909/941/1437
f 1915/947/1443 1911/943/1439 1914/946/1442
f 1916/948/1444 1915/947/1443 1914/946/1442
f 1913/945/1441 1917/949/1445 1905/937/1433
f 1905/937/1433 1917/949/1445 1904/936/1432
f 1918/950/1446 1916/948/1444 1914/946/1442
f 1919/951/1447 1916/948/1444 1918/950/1446
f 1918/950/1446 1920/952/1448 1919/951/1447
f 1921/953/1449 1920/952/1448 1918/950/1446
f 1921/953/1449 1922/954/1450 1920/952/1448
f 1923/955/1451 1922/954/1450 1921/953/1449
f 1924/956/1452 1923/955/1451 1921/953/1449
f 1923/955/1451 1925/957/1453 1922/954/1450
f 1926/958/1454 1923/955/1451 1924/956/1452
f 1923/955/1451 1927/959/1455 1925/957/1453
f 1926/958/1454 1928/960/1456 1923/955/1451
f 1928/960/1456 1927/959/1455 1923/955/1451
f 1929/961/1457 1928/960/1456 1926/958/1454
f 1928/960/1456 1930/962/1458 1927/959/1455
f 1929/961/1457 1931/963/1459 1928/960/1456
f 1928/960/1456 1932/964/1460 1930/962/1458
f 1928/960/1456 1931/963/1459 1932/964/1460
f 1930/962/1458 1932/964/1460 1933/965/1461
f 1931/963/1459 1934/966/1462 1932/964/1460
f 1934/966/1462 1935/967/1463 1932/964/1460
f 1932/964/1460 1935/967/1463 1936/968/1464
f 1932/964/1460 1936/968/1464 1937/969/1465
f 1936/968/1464 1935/967/1463 1938/970/1466
f 1935/967/1463 1939/971/1467 1938/970/1466
f 1935/967/1463 1940/972/1468 1939/971/1467
f 1939/971/1467 1940/972/1468 1941/973/1469
f 1941/973/1469 1940/972/1468 1942/974/1470
f 1940/972/1468 1943/975/1471 1942/974/1470
f 1942/974/1470 1943/975/1471 1944/976/1472
f 1944/976/1472 1943/975/1471 1945/977/1473
f 1945/977/1473 1943/975/1471 1946/978/1474
f 1946/978/1474 1947/979/1475 1945/977/1473
f 1901/933/1429 1947/979/1475 1946/978/1474
f 1948/980/1476 1947/979/1475 1901/933/1429
f 1948/980/1476 1901/933/1429 1949/981/1477
f 1949/981/1477 1901/933/1429 1950/982/1478
f 1950/982/1478 1901/933/1429 1904/936/1432
f 1950/982/1478 1904/936/1432 1951/983/1479
f 1917/949/1445 1951/983/1479 1904/936/1432
f 1952/984/1480 1951/983/1479 1917/949/1445
f 1952/984/1480 1953/985/1481 1951/983/1479
f 1954/986/1482 1953/985/1481 1952/984/1480
f 1954/986/1482 1955/987/1483 1953/985/1481
f 1954/986/1482 1956/988/1484 1955/987/1483
f 1957/989/1485 1956/988/1484 1954/986/1482
f 1957/989/1485 1958/990/1486 1956/988/1484
f 1959/991/1487 1958/990/1486 1957/989/1485
f 1960/992/1488 1958/990/1486 1959/991/1487
f 1961/993/1489 1958/990/1486 1960/992/1488
f 1961/993/1489 1960/992/1488 1962/994/1490
f 1962/994/1490 1960/992/1488 1963/995/1491
f 1964/996/1492 1962/994/1490 1963/995/1491
f 1964/996/1492 1963/995/1491 1937/969/1493
f 1937/969/1493 1963/995/1491 1965/997/1494
f 1966/864/1495 1968/863/1495 1967/862/1495
f 1969/865/1495 1968/863/1495 1966/864/1495
f 1970/866/1496 1969/865/1495 1966/864/1495
f 1971/867/1496 1969/865/1495 1970/866/1496
f 1971/867/1496 1970/866/1496 1972/869/595
f 1972/869/595 1970/866/1496 1973/868/596
f 1972/869/595 1973/868/596 1974/870/1497
f 1974/870/1497 1973/868/596 1975/871/1498
f 1976/873/1499 1978/872/1500 1977/875/1501
f 1976/873/1499 1977/875/1501 1979/874/1502
f 1979/874/1502 1977/875/1501 1980/877/1503
f 1979/874/1502 1980/877/1503 1981/876/1504
f 1981/876/1504 1980/877/1503 1982/879/1504
f 1981/876/1504 1982/879/1504 1983/878/1504
f 1983/878/1504 1982/879/1504 1984/881/1505
f 1983/878/1504 1984/881/1505 1985/880/1505
f 1985/880/1505 1984/881/1505 1986/883/1506
f 1985/880/1505 1986/883/1506 1987/882/1506
f 1987/882/1506 1986/883/1506 1988/885/1504
f 1987/882/1506 1988/885/1504 1989/884/1504
f 1989/884/1504 1988/885/1504 1990/887/1507
f 1989/884/1504 1990/887/1507 1991/886/1507
f 1991/886/1507 1990/887/1507 1992/889/1508
f 1991/886/1507 1992/889/1508 1993/888/1509
f 1994/893/1510 1996/892/1511 1995/891/1511
f 1997/890/1510 1996/892/1511 1994/893/1510
f 1998/894/1512 1997/890/1510 1994/893/1510
f 1999/895/1512 1997/890/1510 1998/894/1512
f 1999/895/1512 1998/894/1512 2000/896/1513
f 2000/896/1513 1998/894/1512 2001/897/1513
f 2000/896/1513 2001/897/1513 2002/898/1514
f 2002/898/1514 2001/897/1513 2003/899/1514
f 2004/900/1515 2005/902/1500 2006/901/1500
f 2007/904/1506 2004/900/1515 2006/901/1500
f 2008/903/1516 2004/900/1515 2007/904/1506
f 2009/906/1517 2008/903/1516 2007/904/1506
f 2010/905/1518 2008/903/1516 2009/906/1517
f 2011/908/1518 2010/905/1518 2009/906/1517
f 2011/908/1518 2012/909/1504 2010/905/1518
f 2012/909/1504 2011/908/1518 2013/907/1504
f 2014/911/1500 2012/909/1504 2013/907/1504
f 2014/911/1500 2013/907/1504 2015/910/1500
f 2016/913/1519 2014/911/1500 2015/910/1500
f 2016/913/1519 2015/910/1500 2017/912/1520
f 2018/915/1521 2016/913/1519 2017/912/1520
f 2019/914/1522 2018/915/1521 2017/912/1520
f 2020/917/1523 2018/915/1521 2019/914/1522
f 2021/916/1524 2020/917/1523 2019/914/1522
f 2022/30/1525 2024/31/1526 2023/998/1527
f 2022/30/1525 2023/998/1527 2025/999/1528
f 2023/998/1527 2026/1000/1529 2025/999/1528
f 2023/998/1527 2027/1001/1530 2026/1000/1529
f 2028/1002/1531 2027/1001/1530 2023/998/1527
f 2026/1000/1529 2027/1001/1530 2029/1003/1532
f 2029/1003/1532 2027/1001/1530 2030/1004/1533
f 2029/1003/1532 2030/1004/1533 2031/33/1534
f 2031/33/1534 2030/1004/1533 2032/1005/1535
f 2031/33/1534 2032/1005/1535 2033/35/1536
f 2034/30/1537 2035/31/1538 2036/999/1539
f 2035/31/1538 2037/998/1540 2036/999/1539
f 2036/999/1539 2037/998/1540 2038/1002/1541
f 2036/999/1539 2038/1002/1541 2039/1000/1542
f 2038/1002/1541 2040/1001/1543 2039/1000/1542
f 2039/1000/1542 2040/1001/1543 2041/1003/1544
f 2040/1001/1543 2042/1004/1545 2041/1003/1544
f 2041/1003/1544 2042/1004/1545 2043/33/1546
f 2042/1004/1545 2044/1005/1547 2043/33/1546
f 2043/33/1546 2044/1005/1547 2045/35/1548
f 2046/36/1549 2048/37/1550 2047/38/1551
f 2046/36/1549 2049/1006/1552 2048/37/1550
f 2050/1007/1553 2049/1006/1552 2046/36/1549
f 2050/1007/1553 2051/1008/1554 2049/1006/1552
f 2052/1007/1555 2051/1008/1555 2050/1007/1555
f 2053/1007/1556 2054/1008/1557 2055/1006/1558
f 2053/1007/1556 2055/1006/1558 2056/36/1559
f 2055/1006/1558 2057/37/1560 2056/36/1559
f 2058/1009/1561 2060/1010/1562 2059/1011/1563
f 2059/1011/1563 2060/1010/1562 2061/1012/1564
f 2062/1011/1565 2064/1012/1566 2063/1010/1567
f 2065/1009/1568 2062/1011/1565 2063/1010/1567
f 2066/1013/1569 2067/1014/1570 2068/1015/1571
f 2067/1014/1570 2069/1016/1572 2068/1015/1571
f 2070/1017/1573 2072/1018/1574 2071/1019/1575
f 2071/1019/1575 2072/1018/1574 2073/1020/1576
f 2074/1017/1577 2076/1019/1578 2075/1013/1578
f 2075/1013/1578 2076/1019/1578 2077/1015/1579
f 2078/1013/1580 2079/1014/1581 2080/1015/1582
f 2079/1014/1581 2081/1016/1583 2080/1015/1582
f 2082/1018/1584 2083/1020/1585 2084/1021/1585
f 2083/1020/1585 2085/1022/1586 2084/1021/1585
f 2086/1017/1587 2088/1018/1587 2087/1019/1587
f 2087/1019/1587 2088/1018/1587 2089/1020/1588
f 2090/1017/1589 2092/1019/1590 2091/1013/1591
f 2091/1013/1591 2092/1019/1590 2093/1015/1592
f 2094/1018/1593 2095/1020/1594 2096/1021/1594
f 2095/1020/1594 2097/1022/1595 2096/1021/1594
f 2098/1023/1596 2100/1024/1597 2099/1025/1598
f 2101/1026/1599 2100/1024/1597 2098/1023/1596
f 2102/1027/1600 2101/1026/1601 2098/1023/1602
f 2103/1028/1603 2101/1026/1601 2102/1027/1600
f 2103/1028/1604 2102/1027/1605 2104/1029/1606
f 2104/1029/1606 2102/1027/1605 2105/1030/1607
f 2104/1029/1608 2105/1030/1609 2106/1031/1610
f 2106/1031/1610 2105/1030/1609 2107/1032/1611
f 2108/1024/1612 2110/1026/1613 2109/1025/1614
f 2109/1025/1614 2110/1026/1613 2111/1023/1615
f 2110/1026/1616 2112/1028/1617 2111/1023/1618
f 2111/1023/1618 2112/1028/1617 2113/1027/1619
f 2112/1028/1620 2114/1030/1621 2113/1027/1622
f 2115/1029/1623 2114/1030/1621 2112/1028/1620
f 2116/1029/1624 2114/1030/1625 2117/1032/1626
f 2118/1031/1627 2116/1029/1624 2117/1032/1626
f 2119/1033/1628 2121/1029/1629 2120/1028/1628
f 2121/1029/1629 2119/1033/1628 2122/1034/1630
f 2122/1034/1630 2119/1033/1628 2123/1035/1629
f 2122/1034/1630 2123/1035/1629 2124/1036/1631
f 2124/1036/1631 2123/1035/1629 2125/1037/934
f 2124/1036/1631 2125/1037/934 2126/1038/1632
f 2127/1039/1633 2129/1040/1634 2128/1041/1635
f 2130/1042/1636 2129/1040/1634 2127/1039/1633
f 2130/1042/1637 2131/1043/1638 2129/1040/1639
f 2132/1044/1640 2131/1043/1638 2130/1042/1637
f 2132/1044/1641 2133/1045/1642 2131/1043/1643
f 2131/1043/1643 2133/1045/1642 2134/1046/1644
f 2133/1045/1645 2135/1047/1646 2134/1046/1647
f 2134/1046/1647 2135/1047/1646 2136/1048/1648
f 2135/1047/1649 2137/1049/1650 2136/1048/1651
f 2136/1048/1651 2137/1049/1650 2138/1050/1652
f 2137/1049/1653 2139/1051/1654 2138/1050/1655
f 2138/1050/1655 2139/1051/1654 2140/1052/1656
f 2139/1051/1657 2141/1053/1658 2140/1052/1659
f 2142/1054/1660 2141/1053/1658 2139/1051/1657
f 2142/1054/1661 2143/1055/1662 2141/1053/1663
f 2144/1056/1664 2143/1055/1662 2142/1054/1661
f 2145/1057/1665 2147/1058/1666 2146/1059/1667
f 2147/1058/1666 2145/1057/1665 2148/1060/1668
f 2148/1060/1668 2145/1057/1665 2149/1061/940
f 2148/1060/1668 2149/1061/940 2150/1062/1669
f 2150/1062/1669 2149/1061/940 2151/1063/1670
f 2150/1062/1669 2151/1063/1670 2152/1064/1671
f 2153/1065/1672 2155/1066/1673 2154/1067/1674
f 2154/1067/1674 2155/1066/1673 2156/1068/1675
f 2154/1067/1674 2156/1068/1675 2157/1069/1676
f 2157/1069/1676 2156/1068/1675 2158/1070/1677
f 2157/1069/1676 2158/1070/1677 2159/1071/1678
f 2159/1071/1678 2158/1070/1677 2160/1072/1679
f 2161/1073/1680 2162/1074/1681 2163/1075/1682
f 2162/1074/1681 2164/1076/1683 2163/1075/1682
f 2163/1075/1684 2164/1076/1685 2165/1074/1686
f 2166/1073/1687 2163/1075/1684 2165/1074/1686
f 2167/1077/1688 2169/1078/1689 2168/1079/1690
f 2170/1080/1691 2169/1078/1689 2167/1077/1688
f 2170/1080/1692 2171/1081/1693 2169/1078/1694
f 2172/1082/1695 2171/1081/1693 2170/1080/1692
f 2172/1082/1696 2173/1083/1697 2171/1081/1697
f 2171/1081/1697 2173/1083/1697 2174/1084/1698
f 2173/1083/1699 2175/1085/1700 2174/1084/1701
f 2174/1084/1701 2175/1085/1700 2176/1086/1702
f 2177/1085/1703 2178/1087/1704 2176/1086/1705
f 2176/1086/1705 2178/1087/1704 2179/1088/1706
f 2178/1087/1707 2180/1089/1708 2179/1088/1709
f 2179/1088/1709 2180/1089/1708 2181/1090/1710
f 2180/1089/1711 2182/1091/1712 2181/1090/1713
f 2183/1092/1714 2182/1091/1712 2180/1089/1711
f 2183/1092/1715 2184/1093/1716 2182/1091/1717
f 2185/1094/1718 2184/1093/1716 2183/1092/1715
f 2186/1095/1719 2187/1096/1720 2188/1097/1721
f 2187/1096/1720 2189/1098/1722 2188/1097/1721
f 2190/1099/1723 2188/1097/1724 2191/1100/1725
f 2192/1101/1726 2190/1099/1723 2191/1100/1725
f 2192/1101/1727 2191/1100/1727 2193/1102/1727
f 2194/1103/1727 2192/1101/1727 2193/1102/1727
f 2195/1104/1728 2194/1103/1729 2193/1102/1730
f 2196/1105/1731 2195/1104/1728 2193/1102/1730
f 2196/1105/1732 2197/1106/1733 2195/1104/1734
f 2197/1106/1733 2198/1107/1735 2195/1104/1734
f 2197/1106/1736 2199/1108/1737 2198/1107/1738
f 2197/1106/1736 2200/1109/1739 2199/1108/1737
f 2199/1108/1737 2200/1109/1739 2201/1110/1740
f 2200/1109/1739 2202/1111/1741 2201/1110/1740
f 2200/1109/1739 2203/1112/1742 2202/1111/1741
f 2203/1112/1742 2204/1113/1743 2202/1111/1741
f 2202/1111/1741 2204/1113/1743 2205/1114/1744
f 2204/1113/1743 2206/1115/1745 2205/1114/1744
f 2206/1115/1746 2207/1116/1747 2205/1114/1748
f 2207/1116/1747 2208/1117/1749 2205/1114/1748
f 2207/1116/1750 2209/1118/1751 2208/1117/1752
f 2209/1118/1751 2210/1119/1753 2208/1117/1752
f 2211/1120/1754 2212/1121/1755 2213/1122/1756
f 2214/1123/1757 2211/1120/1754 2213/1122/1756
f 2214/1123/1758 2215/1124/1759 2211/1120/1760
f 2215/1124/1759 2216/1125/1761 2211/1120/1760
f 2215/1124/1759 2217/1126/1762 2216/1125/1761
f 2217/1126/1762 2218/1127/1762 2216/1125/1761
f 2217/1126/1763 2219/1128/1763 2218/1127/1763
f 2219/1128/1763 2220/1129/1763 2218/1127/1763
f 2219/1128/1764 2221/1130/1765 2220/1129/1766
f 2221/1130/1765 2222/1131/1767 2220/1129/1766
f 2223/1132/1768 2222/1131/1769 2221/1130/1769
f 2224/1133/1768 2223/1132/1768 2221/1130/1769
f 2225/1134/1770 2227/1133/1770 2226/1135/1770
f 2226/1135/1770 2227/1133/1770 2228/1132/1770
f 2229/764/1771 2231/537/1772 2230/540/1773
f 2229/764/1771 2232/532/1774 2231/537/1772
f 2229/764/1771 2233/534/1775 2232/532/1774
f 2233/534/1775 2229/764/1771 2234/1136/1776
f 2234/1136/1776 2229/764/1771 2235/762/1777
f 2236/1137/1778 2234/1136/1776 2235/762/1777
f 2237/761/1779 2236/1137/1778 2235/762/1777
f 2236/1137/1778 2238/1138/1780 2234/1136/1776
f 2238/1138/1780 2239/1139/1781 2234/1136/1776
f 2237/761/1779 2240/1140/1782 2236/1137/1778
f 2241/1141/1783 2240/1140/1782 2237/761/1779
f 2237/761/1779 2242/1142/1784 2241/1141/1783
f 2243/759/1785 2242/1142/1784 2237/761/1779
f 2244/1143/1786 2242/1142/1784 2243/759/1785
f 2244/1143/1786 2243/759/1785 2245/755/1787
f 2246/751/1788 2244/1143/1786 2245/755/1787
f 2247/1144/1789 2244/1143/1786 2246/751/1788
f 2246/751/1788 2248/1145/1790 2247/1144/1789
f 2246/751/1788 2249/1146/1791 2248/1145/1790
f 2250/750/1792 2249/1146/1791 2246/751/1788
f 2250/750/1792 2251/1147/1793 2249/1146/1791
f 2252/695/1794 2251/1147/1793 2250/750/1792
f 2252/695/1794 2253/1148/1795 2251/1147/1793
f 2252/695/1794 2254/1149/1796 2253/1148/1795
f 2252/695/1794 2255/1150/1797 2254/1149/1796
f 2252/695/1794 2256/1151/1798 2255/1150/1797
f 2255/1150/1797 2238/1138/1780 2254/1149/1796
f 2254/1149/1796 2238/1138/1780 2236/1137/1778
f 2252/695/1794 2257/696/1799 2256/1151/1798
f 2256/1151/1798 2257/696/1799 2258/1152/1800
f 2259/1153/1801 2258/1152/1800 2257/696/1799
f 2259/1153/1801 2257/696/1799 2260/1154/1802
f 2260/1154/1802 2257/696/1799 2261/1155/1803
f 2238/1138/1780 2261/1155/1803 2239/1139/1781
f 2261/1155/1803 2257/696/1799 2239/1139/1781
f 2262/355/1804 2264/351/1805 2263/348/1806
f 2264/351/1805 2262/355/1804 2265/352/1807
f 2266/354/1808 2265/352/1807 2262/355/1804
f 2266/354/1808 2262/355/1804 2267/356/1809
f 2268/353/1810 2265/352/1807 2266/354/1808
f 2269/6/1811 2265/352/1807 2268/353/1810
f 2265/352/1807 2269/6/1811 2270/5/1812
f 2271/355/1813 2273/349/1813 2272/348/1813
f 2271/355/1814 2274/359/1814 2273/349/1814
f 2275/1095/1815 2276/1097/1815 2277/1096/1816
f 2277/1096/1816 2276/1097/1815 2278/1098/1816
f 2279/1099/1817 2280/1100/1818 2276/1097/1819
f 2281/1101/1726 2280/1100/1818 2279/1099/1817
f 2281/1101/1727 2282/1102/1727 2280/1100/1727
f 2283/1103/1727 2282/1102/1727 2281/1101/1727
f 2284/1104/1820 2282/1102/1821 2283/1103/1729
f 2285/1105/1822 2282/1102/1821 2284/1104/1820
f 2285/1105/1823 2284/1104/1824 2286/1106/1825
f 2286/1106/1825 2284/1104/1824 2287/1107/1826
f 2286/1106/1827 2287/1107/1828 2288/1108/1829
f 2286/1106/1827 2288/1108/1829 2289/1109/1830
f 2288/1108/1829 2290/1110/1831 2289/1109/1830
f 2289/1109/1830 2290/1110/1831 2291/1111/1832
f 2289/1109/1830 2291/1111/1832 2292/1112/1833
f 2292/1112/1833 2291/1111/1832 2293/1113/1834
f 2291/1111/1832 2294/1114/1835 2293/1113/1834
f 2293/1113/1834 2294/1114/1835 2295/1115/1836
f 2295/1115/1837 2294/1114/1838 2296/1116/1839
f 2296/1116/1839 2294/1114/1838 2297/1117/1840
f 2296/1116/1841 2297/1117/1842 2298/1118/1843
f 2298/1118/1843 2297/1117/1842 2299/1119/1844
f 2300/1120/1845 2301/1122/1845 2302/1121/1846
f 2303/1123/1755 2301/1122/1845 2300/1120/1845
f 2303/1123/1847 2300/1120/1847 2304/1124/1759
f 2304/1124/1759 2300/1120/1847 2305/1125/1848
f 2304/1124/1759 2305/1125/1848 2306/1126/1849
f 2306/1126/1849 2305/1125/1848 2307/1127/1850
f 2306/1126/1851 2307/1127/1852 2308/1128/1853
f 2308/1128/1853 2307/1127/1852 2309/1129/1854
f 2308/1128/1855 2309/1129/1855 2310/1130/1855
f 2310/1130/1855 2309/1129/1855 2311/1131/1855
f 2312/1132/1768 2310/1130/1768 2311/1131/1768
f 2313/1133/1768 2310/1130/1768 2312/1132/1768
f 2314/1134/1856 2316/1135/1857 2315/1133/1858
f 2316/1135/1857 2317/1132/1859 2315/1133/1858
f 2318/764/1860 2320/540/1861 2319/537/1862
f 2318/764/1860 2319/537/1862 2321/532/1863
f 2322/534/1864 2318/764/1860 2321/532/1863
f 2318/764/1860 2322/534/1864 2323/1136/1865
f 2318/764/1860 2323/1136/1865 2324/762/1866
f 2324/762/1866 2323/1136/1865 2325/1138/1867
f 2325/1138/1867 2323/1136/1865 2326/1139/1868
f 2325/1138/1867 2326/1139/1868 2327/1155/1869
f 2327/1155/1869 2326/1139/1868 2328/696/1870
f 2329/1154/1871 2327/1155/1869 2328/696/1870
f 2330/1153/1872 2329/1154/1871 2328/696/1870
f 2330/1153/1872 2328/696/1870 2331/1152/1873
f 2332/1151/1874 2331/1152/1873 2328/696/1870
f 2333/695/1875 2332/1151/1874 2328/696/1870
f 2333/695/1875 2334/1150/1876 2332/1151/1874
f 2334/1150/1876 2335/1149/1877 2325/1138/1867
f 2333/695/1875 2335/1149/1877 2334/1150/1876
f 2335/1149/1877 2336/1137/1878 2325/1138/1867
f 2324/762/1866 2325/1138/1867 2336/1137/1878
f 2333/695/1875 2337/1148/1879 2335/1149/1877
f 2338/1140/1880 2324/762/1866 2336/1137/1878
f 2333/695/1875 2339/1147/1881 2337/1148/1879
f 2333/695/1875 2340/750/1882 2339/1147/1881
f 2340/750/1882 2341/1146/1883 2339/1147/1881
f 2338/1140/1880 2342/761/1884 2324/762/1866
f 2343/1141/1885 2342/761/1884 2338/1140/1880
f 2342/761/1884 2343/1141/1885 2344/1142/1886
f 2345/759/1887 2342/761/1884 2344/1142/1886
f 2340/750/1882 2346/751/1888 2341/1146/1883
f 2347/1143/1889 2345/759/1887 2344/1142/1886
f 2347/1143/1889 2348/755/1890 2345/759/1887
f 2346/751/1888 2348/755/1890 2347/1143/1889
f 2346/751/1888 2349/1145/1891 2341/1146/1883
f 2350/1144/1892 2346/751/1888 2347/1143/1889
f 2346/751/1888 2350/1144/1892 2349/1145/1891
f 2351/1156/1893 2353/1157/1894 2352/1158/1895
f 2354/1159/1896 2353/1157/1894 2351/1156/1893
f 2355/1160/1897 2354/1159/1896 2351/1156/1893
f 2356/1161/1898 2354/1159/1896 2355/1160/1897
f 2357/1162/1899 2356/1161/1900 2355/1160/1901
f 2358/1163/1902 2356/1161/1900 2357/1162/1899
f 2359/1164/1903 2358/1163/1904 2357/1162/1905
f 2360/1165/1906 2358/1163/1904 2359/1164/1903
f 2360/1165/1907 2359/1164/1908 2361/1166/1909
f 2361/1166/1909 2359/1164/1908 2362/1167/1910
f 2361/1166/1911 2362/1167/1912 2363/1168/1913
f 2363/1168/1913 2362/1167/1912 2364/1169/1914
f 2363/1168/1913 2364/1169/1914 2365/1170/1915
f 2365/1170/1915 2364/1169/1914 2366/1171/1916
f 2367/1157/1917 2369/1159/1918 2368/1157/1919
f 2367/1157/1917 2370/1159/1920 2369/1159/1918
f 2370/1159/1920 2371/1161/1921 2369/1159/1918
f 2370/1159/1920 2372/1161/1922 2371/1161/1921
f 2372/1161/1922 2373/1163/1923 2371/1161/1921
f 2372/1161/1922 2374/1163/1924 2373/1163/1923
f 2374/1163/1924 2375/1165/1925 2373/1163/1923
f 2374/1163/1924 2376/1165/1926 2375/1165/1925
f 2376/1165/1926 2377/1166/1927 2375/1165/1925
f 2376/1165/1926 2378/1166/1928 2377/1166/1927
f 2378/1166/1928 2379/1168/1929 2377/1166/1927
f 2378/1166/1928 2380/1168/1930 2379/1168/1929
f 2380/1168/1930 2381/1170/1931 2379/1168/1929
f 2380/1168/1930 2382/1170/1932 2381/1170/1931
f 2383/1156/1933 2384/1158/1934 2385/1158/1935
f 2383/1156/1933 2386/1156/1936 2384/1158/1934
f 2387/1160/1937 2386/1156/1936 2383/1156/1933
f 2387/1160/1937 2388/1160/1938 2386/1156/1936
f 2389/1162/1939 2388/1160/1938 2387/1160/1937
f 2389/1162/1939 2390/1162/1940 2388/1160/1938
f 2391/1164/1941 2390/1162/1940 2389/1162/1939
f 2391/1164/1941 2392/1164/1942 2390/1162/1940
f 2393/1167/1943 2392/1164/1942 2391/1164/1941
f 2393/1167/1943 2394/1167/1944 2392/1164/1942
f 2395/1169/1945 2394/1167/1944 2393/1167/1943
f 2395/1169/1945 2396/1169/1946 2394/1167/1944
f 2397/1171/1947 2396/1169/1946 2395/1169/1945
f 2397/1171/1947 2398/1171/1948 2396/1169/1946
f 2399/1172/1949 2401/1173/1949 2400/1174/1949
f 2402/1175/1950 2401/1173/1951 2399/1172/1952
f 2402/1175/1950 2403/1176/1953 2401/1173/1951
f 2404/1177/1954 2403/1176/1953 2402/1175/1950
f 2405/1178/1955 2404/1177/1954 2402/1175/1950
f 2402/1175/1950 2399/1172/1952 2406/1179/1956
f 2406/1179/1956 2399/1172/1952 2407/1174/1957
f 2405/1178/1958 2402/1175/1950 2408/1180/1959
f 2408/1180/1959 2402/1175/1950 2406/1179/1956
f 2409/1181/1960 2405/1178/1958 2408/1180/1959
f 2409/1181/1961 2408/1180/1962 2410/1182/1963
f 2408/1180/1962 2411/1183/1964 2410/1182/1963
f 2408/1180/1962 2406/1179/1965 2411/1183/1964
f 2410/1182/1966 2411/1183/1964 2412/1184/1967
f 2411/1183/1964 2413/1185/1968 2412/1184/1967
f 2414/1186/1969 2413/1185/1968 2411/1183/1964
f 2406/1179/1965 2415/1187/1970 2411/1183/1964
f 2414/1186/1969 2411/1183/1964 2415/1187/1970
f 2406/1179/1965 2416/1174/1971 2415/1187/1970
f 2415/1187/1970 2416/1174/1971 2414/1186/1972
f 2417/1172/1973 2419/1174/1973 2418/1173/1973
f 2420/1175/1974 2417/1172/1975 2418/1173/1976
f 2420/1175/1974 2418/1173/1976 2421/1176/1977
f 2422/1177/1978 2420/1175/1974 2421/1176/1977
f 2423/1178/1979 2420/1175/1974 2422/1177/1978
f 2420/1175/1974 2424/1179/1980 2417/1172/1975
f 2424/1179/1980 2425/1174/1981 2417/1172/1975
f 2423/1178/1982 2426/1180/1983 2420/1175/1974
f 2426/1180/1983 2424/1179/1980 2420/1175/1974
f 2427/1181/1984 2426/1180/1983 2423/1178/1982
f 2427/1181/1985 2428/1182/1986 2426/1180/1987
f 2426/1180/1987 2428/1182/1986 2429/1183/1988
f 2426/1180/1987 2429/1183/1988 2424/1179/1989
f 2428/1182/1990 2430/1184/1991 2429/1183/1988
f 2429/1183/1988 2430/1184/1991 2431/1185/1992
f 2432/1186/1993 2429/1183/1988 2431/1185/1992
f 2424/1179/1989 2429/1183/1988 2433/1187/1994
f 2432/1186/1993 2433/1187/1994 2429/1183/1988
f 2424/1179/1989 2433/1187/1994 2434/1174/1995
f 2433/1187/1994 2432/1186/1996 2434/1174/1995
f 2435/1188/1997 2437/1189/1997 2436/1190/1997
f 2438/1191/1998 2435/1188/1999 2436/1190/2000
f 2438/1191/1998 2436/1190/2000 2439/1192/2001
f 2440/1193/2002 2438/1191/1998 2439/1192/2001
f 2441/1194/2003 2438/1191/1998 2440/1193/2002
f 2438/1191/1998 2442/1195/2004 2435/1188/1999
f 2442/1195/2005 2443/1189/2005 2435/1188/2005
f 2441/1194/2006 2444/1196/2007 2438/1191/1998
f 2444/1196/2007 2442/1195/2004 2438/1191/1998
f 2445/1197/2008 2444/1196/2007 2441/1194/2006
f 2445/1197/2009 2446/1198/2010 2444/1196/2011
f 2444/1196/2011 2446/1198/2010 2447/1199/2012
f 2444/1196/2011 2447/1199/2012 2442/1195/2013
f 2446/1198/2014 2448/1200/2015 2447/1199/2012
f 2447/1199/2012 2448/1200/2015 2449/1201/2016
f 2450/1202/2017 2447/1199/2012 2449/1201/2016
f 2442/1195/2013 2447/1199/2012 2451/1203/2018
f 2450/1202/2017 2451/1203/2018 2447/1199/2012
f 2442/1195/2019 2451/1203/2019 2452/1189/2019
f 2451/1203/2020 2450/1202/2020 2453/1189/2020
f 2454/1188/2021 2456/1190/2021 2455/1189/2021
f 2457/1191/2022 2456/1190/2023 2454/1188/2024
f 2457/1191/2022 2458/1192/2025 2456/1190/2023
f 2459/1193/2026 2458/1192/2025 2457/1191/2022
f 2460/1194/2027 2459/1193/2026 2457/1191/2022
f 2457/1191/2022 2454/1188/2024 2461/1195/2028
f 2461/1195/2029 2454/1188/2029 2462/1189/2029
f 2460/1194/2030 2457/1191/2022 2463/1196/2031
f 2463/1196/2031 2457/1191/2022 2461/1195/2028
f 2464/1197/2032 2460/1194/2030 2463/1196/2031
f 2464/1197/2033 2463/1196/2034 2465/1198/2035
f 2463/1196/2034 2466/1199/2036 2465/1198/2035
f 2463/1196/2034 2461/1195/2037 2466/1199/2036
f 2465/1198/2038 2466/1199/2036 2467/1200/2039
f 2466/1199/2036 2468/1201/2040 2467/1200/2039
f 2469/1202/2041 2468/1201/2040 2466/1199/2036
f 2461/1195/2037 2470/1203/2042 2466/1199/2036
f 2469/1202/2041 2466/1199/2036 2470/1203/2042
f 2461/1195/2043 2471/1189/2043 2470/1203/2043
f 2470/1203/2044 2472/1189/2044 2469/1202/2044
f 2473/1204/2045 2475/1205/2046 2474/1206/2047
f 2474/1206/2047 2475/1205/2046 2476/1207/2048
f 2477/1208/2049 2479/1209/2050 2478/1210/2051
f 2480/1211/2052 2479/1209/2050 2477/1208/2049
f 2481/1212/2053 2479/1209/2050 2480/1211/2052
f 2481/1212/2053 2482/1213/2054 2479/1209/2050
f 2483/1214/2055 2482/1213/2054 2481/1212/2053
f 2484/1215/2056 2483/1214/2055 2481/1212/2053
f 2485/1216/2057 2481/1212/2053 2480/1211/2052
f 2484/1215/2056 2481/1212/2053 2485/1216/2057
f 2486/1217/2058 2485/1216/2057 2480/1211/2052
f 2487/1218/2059 2485/1216/2057 2486/1217/2058
f 2488/1219/2060 2484/1215/2056 2485/1216/2057
f 2487/1218/2059 2488/1219/2060 2485/1216/2057
f 2489/1220/2061 2484/1215/2056 2488/1219/2060
f 2490/1221/2062 2488/1219/2060 2487/1218/2059
f 2489/1220/2061 2488/1219/2060 2490/1221/2062
f 2491/1222/2063 2493/1223/2064 2492/1224/2065
f 2492/1224/2065 2493/1223/2064 2494/1225/2066
f 2494/1225/2066 2493/1223/2064 2495/1226/2067
f 2494/1225/2066 2495/1226/2067 2496/1227/2068
f 2495/1226/2067 2497/1228/2069 2496/1227/2068
f 2496/1227/2068 2497/1228/2069 2498/73/2070
f 2498/73/2070 2497/1228/2069 2499/74/2071
f 2500/1221/2072 2502/1215/2073 2501/1220/2074
f 2503/1219/2075 2502/1215/2073 2500/1221/2072
f 2504/1218/2076 2503/1219/2075 2500/1221/2072
f 2504/1218/2076 2505/1217/2077 2503/1219/2075
f 2503/1219/2075 2505/1217/2077 2502/1215/2073
f 2502/1215/2073 2505/1217/2077 2506/1216/2078
f 2502/1215/2073 2506/1216/2078 2507/1214/2079
f 2506/1216/2078 2505/1217/2077 2508/1212/2080
f 2507/1214/2079 2506/1216/2078 2508/1212/2080
f 2507/1214/2079 2508/1212/2080 2509/1213/2081
f 2508/1212/2080 2505/1217/2077 2510/1211/2082
f 2509/1213/2081 2508/1212/2080 2511/1209/2083
f 2508/1212/2080 2510/1211/2082 2511/1209/2083
f 2510/1211/2082 2512/1208/2084 2511/1209/2083
f 2511/1209/2083 2512/1208/2084 2513/1210/2085
f 2514/1206/82 2516/1207/82 2515/1204/82
f 2515/1204/82 2516/1207/82 2517/1205/82
f 2518/1229/2086 2520/1230/2087 2519/1231/2088
f 2520/1230/2087 2521/1232/2089 2519/1231/2088
f 2522/1233/2090 2521/1232/2089 2520/1230/2087
f 2523/1234/2091 2521/1232/2089 2522/1233/2090
f 2523/1234/2091 2524/1235/2092 2521/1232/2089
f 2521/1232/2089 2524/1235/2092 2525/1236/2093
f 2519/1231/2088 2521/1232/2089 2526/1237/2094
f 2521/1232/2089 2527/1238/2095 2526/1237/2094
f 2526/1237/2094 2527/1238/2095 2528/1239/2096
f 2521/1232/2089 2529/1240/2097 2527/1238/2095
f 2527/1238/2095 2529/1240/2097 2530/1241/2098
f 2531/1229/2099 2533/1231/2100 2532/1230/2101
f 2532/1230/2101 2533/1231/2100 2534/1232/2102
f 2533/1231/2100 2535/1237/2103 2534/1232/2102
f 2534/1232/2102 2536/1234/2104 2532/1230/2101
f 2532/1230/2101 2536/1234/2104 2537/1233/2105
f 2538/1236/2106 2536/1234/2104 2534/1232/2102
f 2539/1235/2107 2536/1234/2104 2538/1236/2106
f 2534/1232/2102 2535/1237/2103 2540/1238/2108
f 2540/1238/2108 2535/1237/2103 2541/1239/2109
f 2534/1232/2102 2540/1238/2108 2542/1240/2110
f 2542/1240/2110 2540/1238/2108 2543/1241/2111
f 2544/1242/2112 2545/1243/2113 2546/1244/2112
f 2545/1243/2113 2547/1245/2112 2546/1244/2112
f 2548/1246/2114 2546/1244/2112 2547/1245/2112
f 2549/1247/2115 2551/1248/2116 2550/1249/2117
f 2552/1250/2118 2551/1248/2116 2549/1247/2115
f 2552/1250/2118 2553/1251/2119 2551/1248/2116
f 2554/1252/2120 2555/1253/2120 2556/1254/2120
f 2555/1253/2120 2557/1255/2120 2556/1254/2120
f 2558/1248/2121 2560/1247/2122 2559/1249/2123
f 2561/1250/2124 2560/1247/2122 2558/1248/2121
f 2561/1250/2124 2558/1248/2121 2562/1251/2125
f 2563/1256/2126 2564/1257/2127 2565/1258/2128
f 2564/1257/2127 2566/1259/2129 2565/1258/2128
f 2567/1258/2126 2568/1259/2126 2569/1256/2126
f 2568/1259/2126 2570/1257/2126 2569/1256/2126
f 2571/1260/2130 2572/1261/2131 2573/1261/2132
f 2571/1260/2130 2573/1261/2132 2574/1261/2133
f 2575/1262/2134 2576/1263/2134 2577/1261/2135
f 2576/1263/2134 2578/1264/2136 2577/1261/2135
f 2576/1263/2134 2579/1265/2137 2578/1264/2136
f 2579/1265/2137 2580/1266/2138 2578/1264/2136
f 2578/1264/2136 2580/1266/2138 2581/1267/2139
f 2579/1265/2137 2582/1268/2140 2580/1266/2138
f 2582/1268/2140 2583/1269/2134 2580/1266/2138
f 2582/1268/2140 2584/1270/2141 2583/1269/2134
f 2584/1270/2141 2585/1271/2138 2583/1269/2134
f 2584/1270/2141 2586/1272/2134 2585/1271/2138
f 2586/1272/2134 2587/1273/2134 2585/1271/2138
f 2587/1273/2134 2588/1274/2134 2585/1271/2138
f 2587/1273/2134 2589/1275/2135 2588/1274/2134
f 2589/1275/2135 2590/1276/2135 2588/1274/2134
f 2589/1275/2135 2591/1277/2137 2590/1276/2135
f 2591/1277/2137 2592/1278/2137 2590/1276/2135
f 2578/1264/2136 2593/1279/2142 2577/1261/2135
f 2577/1261/2135 2593/1279/2142 2594/1280/2137
f 2594/1280/2137 2593/1279/2142 2595/1281/2143
f 2596/1282/2144 2577/1261/2135 2594/1280/2137
f 2596/1282/2144 2594/1280/2137 2597/1283/2135
f 2577/1261/2135 2596/1282/2144 2598/1284/2145
f 2598/1284/2145 2596/1282/2144 2597/1283/2135
f 2599/1285/2143 2577/1261/2135 2598/1284/2145
f 2598/1284/2145 2597/1283/2135 2600/1286/2135
f 2601/1287/2146 2599/1285/2143 2598/1284/2145
f 2601/1287/2146 2598/1284/2145 2600/1286/2135
f 2602/1280/2134 2603/1281/2147 2604/1279/2148
f 2605/1282/2149 2602/1280/2134 2604/1279/2148
f 2602/1280/2134 2605/1282/2149 2606/1284/2150
f 2607/1283/2135 2602/1280/2134 2606/1284/2150
f 2607/1283/2135 2606/1284/2150 2608/1287/2144
f 2609/1286/2151 2607/1283/2135 2608/1287/2144
f 2608/1287/2144 2606/1284/2150 2610/1285/2143
f 2606/1284/2150 2605/1282/2149 2610/1285/2143
f 2605/1282/2149 2611/1261/2135 2610/1285/2143
f 2611/1261/2135 2605/1282/2149 2604/1279/2148
f 2611/1261/2135 2604/1279/2148 2612/1288/2135
f 2612/1288/2135 2613/1262/2152 2611/1261/2135
f 2604/1279/2148 2614/1264/2136 2612/1288/2135
f 2614/1264/2136 2615/1266/2151 2612/1288/2135
f 2614/1264/2136 2616/1267/2153 2615/1266/2151
f 2615/1266/2151 2617/1265/2137 2612/1288/2135
f 2615/1266/2151 2618/1269/2135 2617/1265/2137
f 2618/1269/2135 2619/1268/2140 2617/1265/2137
f 2618/1269/2135 2620/1271/2140 2619/1268/2140
f 2620/1271/2140 2621/1270/2140 2619/1268/2140
f 2620/1271/2140 2622/1273/2137 2621/1270/2140
f 2622/1273/2137 2623/1272/2138 2621/1270/2140
f 2622/1273/2137 2620/1271/2140 2624/1274/2154
f 2624/1274/2154 2625/1276/2135 2622/1273/2137
f 2625/1276/2135 2626/1275/2135 2622/1273/2137
f 2625/1276/2135 2627/1278/2135 2626/1275/2135
f 2627/1278/2135 2628/1277/2135 2626/1275/2135
f 2629/55/2155 2631/58/2156 2630/56/2157
f 2629/55/2155 2632/1289/2158 2631/58/2156
f 2633/60/2159 2632/1289/2158 2629/55/2155
f 2633/60/2159 2634/1290/2160 2632/1289/2158
f 2635/69/2161 2634/1290/2160 2633/60/2159
f 2636/68/2162 2634/1290/2160 2635/69/2161
f 2637/64/2163 2634/1290/2160 2636/68/2162
f 2638/67/2164 2637/64/2163 2636/68/2162
f 2639/62/2165 2637/64/2163 2638/67/2164
f 2640/66/2166 2639/62/2165 2638/67/2164
f 2641/65/2166 2639/62/2165 2640/66/2166
f 2642/1289/2167 2644/56/2168 2643/58/2169
f 2645/55/2170 2644/56/2168 2642/1289/2167
f 2646/1290/2171 2645/55/2170 2642/1289/2167
f 2647/60/2172 2645/55/2170 2646/1290/2171
f 2646/1290/2171 2648/69/2173 2647/60/2172
f 2649/64/2174 2648/69/2173 2646/1290/2171
f 2649/64/2174 2650/68/2175 2648/69/2173
f 2649/64/2174 2651/67/2176 2650/68/2175
f 2652/62/2177 2651/67/2176 2649/64/2174
f 2652/62/2177 2653/66/2178 2651/67/2176
f 2654/65/2179 2653/66/2178 2652/62/2177
f 2655/1291/2180 2656/61/2181 2657/53/2182
f 2658/54/2183 2655/1291/2180 2657/53/2182
f 2659/1291/2184 2660/53/2185 2661/61/2186
f 2662/54/2187 2660/53/2185 2659/1291/2184
f 2663/52/2188 2665/49/2188 2664/1292/2188
f 2664/1292/2188 2665/49/2188 2666/1293/2188
f 2667/64/2189 2668/63/2189 2669/1290/2189
f 2668/63/2189 2670/1294/2189 2669/1290/2189
f 2671/63/2190 2672/64/2190 2673/1294/2190
f 2672/64/2190 2674/1290/2190 2673/1294/2190
f 2675/1295/2191 2676/1296/2192 2677/1297/2193
f 2675/1295/2191 2677/1297/2193 2678/1298/2194
f 2679/1299/2194 2675/1295/2191 2678/1298/2194
f 2679/1299/2194 2678/1298/2194 2680/1300/2195
f 2681/1301/2195 2679/1299/2194 2680/1300/2195
f 2681/1301/2195 2680/1300/2195 2682/1302/477
f 2683/1303/477 2681/1301/2195 2682/1302/477
f 2683/1303/477 2682/1302/477 2684/1304/477
f 2682/1302/477 2685/1305/477 2684/1304/477
f 2684/1304/477 2685/1305/477 2686/1306/435
f 2685/1305/477 2687/1307/435 2686/1306/435
f 2686/1306/435 2687/1307/435 2688/1308/477
f 2687/1307/435 2689/1309/477 2688/1308/477
f 2690/1310/2196 2692/1307/2197 2691/1309/2198
f 2693/1311/2199 2692/1307/2197 2690/1310/2196
f 2693/1311/2199 2694/1305/2200 2692/1307/2197
f 2695/1312/2201 2694/1305/2200 2693/1311/2199
f 2695/1312/2201 2696/1302/2202 2694/1305/2200
f 2697/1313/2203 2696/1302/2202 2695/1312/2201
f 2697/1313/2203 2698/1300/2204 2696/1302/2202
f 2699/1314/2205 2698/1300/2204 2697/1313/2203
f 2699/1314/2205 2700/1315/2206 2698/1300/2204
f 2698/1300/2204 2700/1315/2206 2701/1298/2207
f 2700/1315/2206 2702/1316/2208 2701/1298/2207
f 2701/1298/2207 2702/1316/2208 2703/1297/2208
f 2704/1310/2209 2706/1309/2210 2705/1311/2211
f 2705/1311/2211 2706/1309/2210 2707/1307/2212
f 2705/1311/2211 2707/1307/2212 2708/1312/2213
f 2708/1312/2213 2707/1307/2212 2709/1305/2213
f 2708/1312/2213 2709/1305/2213 2710/1313/2214
f 2710/1313/2214 2709/1305/2213 2711/1302/2215
f 2710/1313/2214 2711/1302/2215 2712/1314/2216
f 2712/1314/2216 2711/1302/2215 2713/1300/2217
f 2714/1298/2218 2712/1314/2216 2713/1300/2217
f 2715/1315/2219 2712/1314/2216 2714/1298/2218
f 2715/1315/2219 2714/1298/2218 2716/1316/2220
f 2716/1316/2220 2714/1298/2218 2717/1297/2220
f 2718/1309/477 2719/1307/2136 2720/1308/477
f 2719/1307/2136 2721/1305/2191 2720/1308/477
f 2721/1305/2191 2722/1306/2221 2720/1308/477
f 2721/1305/2191 2723/1303/2143 2722/1306/2221
f 2723/1303/2143 2724/1304/2222 2722/1306/2221
f 2723/1303/2143 2721/1305/2191 2725/1302/2143
f 2723/1303/2143 2725/1302/2143 2726/1300/2143
f 2727/1301/2143 2723/1303/2143 2726/1300/2143
f 2728/1299/2195 2727/1301/2143 2726/1300/2143
f 2728/1299/2195 2726/1300/2143 2729/1298/2195
f 2730/1295/2223 2728/1299/2195 2729/1298/2195
f 2731/1297/1768 2730/1295/2223 2729/1298/2195
f 2732/1317/2224 2733/1318/2225 2734/1319/2226
f 2735/1320/2227 2733/1318/2225 2732/1317/2224
f 2736/1321/2228 2735/1320/2227 2732/1317/2224
f 2736/1321/2228 2732/1317/2224 2737/1322/2229
f 2738/1323/2230 2735/1320/2227 2736/1321/2228
f 2739/1324/2231 2736/1321/2228 2737/1322/2229
f 2739/1324/2232 2737/1322/2233 2740/1325/2232
f 2741/1326/2232 2739/1324/2232 2740/1325/2232
f 2742/1327/2234 2738/1323/2230 2736/1321/2228
f 2742/1327/2234 2736/1321/2228 2739/1324/2231
f 2742/1327/2234 2743/1328/2235 2738/1323/2230
f 2744/1329/2236 2742/1327/2234 2739/1324/2231
f 2742/1327/2234 2745/1330/2237 2743/1328/2235
f 2744/1329/2236 2745/1330/2237 2742/1327/2234
f 2745/1330/2237 2746/1331/2238 2743/1328/2235
f 2744/1329/2236 2747/1332/2239 2745/1330/2237
f 2745/1330/2237 2748/1333/2240 2746/1331/2238
f 2747/1332/2239 2748/1333/2240 2745/1330/2237
f 2748/1333/2240 2749/1334/2241 2746/1331/2238
f 2747/1332/2239 2750/1335/2242 2748/1333/2240
f 2748/1333/2240 2751/1336/2243 2749/1334/2241
f 2750/1335/2242 2751/1336/2243 2748/1333/2240
f 2750/1335/2242 2752/1337/2244 2751/1336/2243
f 2752/1337/2244 2753/1338/2245 2751/1336/2243
f 2751/1336/2243 2754/1339/2246 2749/1334/2241
f 2751/1336/2243 2753/1338/2245 2754/1339/2246
f 2753/1338/2245 2755/1340/2247 2754/1339/2246
f 2755/1340/2247 2756/1341/2248 2754/1339/2246
f 2755/1340/2247 2757/1342/2249 2756/1341/2248
f 2756/1341/2248 2757/1342/2249 2758/1343/2250
f 2756/1341/2248 2758/1343/2250 2759/1344/2251
f 2760/1345/2252 2756/1341/2248 2759/1344/2251
f 2758/1343/2250 2757/1342/2249 2761/1346/2253
f 2757/1342/2249 2762/1347/2254 2761/1346/2253
f 2758/1343/2250 2761/1346/2253 2763/1348/2255
f 2759/1344/2251 2758/1343/2250 2763/1348/2255
f 2761/1346/2253 2762/1347/2254 2764/1349/2256
f 2763/1348/2255 2761/1346/2253 2764/1349/2256
f 2762/1347/2254 2765/1350/2257 2764/1349/2256
f 2760/1345/2252 2759/1344/2251 2766/1351/2258
f 2767/1352/2259 2760/1345/2252 2766/1351/2258
f 2767/1352/2259 2766/1351/2258 2768/1353/2260
f 2769/1354/2261 2767/1352/2259 2768/1353/2260
f 2769/1354/2261 2768/1353/2260 2770/1355/2262
f 2771/1356/2263 2769/1354/2261 2770/1355/2262
f 2771/1356/2263 2770/1355/2262 2772/1357/2264
f 2773/1358/2265 2771/1356/2263 2772/1357/2264
f 2773/1358/2265 2772/1357/2264 2774/1359/2266
f 2775/1360/2267 2773/1358/2265 2774/1359/2266
f 2775/1360/2267 2774/1359/2266 2776/1361/2268
f 2774/1359/2266 2777/1362/2269 2776/1361/2268
f 2774/1359/2266 2772/1357/2264 2778/1363/2270
f 2774/1359/2266 2778/1363/2270 2777/1362/2269
f 2772/1357/2264 2770/1355/2262 2778/1363/2270
f 2777/1362/2269 2778/1363/2270 2779/1364/2271
f 2770/1355/2262 2768/1353/2260 2780/1365/2272
f 2770/1355/2262 2780/1365/2272 2778/1363/2270
f 2779/1364/2271 2778/1363/2270 2781/1366/2273
f 2778/1363/2270 2780/1365/2272 2781/1366/2273
f 2779/1364/2271 2781/1366/2273 2782/1367/2274
f 2768/1353/2260 2783/1368/2275 2780/1365/2272
f 2768/1353/2260 2766/1351/2258 2783/1368/2275
f 2780/1365/2272 2784/1369/2276 2781/1366/2273
f 2780/1365/2272 2783/1368/2275 2784/1369/2276
f 2781/1366/2273 2784/1369/2276 2785/1370/2277
f 2766/1351/2258 2786/1371/2278 2783/1368/2275
f 2766/1351/2258 2759/1344/2251 2786/1371/2278
f 2783/1368/2275 2787/1372/2279 2784/1369/2276
f 2783/1368/2275 2786/1371/2278 2787/1372/2279
f 2784/1369/2276 2788/1373/2280 2785/1370/2277
f 2784/1369/2276 2787/1372/2279 2788/1373/2280
f 2785/1370/2277 2788/1373/2280 2789/1374/2281
f 2788/1373/2280 2790/1375/2282 2789/1374/2281
f 2789/1374/2281 2790/1375/2282 2791/1376/2283
f 2790/1375/2282 2792/1377/2284 2791/1376/2283
f 2787/1372/2279 2793/1378/2285 2788/1373/2280
f 2788/1373/2280 2793/1378/2285 2790/1375/2282
f 2790/1375/2282 2794/1379/2286 2792/1377/2284
f 2793/1378/2285 2794/1379/2286 2790/1375/2282
f 2794/1379/2286 2795/1380/2287 2792/1377/2284
f 2787/1372/2279 2796/1381/2288 2793/1378/2285
f 2786/1371/2278 2796/1381/2288 2787/1372/2279
f 2786/1371/2278 2797/1382/2289 2796/1381/2288
f 2759/1344/2251 2798/1383/2290 2786/1371/2278
f 2786/1371/2278 2798/1383/2290 2797/1382/2289
f 2759/1344/2251 2763/1348/2255 2798/1383/2290
f 2798/1383/2290 2763/1348/2255 2797/1382/2289
f 2796/1381/2288 2799/1384/2291 2793/1378/2285
f 2793/1378/2285 2799/1384/2291 2794/1379/2286
f 2796/1381/2288 2797/1382/2289 2799/1384/2291
f 2794/1379/2286 2800/1385/2292 2795/1380/2287
f 2799/1384/2291 2800/1385/2292 2794/1379/2286
f 2800/1385/2292 2801/1386/2293 2795/1380/2287
f 2799/1384/2291 2802/1387/2294 2800/1385/2292
f 2797/1382/2289 2802/1387/2294 2799/1384/2291
f 2800/1385/2292 2803/1388/2295 2801/1386/2293
f 2802/1387/2294 2803/1388/2295 2800/1385/2292
f 2803/1388/2295 2804/1389/2296 2801/1386/2293
f 2763/1348/2255 2805/1390/2297 2797/1382/2289
f 2763/1348/2255 2764/1349/2256 2805/1390/2297
f 2797/1382/2289 2806/1391/2298 2802/1387/2294
f 2802/1387/2294 2806/1391/2298 2803/1388/2295
f 2797/1382/2289 2805/1390/2297 2806/1391/2298
f 2803/1388/2295 2807/1392/2299 2804/1389/2296
f 2806/1391/2298 2807/1392/2299 2803/1388/2295
f 2807/1392/2299 2808/1393/2300 2804/1389/2296
f 2805/1390/2297 2764/1349/2256 2809/1394/2301
f 2805/1390/2297 2809/1394/2301 2806/1391/2298
f 2806/1391/2298 2809/1394/2301 2807/1392/2299
f 2764/1349/2256 2765/1350/2257 2809/1394/2301
f 2807/1392/2299 2810/1395/2302 2808/1393/2300
f 2809/1394/2301 2810/1395/2302 2807/1392/2299
f 2809/1394/2301 2765/1350/2257 2810/1395/2302
f 2765/1350/2257 2811/1396/2303 2810/1395/2302
f 2810/1395/2302 2812/1397/2304 2808/1393/2300
f 2810/1395/2302 2811/1396/2303 2813/1398/2305
f 2810/1395/2302 2813/1398/2305 2812/1397/2306
f 2811/1396/2303 2814/1399/2307 2813/1398/2305
f 2813/1398/2305 2815/1400/2308 2812/1397/2306
f 2813/1398/2305 2814/1399/2307 2815/1400/2308
f 2815/1400/2308 2816/70/2309 2812/1397/2306
f 2815/1400/2308 2814/1399/2307 2817/71/2310
f 2816/70/2309 2815/1400/2308 2817/71/2310
f 2816/70/2309 2817/71/2310 2818/72/2311
f 2819/1401/2312 2820/1402/2313 2821/1217/2313
f 2822/1211/2314 2821/1217/2313 2820/1402/2313
f 2823/1403/2314 2822/1211/2314 2820/1402/2313
f 2823/1403/2314 2820/1402/2313 2824/1404/2314
f 2825/1405/1179 2823/1403/2314 2824/1404/2314
f 2825/1405/2315 2826/1406/2316 2823/1403/2317
f 2823/1403/2317 2826/1406/2316 2827/1407/2318
f 2828/1408/942 2827/1407/2318 2826/1406/2316
f 2825/1405/1179 2824/1404/2314 2829/1409/2319
f 2825/1405/2315 2829/1409/2319 2826/1406/2316
f 2824/1404/2314 2830/1410/2313 2829/1409/2319
f 2831/1411/1676 2828/1408/942 2826/1406/2316
f 2831/1411/1676 2826/1406/2316 2832/1412/2320
f 2831/1411/2321 2833/1413/2322 2828/1408/2323
f 2831/1411/2321 2832/1412/2324 2833/1413/2322
f 2833/1413/2322 2834/1414/2325 2828/1408/2323
f 2832/1412/2324 2835/1415/2326 2833/1413/2322
f 2836/1416/2327 2835/1415/2326 2832/1412/2324
f 2829/1409/2319 2837/1417/2328 2826/1406/2316
f 2826/1406/2316 2837/1417/2328 2832/1412/2320
f 2838/1418/2329 2836/1416/2327 2832/1412/2324
f 2839/1419/2330 2836/1416/2327 2838/1418/2329
f 2832/1412/2320 2837/1417/2328 2840/1420/2331
f 2840/1420/2331 2837/1417/2328 2829/1409/2319
f 2838/1418/1676 2832/1412/2320 2840/1420/2331
f 2838/1418/1676 2840/1420/2331 2841/1421/2332
f 2842/1422/2333 2840/1420/2331 2829/1409/2319
f 2842/1422/2333 2829/1409/2319 2830/1410/2313
f 2841/1421/2332 2840/1420/2331 2842/1422/2333
f 2843/1423/2334 2839/1419/2330 2838/1418/2329
f 2843/1423/2335 2838/1418/1676 2841/1421/2332
f 2843/1423/2334 2844/1424/2336 2839/1419/2330
f 2843/1423/2335 2841/1421/2332 2844/1424/694
f 2844/1424/2336 2845/1425/2337 2839/1419/2330
f 2846/1426/2338 2842/1422/2333 2830/1410/2313
f 2846/1426/2338 2841/1421/2332 2842/1422/2333
f 2846/1426/2338 2830/1410/2313 2847/1427/2339
f 2846/1426/2338 2847/1427/2339 2841/1421/2332
f 2830/1410/2313 2848/1428/2340 2847/1427/2339
f 2844/1424/2336 2849/1429/2341 2845/1425/2337
f 2849/1429/2341 2850/1430/2342 2845/1425/2337
f 2841/1421/2332 2851/1431/2343 2844/1424/694
f 2844/1424/694 2851/1431/2343 2849/1429/2344
f 2847/1427/2339 2851/1431/2343 2841/1421/2332
f 2851/1431/2343 2852/1432/2345 2849/1429/2344
f 2853/1433/2346 2852/1432/2345 2851/1431/2343
f 2847/1427/2339 2853/1433/2346 2851/1431/2343
f 2847/1427/2339 2848/1428/2340 2853/1433/2346
f 2848/1428/2340 2854/1434/1179 2853/1433/2346
f 2855/1435/2048 2856/1436/2347 2857/1437/2348
f 2855/1435/2048 2858/1438/2349 2856/1436/2347
f 2859/1439/2350 2858/1438/2349 2855/1435/2048
f 2860/1440/2351 2859/1439/2350 2855/1435/2048
f 2859/1439/2350 2861/1441/2352 2858/1438/2349
f 2861/1441/2352 2862/1442/2347 2858/1438/2349
f 2858/1438/2349 2862/1442/2347 2863/1443/2353
f 2862/1442/2347 2864/1444/2353 2863/1443/2353
f 2864/1444/2353 2865/1445/2354 2863/1443/2353
f 2865/1445/2354 2866/1446/2354 2863/1443/2353
f 2865/1445/2354 2867/1447/2080 2866/1446/2354
f 2867/1447/2080 2868/1448/2355 2866/1446/2354
f 2866/1446/2354 2868/1448/2355 2869/1449/2356
f 2868/1448/2355 2870/1450/2357 2869/1449/2356
f 2868/1448/2355 2871/1451/2358 2870/1450/2357
f 2871/1451/2358 2872/1452/2359 2870/1450/2357
f 2873/1222/2360 2875/1226/2361 2874/1223/2362
f 2876/1224/2363 2875/1226/2361 2873/1222/2360
f 2877/73/2364 2875/1226/2361 2876/1224/2363
f 2877/73/2364 2878/75/2365 2875/1226/2361
f 2878/75/2365 2879/1228/2366 2875/1226/2361
f 2878/75/2365 2880/76/2367 2879/1228/2366
f 2879/1228/2366 2880/76/2367 2881/80/2368
f 2881/80/2368 2882/81/2369 2879/1228/2366
f 2879/1228/2366 2882/81/2369 2883/74/2370
f 2883/74/2371 2881/80/2372 2884/79/2373
f 2884/79/2373 2881/80/2372 2885/78/2348
f 2886/1453/2374 2887/1454/2375 2888/1455/2376
f 2889/1456/2377 2887/1454/2375 2886/1453/2374
f 2890/1457/2378 2889/1456/2377 2886/1453/2374
f 2890/1457/2378 2886/1453/2374 2891/1458/2379
f 2886/1453/2374 2892/1459/2380 2891/1458/2379
f 2890/1457/2378 2891/1458/2379 2893/1460/2377
f 2891/1458/2379 2894/1461/2381 2893/1460/2377
f 2890/1457/2378 2893/1460/2377 2895/1462/2381
f 2893/1460/2377 2896/1463/2382 2895/1462/2381
f 2890/1457/2378 2895/1462/2381 2897/1464/2377
f 2898/1465/2383 2890/1457/2378 2897/1464/2377
f 2899/1466/2353 2901/1467/2353 2900/1468/2353
f 2900/1468/2353 2901/1467/2353 2902/1469/2384
f 2900/1468/2353 2902/1469/2384 2903/1470/2353
f 2903/1470/2353 2902/1469/2384 2904/1471/2385
f 2905/1472/2386 2907/1457/2387 2906/1456/2387
f 2908/1473/2388 2907/1457/2387 2905/1472/2386
f 2909/1471/2157 2908/1473/2388 2905/1472/2386
f 2910/1470/2156 2908/1473/2388 2909/1471/2157
f 2911/1474/2389 2912/1475/2390 2913/1476/2391
f 2912/1475/2390 2914/1477/2392 2913/1476/2391
f 2912/1475/2390 2915/1478/2393 2914/1477/2392
f 2915/1478/2393 2916/1479/2394 2914/1477/2392
f 2915/1478/2393 2917/1480/2395 2916/1479/2394
f 2917/1480/2395 2918/1481/2396 2916/1479/2394
f 2917/1480/2395 2919/1482/2397 2918/1481/2396
f 2919/1482/2397 2920/1483/2398 2918/1481/2396
f 2920/1483/2398 2919/1482/2397 2921/1484/2399
f 2919/1482/2397 2922/1485/2400 2921/1484/2399
f 2923/1486/2401 2924/1487/2402 2925/1488/2403
f 2923/1486/2401 2926/1489/2404 2924/1487/2402
f 2927/1490/2405 2929/1491/2406 2928/1492/2405
f 2928/1492/2405 2929/1491/2406 2930/1493/2407
f 2929/1491/2406 2931/1494/2408 2930/1493/2407
f 2930/1493/2407 2931/1494/2408 2932/1495/2409
f 2931/1494/2408 2933/1496/2410 2932/1495/2409
f 2932/1495/2409 2933/1496/2410 2934/1497/2385
f 2934/1497/2385 2933/1496/2410 2935/1498/2385
f 2934/1497/2385 2935/1498/2385 2936/1499/2385
f 2936/1499/2385 2935/1498/2385 2937/1500/2411
f 2934/1497/2385 2936/1499/2385 2938/1501/2384
f 2938/1501/2384 2936/1499/2385 2939/1502/2412
f 2940/1401/2413 2941/1217/2414 2942/1402/2414
f 2942/1402/2414 2941/1217/2414 2943/1403/2415
f 2941/1217/2414 2944/1211/2416 2943/1403/2415
f 2942/1402/2414 2943/1403/2415 2945/1404/2313
f 2943/1403/2415 2946/1405/2417 2945/1404/2313
f 2943/1403/2415 2947/1407/2418 2946/1405/2417
f 2946/1405/2417 2948/1410/2419 2945/1404/2313
f 2946/1405/2417 2947/1407/2418 2949/1406/2420
f 2947/1407/2421 2950/1408/932 2949/1406/694
f 2950/1408/932 2951/1411/695 2949/1406/694
f 2950/1408/2422 2952/1414/2423 2951/1411/2424
f 2952/1414/2423 2953/1413/2425 2951/1411/2424
f 2951/1411/2424 2953/1413/2425 2954/1412/2426
f 2953/1413/2425 2955/1415/2427 2954/1412/2426
f 2949/1406/694 2951/1411/695 2956/1417/2428
f 2951/1411/695 2954/1412/2429 2956/1417/2428
f 2946/1405/2417 2949/1406/2420 2957/1409/2430
f 2949/1406/2420 2956/1417/2428 2957/1409/2430
f 2946/1405/2417 2957/1409/2430 2958/1422/2431
f 2957/1409/2430 2956/1417/2428 2958/1422/2431
f 2948/1410/2419 2946/1405/2417 2958/1422/2431
f 2954/1412/2426 2955/1415/2427 2959/1418/2432
f 2955/1415/2427 2960/1416/2433 2959/1418/2432
f 2956/1417/2428 2954/1412/2429 2961/1420/2434
f 2956/1417/2428 2961/1420/2434 2958/1422/2431
f 2954/1412/2429 2959/1418/2435 2961/1420/2434
f 2959/1418/2432 2960/1416/2433 2962/1423/2436
f 2960/1416/2433 2963/1419/2436 2962/1423/2436
f 2961/1420/2434 2959/1418/2435 2964/1421/2437
f 2959/1418/2435 2962/1423/2438 2964/1421/2437
f 2958/1422/2431 2961/1420/2434 2965/1426/2439
f 2961/1420/2434 2964/1421/2437 2965/1426/2439
f 2948/1410/2419 2958/1422/2431 2966/1427/2440
f 2958/1422/2431 2965/1426/2439 2966/1427/2440
f 2965/1426/2439 2964/1421/2437 2967/1431/2441
f 2964/1421/2437 2962/1423/2438 2967/1431/2441
f 2966/1427/2440 2965/1426/2439 2967/1431/2441
f 2962/1423/2436 2963/1419/2436 2968/1424/2442
f 2962/1423/2438 2968/1424/942 2967/1431/2441
f 2963/1419/2436 2969/1425/2443 2968/1424/2442
f 2968/1424/2442 2969/1425/2443 2970/1430/2444
f 2971/1429/2444 2968/1424/2442 2970/1430/2444
f 2967/1431/2441 2968/1424/942 2971/1429/2445
f 2972/1432/2446 2967/1431/2441 2971/1429/2445
f 2966/1427/2440 2967/1431/2441 2972/1432/2446
f 2973/1433/2447 2966/1427/2440 2972/1432/2446
f 2948/1410/2419 2966/1427/2440 2973/1433/2447
f 2974/1428/2448 2948/1410/2419 2973/1433/2447
f 2974/1428/2448 2973/1433/2447 2975/1434/1179
f 2976/1437/2384 2977/1436/82 2978/1435/2449
f 2978/1435/2449 2977/1436/82 2979/1438/2450
f 2978/1435/2449 2979/1438/2450 2980/1442/2451
f 2981/1439/2452 2978/1435/2449 2980/1442/2451
f 2979/1438/2450 2982/1444/2453 2980/1442/2451
f 2982/1444/2453 2979/1438/2450 2983/1445/2454
f 2979/1438/2450 2984/1443/2455 2983/1445/2454
f 2983/1445/2454 2984/1443/2455 2985/1448/2456
f 2984/1443/2455 2986/1446/2369 2985/1448/2456
f 2986/1446/2369 2987/1449/2457 2985/1448/2456
f 2987/1449/2457 2988/1450/2458 2985/1448/2456
f 2985/1448/2456 2988/1450/2458 2989/1451/2459
f 2988/1450/2458 2990/1452/2359 2989/1451/2459
f 2991/1453/2381 2992/1455/2460 2993/1454/2461
f 2991/1453/2381 2993/1454/2461 2994/1456/2462
f 2995/1457/2377 2991/1453/2381 2994/1456/2462
f 2995/1457/2377 2996/1458/2463 2991/1453/2381
f 2996/1458/2463 2997/1459/2464 2991/1453/2381
f 2995/1457/2377 2998/1460/2465 2996/1458/2463
f 2998/1460/2465 2999/1461/2466 2996/1458/2463
f 2995/1457/2377 3000/1462/2467 2998/1460/2465
f 3000/1462/2467 3001/1463/2468 2998/1460/2465
f 2995/1457/2377 3002/1465/2469 3000/1462/2467
f 3002/1465/2469 3003/1464/2470 3000/1462/2467
f 3004/1325/2471 3005/1322/2471 3006/1326/2471
f 3005/1322/2471 3007/1324/2472 3006/1326/2471
f 3005/1322/2473 3008/1317/2474 3007/1324/2475
f 3008/1317/2474 3009/1321/2476 3007/1324/2475
f 3007/1324/2475 3009/1321/2476 3010/1329/2477
f 3008/1317/2474 3011/1318/2478 3009/1321/2476
f 3008/1317/2474 3012/1319/2479 3011/1318/2478
f 3012/1319/2479 3013/1361/2480 3011/1318/2478
f 3013/1361/2480 3014/1360/2480 3011/1318/2478
f 3014/1360/2481 3013/1361/2481 3015/1362/2481
f 3011/1318/2478 3016/1320/2482 3009/1321/2476
f 3009/1321/2476 3016/1320/2482 3017/1327/2483
f 3009/1321/2476 3017/1327/2483 3010/1329/2477
f 3016/1320/2482 3018/1323/2484 3017/1327/2483
f 3010/1329/2477 3017/1327/2483 3019/1330/2485
f 3017/1327/2483 3018/1323/2484 3019/1330/2485
f 3010/1329/2477 3019/1330/2485 3020/1332/2486
f 3019/1330/2485 3018/1323/2484 3021/1328/2487
f 3020/1332/2486 3019/1330/2485 3022/1333/2488
f 3019/1330/2485 3021/1328/2487 3022/1333/2488
f 3020/1332/2486 3022/1333/2488 3023/1335/2489
f 3022/1333/2488 3021/1328/2487 3024/1331/2490
f 3023/1335/2489 3022/1333/2488 3025/1336/2491
f 3022/1333/2488 3024/1331/2490 3025/1336/2491
f 3023/1335/2489 3025/1336/2491 3026/1337/2492
f 3026/1337/2492 3025/1336/2491 3027/1338/2493
f 3025/1336/2491 3024/1331/2490 3028/1334/2494
f 3025/1336/2491 3029/1340/2495 3027/1338/2493
f 3025/1336/2491 3028/1334/2494 3029/1340/2495
f 3029/1340/2495 3028/1334/2494 3030/1339/2496
f 3029/1340/2495 3030/1339/2496 3031/1342/2497
f 3030/1339/2496 3032/1341/2498 3031/1342/2497
f 3032/1341/2498 3033/1343/2499 3031/1342/2497
f 3034/1344/2500 3033/1343/2499 3032/1341/2498
f 3035/1345/2501 3034/1344/2500 3032/1341/2498
f 3036/1351/2502 3034/1344/2500 3035/1345/2501
f 3037/1352/2503 3036/1351/2502 3035/1345/2501
f 3038/1353/2504 3036/1351/2502 3037/1352/2503
f 3039/1354/2505 3038/1353/2504 3037/1352/2503
f 3040/1355/2506 3038/1353/2504 3039/1354/2505
f 3041/1356/2507 3040/1355/2506 3039/1354/2505
f 3042/1357/2508 3040/1355/2506 3041/1356/2507
f 3043/1358/2509 3042/1357/2508 3041/1356/2507
f 3044/1359/2510 3042/1357/2508 3043/1358/2509
f 3045/1360/2511 3044/1359/2510 3043/1358/2509
f 3045/1360/2512 3046/1364/2512 3044/1359/2512
f 3044/1359/2510 3047/1363/2513 3042/1357/2508
f 3044/1359/2510 3046/1364/2514 3047/1363/2513
f 3042/1357/2508 3047/1363/2513 3040/1355/2506
f 3046/1364/2514 3048/1366/2515 3047/1363/2513
f 3047/1363/2513 3049/1365/2516 3040/1355/2506
f 3040/1355/2506 3049/1365/2516 3038/1353/2504
f 3047/1363/2513 3048/1366/2515 3049/1365/2516
f 3038/1353/2504 3050/1368/2517 3036/1351/2502
f 3038/1353/2504 3049/1365/2516 3050/1368/2517
f 3048/1366/2515 3051/1369/2518 3049/1365/2516
f 3049/1365/2516 3051/1369/2518 3050/1368/2517
f 3048/1366/2515 3052/1370/2519 3051/1369/2518
f 3050/1368/2517 3053/1371/2520 3036/1351/2502
f 3036/1351/2502 3053/1371/2520 3034/1344/2500
f 3052/1370/2519 3054/1373/2521 3051/1369/2518
f 3052/1370/2519 3055/1374/2522 3054/1373/2521
f 3050/1368/2517 3051/1369/2518 3056/1372/2523
f 3050/1368/2517 3056/1372/2523 3053/1371/2520
f 3051/1369/2518 3054/1373/2521 3056/1372/2523
f 3053/1371/2520 3057/1383/2524 3034/1344/2500
f 3034/1344/2500 3057/1383/2524 3033/1343/2499
f 3055/1374/2522 3058/1375/2525 3054/1373/2521
f 3055/1374/2522 3059/1376/2526 3058/1375/2525
f 3059/1376/2526 3060/1377/2527 3058/1375/2525
f 3056/1372/2523 3061/1381/2528 3053/1371/2520
f 3053/1371/2520 3061/1381/2528 3057/1383/2524
f 3054/1373/2521 3062/1378/2529 3056/1372/2523
f 3054/1373/2521 3058/1375/2525 3062/1378/2529
f 3056/1372/2523 3062/1378/2529 3061/1381/2528
f 3058/1375/2525 3060/1377/2527 3063/1379/2530
f 3058/1375/2525 3063/1379/2530 3062/1378/2529
f 3060/1377/2527 3064/1380/2531 3063/1379/2530
f 3033/1343/2499 3057/1383/2524 3065/1348/2532
f 3033/1343/2499 3065/1348/2532 3031/1342/2497
f 3062/1378/2529 3066/1384/2533 3061/1381/2528
f 3062/1378/2529 3063/1379/2530 3066/1384/2533
f 3063/1379/2530 3064/1380/2531 3067/1385/2534
f 3063/1379/2530 3067/1385/2534 3066/1384/2533
f 3064/1380/2531 3068/1386/2535 3067/1385/2534
f 3057/1383/2524 3061/1381/2528 3069/1503/2536
f 3061/1381/2528 3066/1384/2533 3069/1503/2536
f 3057/1383/2524 3069/1503/2536 3065/1348/2532
f 3031/1342/2497 3065/1348/2532 3070/1346/2537
f 3031/1342/2497 3070/1346/2537 3071/1347/2538
f 3067/1385/2534 3068/1386/2535 3072/1388/2539
f 3068/1386/2535 3073/1389/2540 3072/1388/2539
f 3066/1384/2533 3067/1385/2534 3074/1387/2541
f 3069/1503/2536 3066/1384/2533 3074/1387/2541
f 3067/1385/2534 3072/1388/2539 3074/1387/2541
f 3065/1348/2532 3069/1503/2536 3075/1390/2542
f 3069/1503/2536 3074/1387/2541 3075/1390/2542
f 3065/1348/2532 3075/1390/2542 3070/1346/2537
f 3075/1390/2542 3074/1387/2541 3076/1391/2543
f 3074/1387/2541 3072/1388/2539 3076/1391/2543
f 3075/1390/2542 3076/1391/2543 3070/1346/2537
f 3070/1346/2537 3077/1349/2544 3071/1347/2538
f 3076/1391/2543 3077/1349/2544 3070/1346/2537
f 3071/1347/2538 3077/1349/2544 3078/1350/2545
f 3072/1388/2539 3073/1389/2540 3079/1392/2546
f 3072/1388/2539 3079/1392/2546 3076/1391/2543
f 3073/1389/2540 3080/1393/2547 3079/1392/2546
f 3077/1349/2544 3076/1391/2543 3081/1394/2548
f 3077/1349/2544 3081/1394/2548 3078/1350/2545
f 3076/1391/2543 3079/1392/2546 3081/1394/2548
f 3079/1392/2546 3080/1393/2547 3082/1395/2549
f 3079/1392/2546 3082/1395/2549 3081/1394/2548
f 3081/1394/2548 3082/1395/2549 3078/1350/2545
f 3082/1395/2549 3080/1393/2547 3083/1397/2550
f 3078/1350/2545 3082/1395/2549 3084/1396/2551
f 3082/1395/2549 3083/1397/2552 3085/1398/2553
f 3085/1398/2553 3084/1396/2551 3082/1395/2549
f 3083/1397/2552 3086/70/2554 3085/1398/2553
f 3085/1398/2553 3087/1400/2555 3084/1396/2551
f 3086/70/2554 3087/1400/2555 3085/1398/2553
f 3084/1396/2551 3087/1400/2555 3088/1399/2556
f 3086/70/2554 3089/71/2557 3087/1400/2555
f 3087/1400/2555 3089/71/2557 3088/1399/2556
f 3090/1457/348 3092/1472/348 3091/1456/348
f 3093/1473/348 3092/1472/348 3090/1457/348
f 3093/1473/348 3094/1471/2558 3092/1472/348
f 3095/1470/2558 3094/1471/2558 3093/1473/348
f 3096/1476/2559 3097/1477/2560 3098/1474/2561
f 3097/1477/2560 3099/1475/2562 3098/1474/2561
f 3097/1477/2560 3100/1479/2563 3099/1475/2562
f 3100/1479/2563 3101/1478/2564 3099/1475/2562
f 3100/1479/2563 3102/1481/2565 3101/1478/2564
f 3102/1481/2565 3103/1480/2566 3101/1478/2564
f 3102/1481/2565 3104/1483/2567 3103/1480/2566
f 3104/1483/2567 3105/1482/2568 3103/1480/2566
f 3104/1483/2567 3106/1484/2569 3105/1482/2568
f 3106/1484/2569 3107/1485/2570 3105/1482/2568
f 3108/1486/2571 3109/1488/2572 3110/1489/2573
f 3109/1488/2572 3111/1487/2574 3110/1489/2573
f 3112/1492/2575 3114/1493/2576 3113/1490/2575
f 3113/1490/2575 3114/1493/2576 3115/1491/2577
f 3114/1493/2576 3116/1495/2578 3115/1491/2577
f 3115/1491/2577 3116/1495/2578 3117/1494/2579
f 3116/1495/2578 3118/1496/2580 3117/1494/2579
f 3116/1495/2578 3119/1498/2410 3118/1496/2580
f 3120/1497/2581 3119/1498/2410 3116/1495/2578
f 3120/1497/2581 3121/1499/2582 3119/1498/2410
f 3119/1498/2410 3121/1499/2582 3122/1500/2583
f 3120/1497/2581 3123/1501/2584 3121/1499/2582
f 3121/1499/2582 3123/1501/2584 3124/1502/2585
f 3125/1504/2586 3126/1505/2587 3127/1506/2588
f 3126/1505/2587 3128/1507/2589 3127/1506/2588
f 3127/1506/2588 3128/1507/2589 3129/1508/2590
f 3128/1507/2589 3130/1509/2591 3129/1508/2590
f 3129/1508/2590 3130/1509/2591 3131/1510/2592
f 3130/1509/2591 3132/1511/2593 3131/1510/2592
f 3133/1512/2594 3131/1510/2592 3132/1511/2593
f 3133/1512/2594 3132/1511/2593 3134/1513/2595
f 3128/1507/2589 3126/1505/2587 3135/1514/2596
f 3128/1507/2589 3135/1514/2596 3136/1515/2597
f 3128/1507/2589 3136/1515/2597 3130/1509/2591
f 3126/1505/2587 3137/1516/2598 3135/1514/2596
f 3136/1515/2597 3138/1517/2599 3130/1509/2591
f 3130/1509/2591 3138/1517/2599 3139/1518/2600
f 3130/1509/2591 3139/1518/2600 3140/1519/2601
f 3132/1511/2593 3130/1509/2591 3140/1519/2601
f 3126/1505/2587 3141/1520/2602 3137/1516/2598
f 3141/1520/2602 3142/1521/2603 3137/1516/2598
f 3142/1521/2603 3141/1520/2602 3143/1522/2604
f 3141/1520/2602 3144/1523/2605 3143/1522/2604
f 3143/1522/2604 3144/1523/2605 3145/1524/2606
f 3144/1523/2605 3146/1525/2607 3145/1524/2606
f 3146/1525/2607 3147/1526/2608 3145/1524/2606
f 3146/1525/2607 3148/1527/2609 3147/1526/2608
f 3148/1527/2609 3146/1525/2607 3149/1528/2610
f 3146/1525/2607 3150/1529/2611 3149/1528/2610
f 3149/1528/2610 3150/1529/2611 3151/1530/2612
f 3150/1529/2611 3152/1531/2613 3151/1530/2612
f 3151/1530/2612 3152/1531/2613 3153/1532/2614
f 3150/1529/2611 3154/1533/2615 3152/1531/2613
f 3153/1532/2614 3152/1531/2613 3155/1534/2616
f 3154/1533/2615 3156/1535/2617 3152/1531/2613
f 3154/1533/2615 3157/1536/2618 3156/1535/2617
f 3152/1531/2613 3158/1537/2619 3155/1534/2616
f 3152/1531/2613 3156/1535/2617 3158/1537/2619
f 3159/1538/2620 3155/1534/2616 3158/1537/2619
f 3159/1538/2620 3158/1537/2619 3160/1539/2621
f 3158/1537/2619 3161/1540/2622 3160/1539/2621
f 3157/1536/2618 3162/1541/2623 3156/1535/2617
f 3157/1536/2618 3163/1542/2624 3162/1541/2623
f 3163/1542/2624 3164/1543/2625 3162/1541/2623
f 3162/1541/2623 3164/1543/2625 3165/1544/2626
f 3156/1535/2617 3166/1545/2627 3158/1537/2619
f 3156/1535/2617 3162/1541/2623 3166/1545/2627
f 3158/1537/2619 3166/1545/2627 3161/1540/2622
f 3162/1541/2623 3165/1544/2626 3167/1546/2628
f 3162/1541/2623 3167/1546/2628 3166/1545/2627
f 3167/1546/2628 3165/1544/2626 3168/1547/2629
f 3168/1547/2629 3165/1544/2626 3169/1548/2630
f 3168/1547/2629 3169/1548/2630 3170/1549/2631
f 3171/1550/2632 3168/1547/2629 3170/1549/2631
f 3166/1545/2627 3167/1546/2628 3172/1551/1336
f 3167/1546/2628 3168/1547/2629 3172/1551/1336
f 3172/1551/1336 3168/1547/2629 3171/1550/2632
f 3166/1545/2627 3172/1551/1336 3161/1540/2622
f 3173/1552/2633 3172/1551/1336 3171/1550/2632
f 3161/1540/2622 3172/1551/1336 3173/1552/2633
f 3174/1553/2634 3161/1540/2622 3173/1552/2633
f 3175/1554/2635 3161/1540/2622 3174/1553/2634
f 3175/1554/2635 3176/1555/2636 3161/1540/2622
f 3160/1539/2621 3161/1540/2622 3176/1555/2636
f 3177/1556/2637 3160/1539/2621 3176/1555/2636
f 3178/1557/2638 3175/1554/2635 3174/1553/2634
f 3177/1556/2637 3176/1555/2636 3179/1558/2639
f 3180/1559/2640 3177/1556/2637 3179/1558/2639
f 3181/1560/2641 3178/1557/2638 3174/1553/2634
f 3181/1560/2641 3174/1553/2634 3182/1561/2642
f 3183/1562/2643 3182/1561/2642 3174/1553/2634
f 3184/1563/2644 3183/1562/2643 3174/1553/2634
f 3185/1564/2645 3183/1562/2643 3184/1563/2644
f 3186/1565/2646 3185/1564/2645 3184/1563/2644
f 3187/1566/2647 3185/1564/2645 3186/1565/2646
f 3188/1567/2648 3180/1559/2640 3179/1558/2639
f 3189/1568/1366 3187/1566/2647 3186/1565/2646
f 3189/1568/1366 3190/1569/1367 3187/1566/2647
f 3191/1570/2649 3190/1569/1367 3189/1568/1366
f 3134/1513/2595 3191/1570/2649 3189/1568/1366
f 3134/1513/2595 3192/1571/2650 3191/1570/2649
f 3134/1513/2595 3132/1511/2593 3192/1571/2650
f 3132/1511/2593 3193/1572/2651 3192/1571/2650
f 3132/1511/2593 3194/1573/2652 3193/1572/2651
f 3195/1574/2653 3188/1567/2648 3179/1558/2639
f 3188/1567/2648 3195/1574/2653 3196/1575/2654
f 3188/1567/2648 3196/1575/2654 3197/1576/2655
f 3198/1577/2656 3188/1567/2648 3197/1576/2655
f 3199/1578/2657 3198/1577/2656 3197/1576/2655
f 3200/1579/2658 3199/1578/2657 3197/1576/2655
f 3201/1580/2659 3199/1578/2657 3200/1579/2658
f 3202/1581/2660 3201/1580/2659 3200/1579/2658
f 3203/1582/2661 3201/1580/2659 3202/1581/2660
f 3204/1583/2662 3203/1582/2661 3202/1581/2660
f 3194/1573/2663 3203/1582/2661 3204/1583/2662
f 3194/1573/2663 3205/1511/2664 3203/1582/2661
f 3205/1511/2664 3140/1519/2665 3203/1582/2661
f 3206/1543/2666 3207/1542/2667 3208/1536/2668
f 3209/1541/2669 3206/1543/2666 3208/1536/2668
f 3209/1541/2669 3210/1546/2670 3206/1543/2666
f 3210/1546/2670 3211/1544/2671 3206/1543/2666
f 3209/1541/2669 3208/1536/2668 3212/1533/2672
f 3210/1546/2670 3213/1548/2673 3211/1544/2671
f 3214/1535/2674 3209/1541/2669 3212/1533/2672
f 3210/1546/2670 3209/1541/2669 3214/1535/2674
f 3214/1535/2674 3212/1533/2672 3215/1529/2675
f 3210/1546/2670 3216/1547/2676 3213/1548/2673
f 3216/1547/2676 3217/1550/2677 3213/1548/2673
f 3217/1550/2677 3218/1549/2678 3213/1548/2673
f 3219/1552/2679 3217/1550/2677 3216/1547/2676
f 3220/1551/2680 3219/1552/2679 3216/1547/2676
f 3220/1551/2680 3216/1547/2676 3210/1546/2670
f 3221/1553/2681 3219/1552/2679 3220/1551/2680
f 3222/1545/1430 3210/1546/2670 3214/1535/2674
f 3222/1545/1430 3220/1551/2680 3210/1546/2670
f 3223/1531/2682 3214/1535/2674 3215/1529/2675
f 3222/1545/1430 3214/1535/2674 3223/1531/2682
f 3224/1540/2683 3220/1551/2680 3222/1545/1430
f 3224/1540/2683 3221/1553/2681 3220/1551/2680
f 3225/1537/1433 3222/1545/1430 3223/1531/2682
f 3225/1537/1433 3224/1540/2683 3222/1545/1430
f 3226/1530/2684 3223/1531/2682 3215/1529/2675
f 3226/1530/2684 3227/1532/2685 3223/1531/2682
f 3225/1537/1433 3223/1531/2682 3227/1532/2685
f 3228/1528/2686 3226/1530/2684 3215/1529/2675
f 3229/1527/2687 3228/1528/2686 3215/1529/2675
f 3230/1534/2688 3225/1537/1433 3227/1532/2685
f 3231/1538/2689 3225/1537/1433 3230/1534/2688
f 3232/1526/2690 3229/1527/2687 3215/1529/2675
f 3233/1525/2691 3232/1526/2690 3215/1529/2675
f 3225/1537/1433 3231/1538/2689 3234/1539/2692
f 3224/1540/2683 3225/1537/1433 3234/1539/2692
f 3232/1526/2690 3233/1525/2691 3235/1523/1442
f 3236/1524/1443 3232/1526/2690 3235/1523/1442
f 3237/1522/2693 3236/1524/1443 3235/1523/1442
f 3238/1520/2694 3237/1522/2693 3235/1523/1442
f 3238/1520/2694 3239/1521/2695 3237/1522/2693
f 3240/1516/2696 3239/1521/2695 3238/1520/2694
f 3241/1505/2697 3240/1516/2696 3238/1520/2694
f 3241/1505/2697 3242/1514/2698 3240/1516/2696
f 3243/1515/2699 3242/1514/2698 3241/1505/2697
f 3244/1507/2700 3243/1515/2699 3241/1505/2697
f 3244/1507/2700 3241/1505/2697 3245/1504/2701
f 3246/1517/2702 3243/1515/2699 3244/1507/2700
f 3247/1506/2703 3244/1507/2700 3245/1504/2701
f 3248/1509/2704 3246/1517/2702 3244/1507/2700
f 3248/1509/2704 3244/1507/2700 3247/1506/2703
f 3249/1508/2705 3248/1509/2704 3247/1506/2703
f 3248/1509/2704 3250/1518/2706 3246/1517/2702
f 3249/1508/2705 3251/1510/2707 3248/1509/2704
f 3248/1509/2704 3252/1511/2708 3250/1518/2706
f 3251/1510/2707 3252/1511/2708 3248/1509/2704
f 3252/1511/2708 3253/1519/698 3250/1518/2706
f 3251/1510/2707 3254/1513/2709 3252/1511/2708
f 3251/1510/2707 3255/1512/2710 3254/1513/2709
f 3252/1511/2708 3256/1572/2711 3253/1519/698
f 3256/1572/2711 3252/1511/2708 3254/1513/2709
f 3256/1572/2711 3257/1573/2712 3253/1519/698
f 3258/1571/2713 3256/1572/2711 3254/1513/2709
f 3257/1573/2712 3259/1583/2714 3253/1519/698
f 3258/1571/2713 3254/1513/2709 3260/1570/2715
f 3259/1583/2714 3261/1582/2716 3253/1519/698
f 3254/1513/2709 3262/1568/2717 3260/1570/2715
f 3262/1568/2717 3263/1569/2718 3260/1570/2715
f 3263/1569/2718 3262/1568/2717 3264/1566/1470
f 3259/1583/2714 3265/1581/2719 3261/1582/2716
f 3265/1581/2719 3266/1580/2720 3261/1582/2716
f 3262/1568/2717 3267/1565/2721 3264/1566/1470
f 3267/1565/2721 3268/1564/2722 3264/1566/1470
f 3268/1564/2722 3267/1565/2721 3269/1562/2723
f 3267/1565/2721 3270/1563/2724 3269/1562/2723
f 3269/1562/2723 3270/1563/2724 3271/1561/2725
f 3266/1580/2720 3265/1581/2719 3272/1578/2726
f 3265/1581/2719 3273/1579/2727 3272/1578/2726
f 3270/1563/2724 3221/1553/2681 3271/1561/2725
f 3273/1579/2727 3274/1576/2728 3272/1578/2726
f 3274/1576/2728 3275/1577/2729 3272/1578/2726
f 3275/1577/2729 3274/1576/2728 3276/1567/1485
f 3274/1576/2728 3277/1575/1484 3276/1567/1485
f 3276/1567/1485 3277/1575/1484 3278/1559/2730
f 3277/1575/1484 3279/1574/2731 3278/1559/2730
f 3278/1559/2730 3279/1574/2731 3280/1556/2732
f 3279/1574/2731 3281/1558/2733 3280/1556/2732
f 3281/1558/2733 3234/1539/2692 3280/1556/2732
f 3234/1539/2692 3281/1558/2733 3282/1555/2734
f 3282/1555/2734 3224/1540/2683 3234/1539/2692
f 3282/1555/2734 3283/1554/2735 3224/1540/2683
f 3221/1553/2681 3224/1540/2683 3283/1554/2735
f 3284/1560/2736 3271/1561/2725 3221/1553/2681
f 3285/1557/2737 3221/1553/2681 3283/1554/2735
f 3284/1560/2736 3221/1553/2681 3285/1557/2737
f 3286/1584/2738 3287/1585/2739 3288/1586/2740
f 3286/1584/2738 3289/1587/2741 3287/1585/2739
f 3290/1588/2742 3287/1585/2739 3289/1587/2741
f 3291/1589/2743 3290/1588/2742 3289/1587/2741
f 3292/1529/2744 3290/1588/2742 3291/1589/2743
f 3293/1590/2745 3292/1529/2744 3291/1589/2743
f 3294/1591/2746 3292/1529/2744 3293/1590/2745
f 3292/1529/2744 3294/1591/2746 3295/1592/2747
f 3292/1529/2744 3295/1592/2747 3296/1593/2748
f 3297/1594/2749 3292/1529/2744 3296/1593/2748
f 3298/1525/2750 3292/1529/2744 3297/1594/2749
f 3298/1525/2750 3297/1594/2749 3299/1595/2751
f 3300/1523/2752 3298/1525/2750 3299/1595/2751
f 3301/1520/2753 3300/1523/2752 3299/1595/2751
f 3302/1596/2754 3301/1520/2753 3299/1595/2751
f 3301/1520/2753 3302/1596/2754 3303/1597/2755
f 3304/1505/2756 3301/1520/2753 3303/1597/2755
f 3304/1505/2756 3303/1597/2755 3305/1598/2757
f 3304/1505/2756 3305/1598/2757 3306/1599/2758
f 3304/1505/2756 3306/1599/2758 3307/1600/2759
f 3304/1505/2756 3307/1600/2759 3308/1601/2760
f 3309/1602/2761 3304/1505/2756 3308/1601/2760
f 3310/1504/2762 3304/1505/2756 3309/1602/2761
f 3311/1603/2763 3310/1504/2762 3309/1602/2761
f 3311/1603/2763 3309/1602/2761 3312/1604/2764
f 3309/1602/2761 3308/1601/2760 3313/1605/2765
f 3312/1604/2764 3309/1602/2761 3314/1606/2766
f 3309/1602/2761 3313/1605/2765 3314/1606/2766
f 3314/1606/2766 3313/1605/2765 3315/1607/2767
f 3314/1606/2766 3315/1607/2767 3316/1608/2768
f 3314/1606/2766 3316/1608/2768 3317/1609/2769
f 3314/1606/2766 3317/1609/2769 3318/1610/2770
f 3317/1609/2769 3319/1611/2771 3318/1610/2770
f 3319/1611/2771 3320/1612/2772 3318/1610/2770
f 3320/1612/2772 3321/1613/2773 3318/1610/2770
f 3320/1612/2772 3322/1614/2774 3321/1613/2773
f 3322/1614/2774 3323/1615/2775 3321/1613/2773
f 3322/1614/2774 3324/1616/2776 3323/1615/2775
f 3324/1616/2776 3287/1585/2777 3323/1615/2775
f 3290/1588/2742 3325/1617/2778 3287/1585/2739
f 3325/1617/2778 3326/1618/2779 3287/1585/2739
f 3327/1533/2780 3325/1617/2778 3290/1588/2742
f 3292/1529/2744 3327/1533/2780 3290/1588/2742
f 3327/1533/2780 3328/1536/2781 3325/1617/2778
f 3325/1617/2778 3329/1619/2782 3326/1618/2779
f 3328/1536/2781 3329/1619/2782 3325/1617/2778
f 3328/1536/2781 3330/1542/2783 3329/1619/2782
f 3326/1618/2779 3329/1619/2782 3331/1620/2784
f 3329/1619/2782 3330/1542/2783 3332/1621/2785
f 3329/1619/2782 3332/1621/2785 3331/1620/2784
f 3332/1621/2785 3333/1485/2786 3331/1620/2784
f 3334/1536/2787 3335/1621/2788 3336/1542/2789
f 3337/1619/2790 3335/1621/2788 3334/1536/2787
f 3338/1485/2791 3335/1621/2788 3337/1619/2790
f 3337/1619/2790 3334/1536/2787 3339/1533/2792
f 3340/1620/2793 3338/1485/2791 3337/1619/2790
f 3341/1617/2794 3337/1619/2790 3339/1533/2792
f 3341/1617/2794 3340/1620/2793 3337/1619/2790
f 3341/1617/2794 3339/1533/2792 3342/1529/2795
f 3343/1588/2796 3341/1617/2794 3342/1529/2795
f 3344/1618/2797 3340/1620/2793 3341/1617/2794
f 3344/1618/2797 3341/1617/2794 3343/1588/2796
f 3345/1585/2798 3344/1618/2797 3343/1588/2796
f 3346/1589/2799 3343/1588/2796 3342/1529/2795
f 3346/1589/2799 3347/1587/2800 3343/1588/2796
f 3347/1587/2800 3345/1585/2798 3343/1588/2796
f 3348/1590/2801 3346/1589/2799 3342/1529/2795
f 3349/1584/2802 3345/1585/2798 3347/1587/2800
f 3350/1591/2803 3348/1590/2801 3342/1529/2795
f 3349/1584/2802 3351/1586/2804 3345/1585/2798
f 3352/1616/2805 3345/1585/2798 3351/1586/2804
f 3345/1585/2798 3352/1616/2805 3353/1614/2806
f 3354/1615/2807 3345/1585/2798 3353/1614/2806
f 3355/1592/2808 3350/1591/2803 3342/1529/2795
f 3355/1592/2808 3342/1529/2795 3356/1593/2809
f 3354/1615/2807 3353/1614/2806 3357/1612/2810
f 3358/1613/2811 3354/1615/2807 3357/1612/2810
f 3359/1594/2812 3356/1593/2809 3342/1529/2795
f 3359/1594/2812 3342/1529/2795 3360/1525/2813
f 3359/1594/2812 3360/1525/2813 3361/1523/2814
f 3362/1595/2815 3359/1594/2812 3361/1523/2814
f 3363/1610/2816 3358/1613/2811 3357/1612/2810
f 3364/1611/2817 3363/1610/2816 3357/1612/2810
f 3363/1610/2816 3364/1611/2817 3365/1609/2818
f 3362/1595/2815 3361/1523/2814 3366/1520/2819
f 3367/1596/2820 3362/1595/2815 3366/1520/2819
f 3368/1597/2821 3367/1596/2820 3366/1520/2819
f 3369/1606/2822 3363/1610/2816 3365/1609/2818
f 3370/1505/2823 3368/1597/2821 3366/1520/2819
f 3369/1606/2822 3365/1609/2818 3371/1608/2824
f 3370/1505/2823 3372/1598/2825 3368/1597/2821
f 3369/1606/2822 3371/1608/2824 3373/1607/2826
f 3370/1505/2823 3374/1599/2827 3372/1598/2825
f 3369/1606/2822 3373/1607/2826 3375/1605/2828
f 3370/1505/2823 3376/1600/2829 3374/1599/2827
f 3369/1606/2822 3375/1605/2828 3377/1601/2830
f 3377/1601/2830 3376/1600/2829 3370/1505/2823
f 3378/1602/2831 3369/1606/2822 3377/1601/2830
f 3378/1602/2831 3377/1601/2830 3370/1505/2823
f 3379/1604/2832 3369/1606/2822 3378/1602/2831
f 3378/1602/2831 3370/1505/2823 3380/1504/2833
f 3379/1604/2832 3378/1602/2831 3381/1603/2834
f 3381/1603/2834 3378/1602/2831 3380/1504/2833
f 3382/1622/2835 3383/1623/2836 3384/1624/2837
f 3385/1625/2838 3382/1622/2835 3384/1624/2837
f 3386/1626/2839 3385/1625/2838 3384/1624/2837
f 3386/1626/2839 3384/1624/2837 3387/1627/2840
f 3386/1626/2839 3388/1628/2841 3385/1625/2838
f 3386/1626/2839 3389/1629/2842 3388/1628/2841
f 3389/1629/2842 3390/1630/2843 3388/1628/2841
f 3386/1626/2839 3387/1627/2840 3391/1631/2844
f 3386/1626/2839 3391/1631/2844 3392/1632/2845
f 3392/1632/2845 3391/1631/2844 3393/1633/2846
f 3392/1632/2845 3393/1633/2846 3394/1634/2847
f 3394/1634/2847 3393/1633/2846 3395/1635/2848
f 3389/1629/2842 3396/1636/2849 3390/1630/2843
f 3394/1634/2847 3395/1635/2848 3397/1637/2850
f 3389/1629/2842 3398/1638/2851 3396/1636/2849
f 3395/1635/2848 3399/1639/2852 3397/1637/2850
f 3399/1639/2852 3400/1640/2853 3397/1637/2850
f 3398/1638/2851 3389/1629/2842 3401/1641/2854
f 3397/1637/2850 3400/1640/2853 3402/1642/2855
f 3403/1622/2856 3401/1641/2856 3389/1629/2856
f 3404/1643/2857 3397/1637/2850 3402/1642/2855
f 3404/1643/2857 3402/1642/2855 3405/1644/2858
f 3405/1644/2858 3402/1642/2855 3406/1645/2859
f 3406/1645/2859 3402/1642/2855 3407/1646/2860
f 3403/1622/2861 3389/1629/2861 3408/1623/2861
f 3406/1645/2859 3407/1646/2860 3409/1647/2862
f 3389/1629/2863 3410/1648/2864 3408/1623/2865
f 3408/1623/2865 3410/1648/2864 3409/1647/2862
f 3409/1647/2862 3410/1648/2864 3406/1645/2859
f 3389/1629/2863 3411/1649/2866 3410/1648/2864
f 3410/1648/2864 3412/1650/2867 3406/1645/2859
f 3410/1648/2864 3411/1649/2866 3412/1650/2867
f 3411/1649/2866 3413/1651/2868 3412/1650/2867
f 3412/1650/2867 3414/1652/2869 3406/1645/2859
f 3413/1651/2868 3415/1653/2870 3412/1650/2867
f 3412/1650/2867 3416/1654/2871 3414/1652/2869
f 3412/1650/2867 3415/1653/2870 3416/1654/2871
f 3417/1655/2872 3416/1654/2871 3415/1653/2870
f 3417/1655/2872 3418/1656/2873 3416/1654/2871
f 3416/1654/2871 3419/1657/2874 3414/1652/2869
f 3416/1654/2871 3418/1656/2873 3420/1658/2875
f 3416/1654/2871 3420/1658/2875 3419/1657/2874
f 3420/1658/2875 3421/1484/2876 3419/1657/2874
f 3422/1623/2877 3423/1622/2878 3424/1625/2879
f 3425/1659/2880 3422/1623/2877 3424/1625/2879
f 3426/1626/2881 3425/1659/2880 3424/1625/2879
f 3426/1626/2881 3427/1624/2882 3425/1659/2880
f 3426/1626/2881 3428/1627/2883 3427/1624/2882
f 3426/1626/2881 3429/1631/2884 3428/1627/2883
f 3426/1626/2881 3424/1625/2879 3430/1628/2885
f 3426/1626/2881 3430/1628/2885 3431/1629/2886
f 3430/1628/2885 3432/1630/2887 3431/1629/2886
f 3426/1626/2881 3433/1633/2888 3429/1631/2884
f 3434/1632/2889 3433/1633/2888 3426/1626/2881
f 3434/1632/2889 3435/1635/2890 3433/1633/2888
f 3434/1632/2889 3436/1634/2891 3435/1635/2890
f 3437/1636/2892 3431/1629/2886 3432/1630/2887
f 3436/1634/2891 3438/1639/2893 3435/1635/2890
f 3437/1636/2892 3439/1638/2894 3431/1629/2886
f 3438/1639/2893 3436/1634/2891 3440/1637/2895
f 3438/1639/2893 3440/1637/2895 3441/1643/2896
f 3439/1638/2894 3442/1641/2897 3431/1629/2886
f 3438/1639/2893 3441/1643/2896 3443/1644/2898
f 3444/1622/2899 3431/1629/2899 3442/1641/2899
f 3438/1639/2893 3443/1644/2898 3445/1640/2900
f 3445/1640/2900 3443/1644/2898 3446/1642/2901
f 3443/1644/2898 3447/1646/2902 3446/1642/2901
f 3447/1646/2902 3443/1644/2898 3448/1645/2903
f 3447/1646/2902 3448/1645/2903 3449/1647/2904
f 3444/1622/2905 3450/1623/2905 3431/1629/2905
f 3450/1623/2906 3449/1647/2904 3448/1645/2903
f 3450/1623/2906 3451/1648/2907 3431/1629/2908
f 3450/1623/2906 3448/1645/2903 3451/1648/2907
f 3431/1629/2908 3451/1648/2907 3452/1649/2909
f 3451/1648/2907 3453/1651/2910 3452/1649/2909
f 3451/1648/2907 3448/1645/2903 3454/1652/2911
f 3451/1648/2907 3454/1652/2911 3453/1651/2910
f 3455/1660/2912 3453/1651/2910 3454/1652/2911
f 3455/1660/2912 3454/1652/2911 3456/1657/2913
f 3455/1660/2912 3456/1657/2913 3457/1658/2914
f 3456/1657/2913 3458/1484/2915 3457/1658/2914
f 3455/1660/2912 3457/1658/2914 3459/1655/2916
f 3459/1655/2916 3457/1658/2914 3460/1656/2917
f 3461/1318/2918 3462/1360/2919 3463/1319/2918
f 3462/1360/2919 3464/1361/2919 3463/1319/2918
f 3465/1661/2920 3467/1662/2921 3466/1663/2922
f 3466/1663/2922 3467/1662/2921 3468/1664/2923
f 3467/1662/2921 3469/1665/2924 3468/1664/2923
f 3468/1664/2923 3469/1665/2924 3470/1666/2925
f 3469/1665/2924 3471/1667/2926 3470/1666/2925
f 3470/1666/2925 3471/1667/2926 3472/1668/2927
f 3471/1667/2926 3473/1669/2928 3472/1668/2927
f 3472/1668/2927 3473/1669/2928 3474/1670/2929
f 3473/1669/2928 3475/1671/2930 3474/1670/2929
f 3474/1670/2929 3475/1671/2930 3476/1672/2931
f 3477/1673/2932 3479/1674/2933 3478/1675/2934
f 3477/1673/2932 3478/1675/2934 3480/1676/2935
f 3477/1673/2932 3480/1676/2935 3481/1677/2936
f 3482/1678/2937 3477/1673/2932 3481/1677/2936
f 3483/1679/2938 3482/1678/2937 3481/1677/2936
f 3484/1680/2939 3483/1679/2938 3481/1677/2936
f 3484/1680/2939 3481/1677/2936 3485/1681/2940
f 3485/1681/2940 3481/1677/2936 3486/1682/2941
f 3485/1681/2940 3487/1683/2942 3484/1680/2939
f 3488/1684/2943 3487/1683/2942 3485/1681/2940
f 3488/1684/2943 3485/1681/2940 3489/1685/2944
f 3490/1686/2945 3487/1683/2942 3488/1684/2943
f 3490/1686/2945 3491/1687/2946 3487/1683/2942
f 3490/1686/2945 3492/1688/2947 3491/1687/2946
f 3488/1684/2943 3489/1685/2944 3493/1689/2948
f 3493/1689/2948 3490/1686/2945 3488/1684/2943
f 3493/1689/2948 3489/1685/2944 3494/1690/2949
f 3493/1689/2948 3494/1690/2949 3495/1691/2950
f 3496/1692/2951 3490/1686/2945 3493/1689/2948
f 3495/1691/2952 3496/1692/2951 3493/1689/2948
f 3497/1693/2953 3492/1688/2947 3490/1686/2945
f 3496/1692/2951 3497/1693/2953 3490/1686/2945
f 3498/1694/2954 3492/1688/2947 3497/1693/2953
f 3498/1694/2954 3499/1695/2955 3492/1688/2947
f 3500/1696/2956 3497/1693/2953 3496/1692/2951
f 3498/1694/2954 3497/1693/2953 3500/1696/2956
f 3501/1697/2957 3496/1692/2951 3495/1691/2952
f 3501/1697/2958 3500/1696/2956 3496/1692/2951
f 3495/1691/2950 3494/1690/2949 3502/84/2959
f 3502/84/2959 3494/1690/2949 3503/1698/2960
f 3504/1699/2961 3503/1698/2960 3494/1690/2949
f 3505/1700/2962 3503/1698/2960 3504/1699/2961
f 3505/1700/2962 3504/1699/2961 3506/85/2963
f 3495/1691/2950 3502/84/2959 3506/85/2963
f 3506/85/2963 3504/1699/2961 3507/83/2964
f 3495/1691/2950 3506/85/2963 3507/83/2964
f 3508/1701/2965 3495/1691/2952 3507/83/2965
f 3501/1697/2957 3495/1691/2952 3508/1701/2965
f 3509/1702/2966 3501/1697/2958 3508/1701/2967
f 3510/1703/2968 3501/1697/2958 3509/1702/2966
f 3510/1703/2968 3500/1696/2956 3501/1697/2958
f 3511/1704/2969 3510/1703/2968 3509/1702/2966
f 3500/1696/2956 3510/1703/2968 3512/1705/2970
f 3500/1696/2956 3512/1705/2970 3498/1694/2954
f 3513/1706/2971 3510/1703/2968 3511/1704/2969
f 3510/1703/2968 3513/1706/2971 3512/1705/2970
f 3514/1707/2972 3513/1706/2971 3511/1704/2969
f 3515/1708/2973 3513/1706/2971 3514/1707/2972
f 3515/1708/2973 3516/1709/2974 3513/1706/2971
f 3516/1709/2974 3512/1705/2970 3513/1706/2971
f 3516/1709/2974 3517/1710/2975 3512/1705/2970
f 3517/1710/2975 3498/1694/2954 3512/1705/2970
f 3518/1711/2976 3498/1694/2954 3517/1710/2975
f 3519/1712/2977 3498/1694/2954 3518/1711/2976
f 3498/1694/2954 3519/1712/2977 3520/1713/2978
f 3498/1694/2954 3520/1713/2978 3499/1695/2955
f 3499/1695/2955 3520/1713/2978 3521/1714/2979
f 3499/1695/2955 3521/1714/2979 3522/1715/2980
f 3523/1716/2470 3524/1717/2981 3525/1718/2981
f 3524/1717/2981 3526/1702/2981 3525/1718/2981
f 3524/1717/2981 3527/1719/2981 3526/1702/2981
f 3528/1720/2982 3529/1719/2983 3530/1721/2984
f 3529/1719/2983 3531/1722/2985 3530/1721/2984
f 3529/1719/2983 3532/1723/2986 3531/1722/2985
f 3533/1724/2987 3535/1725/2988 3534/1726/2989
f 3534/1726/2989 3535/1725/2988 3536/1727/2990
f 3535/1725/2988 3537/1728/2991 3536/1727/2990
f 3534/1726/2989 3536/1727/2990 3538/1729/2992
f 3534/1726/2989 3538/1729/2992 3539/1730/2993
f 3536/1727/2990 3537/1728/2991 3540/1731/2994
f 3537/1728/2995 3541/1732/2996 3540/1731/2994
f 3540/1731/2994 3541/1732/2996 3542/1733/2997
f 3540/1731/2994 3542/1733/2997 3543/1734/2998
f 3536/1727/2990 3540/1731/2994 3544/1735/2999
f 3540/1731/2994 3543/1734/2998 3544/1735/2999
f 3536/1727/2990 3544/1735/2999 3538/1729/2992
f 3544/1735/2999 3543/1734/2998 3545/1736/3000
f 3544/1735/2999 3545/1736/3000 3546/1737/3001
f 3538/1729/2992 3544/1735/2999 3547/1738/3002
f 3544/1735/2999 3546/1737/3001 3547/1738/3002
f 3539/1730/2993 3538/1729/2992 3547/1738/3002
f 3547/1738/3002 3546/1737/3001 3548/1739/3003
f 3539/1730/2993 3547/1738/3002 3549/1740/3004
f 3550/1741/3005 3539/1730/2993 3549/1740/3004
f 3547/1738/3002 3548/1739/3003 3551/1742/3006
f 3549/1740/3004 3547/1738/3002 3551/1742/3006
f 3551/1742/3006 3548/1739/3003 3552/1743/3007
f 3553/1744/3008 3551/1742/3006 3552/1743/3007
f 3549/1740/3004 3551/1742/3006 3553/1744/3008
f 3554/1745/3009 3553/1744/3008 3552/1743/3007
f 3554/1745/3009 3549/1740/3004 3553/1744/3008
f 3555/1746/3010 3554/1745/3009 3552/1743/3007
f 3550/1741/3005 3549/1740/3004 3556/1747/3011
f 3556/1747/3011 3549/1740/3004 3554/1745/3009
f 3555/1746/3010 3556/1747/3011 3554/1745/3009
f 3557/1748/3012 3550/1741/3005 3556/1747/3011
f 3558/1749/3013 3556/1747/3011 3555/1746/3010
f 3557/1748/3012 3556/1747/3011 3558/1749/3013
f 3559/1750/2410 3560/1751/2120 3561/1752/3014
f 3562/1753/3015 3561/1752/3014 3560/1751/2120
f 3562/1753/3015 3560/1751/2120 3563/1754/3016
f 3564/1755/3017 3565/1756/3018 3566/1699/3019
f 3567/83/3020 3564/1755/3017 3566/1699/3019
f 3568/1757/3021 3564/1755/3017 3567/83/3020
f 3569/1758/3022 3568/1757/3021 3567/83/3020
f 3569/1758/3022 3570/1759/3023 3568/1757/3021
f 3571/1673/3024 3573/1675/3025 3572/1674/3026
f 3571/1673/3024 3574/1676/3027 3573/1675/3025
f 3571/1673/3024 3575/1677/3028 3574/1676/3027
f 3576/1678/3029 3575/1677/3028 3571/1673/3024
f 3577/1679/3030 3575/1677/3028 3576/1678/3029
f 3578/1680/3031 3575/1677/3028 3577/1679/3030
f 3578/1680/3031 3579/1681/3032 3575/1677/3028
f 3579/1681/3032 3580/1682/3033 3575/1677/3028
f 3581/1683/3034 3579/1681/3032 3578/1680/3031
f 3582/1684/3035 3579/1681/3032 3581/1683/3034
f 3583/1685/3036 3579/1681/3032 3582/1684/3035
f 3584/1686/3037 3582/1684/3035 3581/1683/3034
f 3584/1686/3037 3581/1683/3034 3585/1687/3038
f 3586/1688/3039 3584/1686/3037 3585/1687/3038
f 3583/1685/3036 3582/1684/3035 3587/1689/3040
f 3587/1689/3040 3582/1684/3035 3584/1686/3037
f 3588/1690/3041 3583/1685/3036 3587/1689/3040
f 3589/1693/3042 3584/1686/3037 3586/1688/3039
f 3590/1694/3043 3589/1693/3042 3586/1688/3039
f 3590/1694/3043 3586/1688/3039 3591/1695/3044
f 3592/1692/3045 3587/1689/3040 3584/1686/3037
f 3592/1692/3045 3584/1686/3037 3589/1693/3042
f 3588/1690/3041 3587/1689/3040 3593/1691/3046
f 3592/1692/3045 3593/1691/3047 3587/1689/3040
f 3594/1696/3048 3592/1692/3045 3589/1693/3042
f 3590/1694/3043 3594/1696/3048 3589/1693/3042
f 3595/1697/3049 3593/1691/3047 3592/1692/3045
f 3594/1696/3048 3595/1697/3050 3592/1692/3045
f 3596/1713/3051 3590/1694/3043 3591/1695/3044
f 3596/1713/3051 3591/1695/3044 3597/1714/3052
f 3597/1714/3052 3591/1695/3044 3598/1715/3053
f 3596/1713/3051 3599/1712/3054 3590/1694/3043
f 3600/1711/3055 3590/1694/3043 3599/1712/3054
f 3601/1710/3056 3590/1694/3043 3600/1711/3055
f 3601/1710/3056 3602/1705/3057 3590/1694/3043
f 3594/1696/3048 3590/1694/3043 3602/1705/3057
f 3603/1709/3058 3602/1705/3057 3601/1710/3056
f 3594/1696/3048 3602/1705/3057 3604/1703/3059
f 3604/1703/3059 3595/1697/3050 3594/1696/3048
f 3603/1709/3058 3605/1706/3060 3602/1705/3057
f 3604/1703/3059 3602/1705/3057 3605/1706/3060
f 3606/1708/3061 3605/1706/3060 3603/1709/3058
f 3606/1708/3061 3607/1707/3062 3605/1706/3060
f 3605/1706/3060 3607/1707/3062 3608/1704/3063
f 3605/1706/3060 3608/1704/3063 3604/1703/3059
f 3604/1703/3059 3608/1704/3063 3609/1702/3064
f 3604/1703/3059 3609/1702/3064 3595/1697/3050
f 3595/1697/3050 3609/1702/3064 3610/1701/3065
f 3595/1697/3049 3610/1701/3066 3593/1691/3047
f 3593/1691/3047 3610/1701/3066 3611/83/3066
f 3593/1691/3046 3611/83/3067 3612/84/3068
f 3612/84/3068 3588/1690/3041 3593/1691/3046
f 3613/1698/3069 3588/1690/3041 3612/84/3068
f 3613/1698/3069 3614/1699/3070 3588/1690/3041
f 3611/83/3071 3614/1699/3070 3615/85/3071
f 3616/1700/3072 3614/1699/3070 3613/1698/3069
f 3615/85/3071 3614/1699/3070 3616/1700/3072
f 3617/1716/3073 3618/1718/3073 3619/1717/3073
f 3620/1719/2381 3619/1717/3073 3618/1718/3073
f 3620/1719/2381 3618/1718/3073 3621/1702/2381
f 3622/1720/3074 3623/1721/3075 3624/1719/3076
f 3625/1723/3077 3624/1719/3076 3623/1721/3075
f 3625/1723/3077 3623/1721/3075 3626/1722/3078
f 3627/1724/3079 3629/1726/3080 3628/1725/3081
f 3628/1725/3081 3629/1726/3080 3630/1727/3082
f 3628/1725/3081 3630/1727/3082 3631/1728/3083
f 3629/1726/3080 3632/1730/3084 3630/1727/3082
f 3631/1728/3083 3630/1727/3082 3633/1731/3085
f 3631/1728/3086 3633/1731/3085 3634/1732/3087
f 3634/1732/3087 3633/1731/3085 3635/1733/3088
f 3630/1727/3082 3636/1729/3089 3633/1731/3085
f 3630/1727/3082 3632/1730/3084 3636/1729/3089
f 3632/1730/3084 3637/1738/3090 3636/1729/3089
f 3633/1731/3085 3638/1735/3091 3635/1733/3088
f 3633/1731/3085 3636/1729/3089 3638/1735/3091
f 3636/1729/3089 3637/1738/3090 3638/1735/3091
f 3638/1735/3091 3639/1734/3092 3635/1733/3088
f 3638/1735/3091 3640/1736/3093 3639/1734/3092
f 3638/1735/3091 3637/1738/3090 3640/1736/3093
f 3637/1738/3090 3641/1737/3094 3640/1736/3093
f 3632/1730/3084 3642/1740/3095 3637/1738/3090
f 3643/1741/3096 3642/1740/3095 3632/1730/3084
f 3637/1738/3090 3644/1742/3097 3641/1737/3094
f 3644/1742/3097 3645/1739/3098 3641/1737/3094
f 3644/1742/3097 3646/1743/3099 3645/1739/3100
f 3637/1738/3090 3647/1744/3101 3644/1742/3097
f 3647/1744/3101 3646/1743/3099 3644/1742/3097
f 3642/1740/3095 3647/1744/3101 3637/1738/3090
f 3648/1745/3102 3646/1743/3099 3647/1744/3101
f 3642/1740/3095 3648/1745/3102 3647/1744/3101
f 3649/1746/3103 3646/1743/3099 3648/1745/3102
f 3643/1741/3096 3650/1747/3104 3642/1740/3095
f 3650/1747/3104 3648/1745/3102 3642/1740/3095
f 3650/1747/3104 3649/1746/3103 3648/1745/3102
f 3651/1748/3105 3650/1747/3104 3643/1741/3096
f 3652/1749/3106 3649/1746/3103 3650/1747/3104
f 3651/1748/3105 3652/1749/3106 3650/1747/3104
f 3653/1750/2120 3654/1752/2353 3655/1760/3107
f 3654/1752/2353 3656/1754/3108 3655/1760/3107
f 3654/1752/2353 3657/1753/3109 3656/1754/3108
f 3658/1755/3110 3659/1699/3111 3660/1756/3111
f 3661/1758/3112 3659/1699/3111 3658/1755/3110
f 3661/1758/3112 3662/83/3113 3659/1699/3111
f 3663/1757/3114 3661/1758/3112 3658/1755/3110
f 3663/1757/3114 3664/1759/3115 3661/1758/3112
f 3665/1661/3116 3667/1664/3117 3666/1662/3118
f 3667/1664/3117 3668/1666/3119 3666/1662/3118
f 3666/1662/3118 3668/1666/3119 3669/1665/3120
f 3668/1666/3119 3670/1668/3121 3669/1665/3120
f 3669/1665/3120 3670/1668/3121 3671/1667/3122
f 3670/1668/3121 3672/1670/3123 3671/1667/3122
f 3671/1667/3122 3672/1670/3123 3673/1669/3124
f 3672/1670/3123 3674/1672/3125 3673/1669/3124
f 3673/1669/3124 3674/1672/3125 3675/1671/3126
f 3676/1761/3127 3678/87/3127 3677/86/3127
f 3676/1761/3127 3679/1762/3127 3678/87/3127
f 3680/1762/3128 3682/86/3128 3681/87/3128
f 3680/1762/3128 3683/1761/3128 3682/86/3128
f 3684/1761/3129 3686/87/3129 3685/86/3129
f 3684/1761/3129 3687/1762/3129 3686/87/3129
f 3688/1762/3130 3690/86/3130 3689/87/3130
f 3688/1762/3130 3691/1761/3130 3690/86/3130
f 3692/1761/3131 3694/87/3131 3693/86/3131
f 3692/1761/3131 3695/1762/3131 3694/87/3131
f 3696/1762/3132 3698/86/3132 3697/87/3132
f 3696/1762/3132 3699/1761/3132 3698/86/3132
f 3700/1761/3133 3702/87/3133 3701/86/3133
f 3700/1761/3133 3703/1762/3133 3702/87/3133
f 3704/1762/3134 3706/86/3134 3705/87/3134
f 3704/1762/3134 3707/1761/3134 3706/86/3134
f 3708/1763/3135 3710/1764/3136 3709/1765/3137
f 3708/1763/3135 3711/1766/3138 3710/1764/3136
f 3712/1767/3139 3714/1768/3140 3713/1769/3141
f 3712/1767/3139 3715/1766/3142 3714/1768/3140
f 3716/1769/3143 3718/1766/3143 3717/1763/3144
f 3716/1769/3143 3719/1768/3145 3718/1766/3143
f 3720/1763/3146 3722/1764/3147 3721/1765/3148
f 3720/1763/3146 3723/1766/3149 3722/1764/3147
f 3724/1765/3150 3726/1766/3151 3725/1767/3152
f 3724/1765/3150 3727/1764/3153 3726/1766/3151
f 3728/1770/3154 3729/1771/3154 3730/1772/3154
f 3730/1772/3154 3731/1773/3154 3728/1770/3154
f 3730/1772/3154 3732/1774/3154 3731/1773/3154
f 3733/1775/3155 3735/1776/3156 3734/1777/3157
f 3733/1775/3155 3736/1778/3158 3735/1776/3156
f 3737/1779/3159 3738/1780/3160 3739/1781/3161
f 3737/1779/3159 3739/1781/3161 3740/1782/3162
f 3741/1783/3163 3743/1784/3164 3742/1785/3163
f 3741/1783/3163 3744/1786/3164 3743/1784/3164
f 3745/1787/3165 3747/1788/3166 3746/1789/3167
f 3745/1787/3165 3748/1790/3168 3747/1788/3166
f 3749/1791/3169 3750/1792/3170 3751/1793/3171
f 3749/1791/3169 3751/1793/3171 3752/1794/3172
f 3753/1795/3173 3754/1796/3174 3755/1797/3175
f 3753/1795/3173 3755/1797/3175 3756/1779/3176
f 3757/1798/3177 3759/1784/3178 3758/1786/3179
f 3757/1798/3177 3760/1791/3180 3759/1784/3178
f 3761/1779/3181 3763/1796/3182 3762/1799/3183
f 3761/1779/3181 3764/1795/3184 3763/1796/3182
f 3765/1800/3185 3767/1801/3186 3766/1802/3187
f 3765/1800/3185 3768/1803/3188 3767/1801/3186
f 3768/1803/3189 3769/1804/3190 3767/1801/3191
f 3768/1803/3189 3770/1805/3192 3769/1804/3190
f 3770/1805/3193 3771/1806/3194 3769/1804/3195
f 3770/1805/3193 3772/1807/3196 3771/1806/3194
f 3773/1808/3197 3775/1809/3198 3774/1810/3199
f 3773/1808/3197 3776/1811/3200 3775/1809/3198
f 3777/1811/3201 3778/1812/3202 3779/1813/3203
f 3777/1811/3201 3779/1813/3203 3780/1808/3204
f 3781/1809/3205 3782/1810/3206 3783/1814/3207
f 3781/1809/3205 3783/1814/3207 3784/1815/3208
f 3785/1816/3209 3787/1776/3210 3786/1778/3211
f 3785/1816/3209 3788/1817/3212 3787/1776/3210
f 3789/1818/3213 3790/1819/3214 3791/1820/3215
f 3789/1818/3213 3791/1820/3215 3792/1821/3216
f 3793/1783/3217 3795/1822/3218 3794/1823/3218
f 3793/1783/3217 3796/1824/3217 3795/1822/3218
f 3797/1825/3219 3799/1826/3220 3798/1827/3221
f 3797/1825/3219 3800/1818/3222 3799/1826/3220
f 3801/1828/3223 3803/1829/3224 3802/1830/3225
f 3801/1828/3223 3802/1830/3225 3804/1831/3226
f 3804/1831/3227 3802/1830/3228 3805/1832/3229
f 3804/1831/3227 3805/1832/3229 3806/1833/3230
f 3806/1833/3231 3805/1832/3232 3807/1834/3233
f 3806/1833/3231 3807/1834/3233 3808/1835/3234
f 3809/1811/3235 3811/1810/3236 3810/1808/3237
f 3809/1811/3235 3812/1809/3238 3811/1810/3236
f 3813/1808/3239 3814/1811/3240 3815/1812/3241
f 3813/1808/3239 3815/1812/3241 3816/1813/3242
f 3817/1810/3243 3818/1814/3244 3819/1815/3245
f 3817/1810/3243 3819/1815/3245 3820/1809/3246
f 3821/1836/3247 3823/1837/3248 3822/1838/3249
f 3822/1838/3249 3823/1837/3248 3824/1839/3250
f 3822/1838/3249 3824/1839/3250 3825/1840/3251
f 3826/1841/3252 3828/1842/3252 3827/1843/3252
f 3826/1841/3252 3829/1844/3252 3828/1842/3252
f 3830/1845/3253 3832/1846/3254 3831/1847/3255
f 3830/1845/3253 3833/1848/3256 3832/1846/3254
f 3834/96/3257 3836/1849/3258 3835/1850/3259
f 3834/96/3257 3837/97/3260 3836/1849/3258
f 3838/1851/3261 3840/1852/3262 3839/1853/3263
f 3838/1851/3261 3841/1854/3264 3840/1852/3262
f 3842/1855/3265 3844/1856/3266 3843/1857/3267
f 3842/1855/3265 3845/1858/3268 3844/1856/3266
f 3846/1859/3269 3848/1860/3270 3847/1861/3271
f 3846/1859/3269 3849/1862/3272 3848/1860/3270
f 3849/1862/3272 3850/1863/3273 3848/1860/3270
f 3849/1862/3272 3851/1864/3274 3850/1863/3273
f 3852/1865/3275 3853/1866/3276 3854/1867/3277
f 3852/1865/3275 3854/1867/3277 3855/1868/3278
f 3855/1868/3278 3854/1867/3277 3856/1869/3279
f 3855/1868/3278 3856/1869/3279 3857/1870/3280
f 3857/1870/3280 3856/1869/3279 3858/1871/3281
f 3857/1870/3280 3858/1871/3281 3859/1872/3282
f 3860/1873/3283 3862/1874/3284 3861/1875/3285
f 3860/1873/3283 3863/1867/3286 3862/1874/3284
f 3863/1867/3286 3864/1876/3287 3862/1874/3284
f 3863/1867/3286 3865/1863/3288 3864/1876/3287
f 3866/1877/3289 3868/1860/3290 3867/1866/3291
f 3866/1877/3289 3869/1878/3292 3868/1860/3290
f 3869/1878/3292 3870/1869/3293 3868/1860/3290
f 3869/1878/3292 3871/1879/3294 3870/1869/3293
f 3871/1879/3294 3872/1871/3295 3870/1869/3293
f 3871/1879/3294 3873/1880/3296 3872/1871/3295
f 3873/1880/3297 3874/1881/3298 3872/1871/3299
f 3873/1880/3297 3875/1882/3300 3874/1881/3298
f 3876/1800/3301 3878/1801/3302 3877/1802/3303
f 3876/1800/3301 3879/1883/3304 3878/1801/3302
f 3879/1883/3305 3880/1804/3306 3878/1801/3306
f 3879/1883/3305 3881/1884/3307 3880/1804/3306
f 3881/1884/3308 3882/1806/3309 3880/1804/3310
f 3881/1884/3308 3883/1885/3311 3882/1806/3309
f 3884/1886/3312 3886/1887/3313 3885/1888/3314
f 3884/1886/3312 3887/1889/3315 3886/1887/3313
f 3888/1889/3316 3889/1812/3317 3890/1813/3318
f 3888/1889/3316 3890/1813/3318 3891/1886/3319
f 3892/1887/3320 3893/1888/3321 3894/1814/3322
f 3892/1887/3320 3894/1814/3322 3895/1815/3323
f 3896/1864/3324 3898/1890/3325 3897/1863/3326
f 3896/1864/3324 3899/1891/3327 3898/1890/3325
f 3900/1863/3328 3902/1892/3329 3901/1876/3330
f 3900/1863/3328 3903/1893/3331 3902/1892/3329
f 3904/1894/3332 3905/1895/3333 3906/1896/3333
f 3904/1894/3332 3906/1896/3333 3907/1897/3334
f 3908/1898/3335 3910/1894/3335 3909/1895/3336
f 3908/1898/3335 3909/1895/3336 3911/1899/3336
f 3912/1900/3337 3908/1898/3337 3911/1899/3338
f 3912/1900/3337 3911/1899/3338 3913/1901/3338
f 3914/1902/3339 3916/1903/3340 3915/1904/3341
f 3914/1902/3339 3917/1905/3342 3916/1903/3340
f 3918/1905/3343 3919/1812/3344 3920/1813/3345
f 3918/1905/3343 3920/1813/3345 3921/1902/3346
f 3922/1903/3347 3923/1904/3348 3924/1814/3349
f 3922/1903/3347 3924/1814/3349 3925/1815/3350
f 3926/1906/3351 3928/1907/3351 3927/1908/3351
f 3926/1906/3351 3929/1909/3351 3928/1907/3351
f 3930/1908/3352 3931/1910/3352 3932/1911/3353
f 3930/1908/3352 3932/1911/3353 3933/1907/3353
f 3934/1912/3354 3936/1909/3355 3935/1906/3356
f 3934/1912/3354 3937/1913/3357 3936/1909/3355
f 3938/1914/3358 3940/1915/3358 3939/1916/3358
f 3938/1914/3358 3939/1916/3358 3941/1917/3358
f 3941/1917/3359 3939/1916/3360 3942/1918/3360
f 3941/1917/3359 3942/1918/3360 3943/1910/3359
f 3944/1919/3361 3945/1914/3361 3946/1915/3361
f 3944/1919/3361 3946/1915/3361 3947/1920/3361
f 3948/1921/3362 3950/1922/3363 3949/1923/3364
f 3948/1921/3362 3951/1924/3365 3950/1922/3363
f 3952/1925/3366 3954/1926/3367 3953/1927/3368
f 3952/1925/3366 3955/1928/3369 3954/1926/3367
f 3956/1927/3370 3957/1921/3371 3958/1924/3372
f 3956/1927/3370 3958/1924/3372 3959/1926/3373
f 3960/1929/3374 3962/1930/3374 3961/1931/3374
f 3960/1929/3374 3963/1932/3374 3962/1930/3374
f 3964/1932/3375 3965/1930/3376 3966/1933/3376
f 3964/1932/3375 3966/1933/3376 3967/1934/3375
f 3968/1913/3377 3970/1931/3378 3969/1912/3379
f 3968/1913/3377 3971/1929/3380 3970/1931/3378
f 3972/1935/3381 3974/1917/3381 3973/1936/3381
f 3972/1935/3381 3975/1916/3381 3974/1917/3381
f 3975/1916/3382 3976/1937/3383 3974/1917/3383
f 3975/1916/3382 3977/1938/3382 3976/1937/3383
f 3978/1939/3384 3979/1940/3384 3980/1936/3384
f 3978/1939/3384 3980/1936/3384 3981/1935/3384
f 3982/1941/3385 3984/1942/3386 3983/1943/3387
f 3982/1941/3385 3985/1944/3388 3984/1942/3386
f 3986/1945/3389 3988/1946/3390 3987/1947/3391
f 3986/1945/3389 3989/1948/3392 3988/1946/3390
f 3990/1948/3393 3991/1946/3394 3992/1943/3395
f 3990/1948/3393 3992/1943/3395 3993/1941/3396
f 3994/1949/3397 3996/1950/3398 3995/1951/3399
f 3995/1951/3399 3996/1950/3398 3997/1952/3400
f 3997/1952/3400 3998/1953/3401 3995/1951/3399
f 3995/1951/3399 3998/1953/3401 3999/1954/3402
f 3998/1953/3401 4000/1955/3403 3999/1954/3402
f 3999/1954/3402 4000/1955/3403 4001/1956/3404
f 4000/1955/3403 4002/1957/3405 4001/1956/3404
f 4001/1956/3404 4002/1957/3405 4003/1958/3406
f 4002/1957/3405 4004/1959/3407 4003/1958/3406
f 4003/1958/3406 4004/1959/3407 4005/1960/3408
f 4004/1959/3407 4006/1961/3409 4005/1960/3408
f 4005/1960/3408 4006/1961/3409 4007/1962/3410
f 4006/1961/3409 4008/1963/3411 4007/1962/3410
f 4007/1962/3410 4008/1963/3411 4009/1964/3412
f 4008/1963/3411 4010/1965/3413 4009/1964/3412
f 4009/1964/3412 4010/1965/3413 4011/1966/3414
f 4010/1965/3413 4012/1967/3415 4011/1966/3414
f 4013/1968/3416 4012/1967/3415 4010/1965/3413
f 4013/1968/3416 4014/1969/3417 4012/1967/3415
f 4015/1970/3418 4014/1969/3417 4013/1968/3416
f 4015/1970/3418 4016/1971/3419 4014/1969/3417
f 4017/1972/3420 4016/1971/3419 4015/1970/3418
f 4017/1972/3420 4018/1973/3421 4016/1971/3419
f 4019/1974/3422 4018/1973/3421 4017/1972/3420
f 4019/1974/3422 4020/1975/3423 4018/1973/3421
f 4021/1976/3424 4020/1975/3423 4019/1974/3422
f 4021/1976/3424 4022/1977/3425 4020/1975/3423
f 4023/1978/3426 4022/1977/3425 4021/1976/3424
f 4023/1978/3426 4024/1979/3427 4022/1977/3425
f 4025/1980/3428 4024/1979/3427 4023/1978/3426
f 4026/1981/3429 4024/1979/3427 4025/1980/3428
f 4027/1982/3430 4024/1979/3427 4026/1981/3429
f 4028/1983/3431 4030/1984/3432 4029/1985/3433
f 4031/1986/3434 4030/1984/3432 4028/1983/3431
f 4031/1986/3434 4032/1987/3435 4030/1984/3432
f 4033/1095/3436 4035/1096/3437 4034/1097/3438
f 4035/1096/3437 4036/1098/3439 4034/1097/3438
f 4037/1134/3440 4038/1133/3441 4039/1135/3442
f 4039/1135/3442 4038/1133/3441 4040/1132/3443
f 4041/1988/3444 4043/1989/3445 4042/1138/3446
f 4043/1989/3445 4044/1137/3447 4042/1138/3446
f 4045/1625/3448 4046/1624/3449 4047/1990/3450
f 4047/1990/3450 4046/1624/3449 4048/1991/3451
f 4049/1095/3436 4051/1097/3452 4050/1096/3453
f 4050/1096/3453 4051/1097/3452 4052/1098/3454
f 4053/1134/3440 4054/1135/3455 4055/1133/3456
f 4054/1135/3455 4056/1132/3454 4055/1133/3456
f 4057/1988/3457 4059/1138/3458 4058/1989/3459
f 4058/1989/3459 4059/1138/3458 4060/1137/3460
f 4061/1625/3461 4062/1990/3462 4063/1624/3463
f 4062/1990/3462 4064/1991/3464 4063/1624/3463
f 4065/1992/3465 4067/1993/3466 4066/1994/3467
f 4068/1995/3468 4067/1993/3466 4065/1992/3465
f 4067/1993/3466 4068/1995/3468 4069/1996/3469
f 4070/1997/3470 4069/1996/3469 4068/1995/3468
f 4071/1998/3471 4069/1996/3469 4070/1997/3470
f 4069/1996/3469 4071/1998/3471 4072/1999/3472
f 4073/2000/3473 4069/1996/3469 4072/1999/3472
f 4069/1996/3469 4073/2000/3473 4074/2001/3474
f 4069/1996/3469 4074/2001/3474 4075/2002/3475
f 4076/2003/3476 4069/1996/3469 4075/2002/3475
f 4069/1996/3469 4076/2003/3476 4067/1993/3466
f 4067/1993/3466 4076/2003/3476 4077/2004/3477
f 4078/2005/3478 4080/2006/3479 4079/2007/3480
f 4080/2006/3479 4078/2005/3478 4081/2008/3481
f 4081/2008/3481 4078/2005/3478 4082/2009/3482
f 4081/2008/3481 4082/2009/3482 4083/2010/3483
f 4081/2008/3481 4083/2010/3483 4084/2011/3484
f 4085/2012/3485 4084/2011/3484 4083/2010/3483
f 4084/2011/3484 4085/2012/3485 4086/2013/3486
f 4086/2013/3486 4085/2012/3485 4087/2014/3487
f 4087/2014/3487 4085/2012/3485 4088/2015/3488
f 4087/2014/3487 4088/2015/3488 4089/2016/3489
f 4090/2017/3490 4092/2018/3491 4091/2019/3492
f 4090/2017/3490 4091/2019/3492 4093/2020/3493
f 4094/2021/3494 4093/2020/3495 4091/2019/3496
f 4094/2021/3494 4095/2022/3497 4093/2020/3495
f 4096/2023/3498 4098/2024/3498 4097/2019/3498
f 4096/2023/3498 4097/2019/3498 4099/2020/3498
f 4100/2021/3495 4099/2020/3494 4097/2019/3497
f 4100/2021/3495 4101/2022/3496 4099/2020/3494
f 4102/2025/3499 4104/2026/3500 4103/2027/3501
f 4102/2025/3499 4105/2028/3502 4104/2026/3500
f 4105/2028/3503 4102/2025/3504 4106/2029/3505
f 4105/2028/3503 4106/2029/3505 4107/2030/3506
f 4108/2025/3498 4110/2031/3498 4109/2032/3498
f 4108/2025/3498 4111/2028/3498 4110/2031/3498
f 4111/2028/3507 4108/2025/3506 4112/2029/3503
f 4111/2028/3507 4112/2029/3503 4113/2030/3504
f 4114/2033/3508 4115/2034/3508 4116/2035/3508
f 4117/2036/3509 4114/2033/3510 4116/2035/3511
f 4116/2035/3511 4118/2037/3512 4117/2036/3509
f 4118/2037/3512 4119/2038/3513 4117/2036/3509
f 4118/2037/3512 4120/2039/3514 4119/2038/3513
f 4120/2039/3514 4121/2040/3515 4119/2038/3513
f 4120/2039/3514 4122/2041/3516 4121/2040/3515
f 4121/2040/3515 4122/2041/3516 4123/2042/3517
f 4121/2040/3515 4123/2042/3517 4124/2043/3518
f 4124/2043/3519 4123/2042/3519 4125/2044/3519
f 4126/2045/3520 4128/2046/3521 4127/2047/3522
f 4126/2045/3520 4129/2048/3523 4128/2046/3521
f 4130/2049/3524 4129/2048/3523 4126/2045/3520
f 4130/2049/3524 4131/2050/3525 4129/2048/3523
f 4132/2051/3526 4131/2050/3525 4130/2049/3524
f 4132/2051/3526 4133/2052/3527 4131/2050/3525
f 4134/2053/3528 4133/2052/3527 4132/2051/3526
f 4134/2053/3528 4135/2054/3529 4133/2052/3527
f 4135/2054/3529 4136/2055/3530 4133/2052/3527
f 4136/2055/3530 4131/2050/3525 4133/2052/3527
f 4135/2054/3529 4137/2056/3531 4136/2055/3530
f 4136/2055/3530 4137/2056/3531 4138/2057/3532
f 4136/2055/3530 4139/2058/3533 4131/2050/3525
f 4138/2057/3532 4139/2058/3534 4136/2055/3530
f 4139/2058/3533 4129/2048/3523 4131/2050/3525
f 4138/2057/3532 4140/2059/3535 4139/2058/3534
f 4139/2058/3533 4141/2060/3536 4129/2048/3523
f 4140/2059/3535 4141/2060/3536 4139/2058/3534
f 4128/2046/3521 4129/2048/3523 4141/2060/3536
f 4140/2059/3535 4142/2061/3537 4141/2060/3536
f 4141/2060/3536 4142/2061/3537 4128/2046/3521
f 4143/2062/3538 4128/2046/3539 4142/2061/3540
f 4143/2062/3538 4144/2063/3541 4128/2046/3539
f 4142/2061/3540 4145/2064/3542 4143/2062/3538
f 4142/2061/3540 4146/2065/3543 4145/2064/3542
f 4147/2062/3544 4149/2046/3545 4148/2066/3546
f 4147/2062/3544 4150/2061/3547 4149/2046/3545
f 4151/2064/3548 4150/2061/3547 4147/2062/3544
f 4150/2061/3547 4151/2064/3548 4152/2065/3549
f 4153/2067/3550 4155/2068/3551 4154/2069/3550
f 4153/2067/3550 4156/2070/3551 4155/2068/3551
f 4157/2071/3552 4159/2072/3552 4158/2073/3552
f 4157/2071/3552 4158/2073/3552 4160/2074/3552
f 4161/2075/3553 4157/2071/3553 4160/2074/3554
f 4161/2075/3553 4160/2074/3554 4162/2076/3554
f 4163/2077/3555 4161/2075/3555 4162/2076/3556
f 4163/2077/3555 4162/2076/3556 4164/2078/3556
f 4165/2071/3557 4167/2072/3557 4166/2073/3558
f 4165/2071/3557 4166/2073/3558 4168/2074/3558
f 4169/2075/3559 4165/2071/3559 4168/2074/3560
f 4169/2075/3559 4168/2074/3560 4170/2076/3561
f 4171/2077/3555 4169/2075/3555 4170/2076/3556
f 4171/2077/3555 4170/2076/3556 4172/2078/3556
f 4173/2079/3562 4175/2080/3562 4174/2081/3562
f 4173/2079/3562 4174/2081/3562 4176/2082/3562
f 4176/2082/3563 4174/2081/3563 4177/2083/3563
f 4176/2082/3563 4177/2083/3563 4178/2084/3563
f 4179/2084/3564 4181/2085/3564 4180/2086/3564
f 4179/2084/3564 4182/2083/3564 4181/2085/3564
f 4183/2087/100 4184/2088/100 4185/2089/100
f 4183/2087/100 4185/2089/100 4186/2090/100
f 4187/2089/3565 4189/2087/3565 4188/2088/3566
f 4187/2089/3565 4190/2090/3565 4189/2087/3565
f 4191/2079/3562 4193/2080/3562 4192/2081/3562
f 4191/2079/3562 4192/2081/3562 4194/2082/3562
f 4194/2082/3563 4192/2081/3563 4195/2083/3563
f 4194/2082/3563 4195/2083/3563 4196/2084/3563
f 4197/2084/3564 4199/2085/3564 4198/2086/3564
f 4197/2084/3564 4200/2083/3564 4199/2085/3564
f 4201/2087/100 4202/2088/100 4203/2089/100
f 4201/2087/100 4203/2089/100 4204/2090/100
f 4205/2089/100 4207/2087/100 4206/2088/100
f 4205/2089/100 4208/2090/100 4207/2087/100
f 4209/2091/3567 4211/2092/3568 4210/2093/3569
f 4209/2091/3567 4212/2094/3567 4211/2092/3568
f 4212/2094/3570 4213/2095/3571 4211/2092/3572
f 4212/2094/3570 4214/2096/3573 4213/2095/3571
f 4214/2096/3574 4215/2097/3574 4213/2095/3574
f 4214/2096/3574 4216/2098/3574 4215/2097/3574
f 4217/2099/3575 4219/2100/3575 4218/2101/3575
f 4217/2099/3575 4220/2102/3575 4219/2100/3575
f 4220/2102/3576 4221/2103/3577 4219/2100/3578
f 4220/2102/3576 4222/2104/3579 4221/2103/3577
f 4223/2105/3580 4224/2106/3581 4225/2107/3582
f 4223/2105/3580 4225/2107/3582 4226/2108/3583
f 4227/2109/3575 4229/2110/3575 4228/2111/3575
f 4227/2109/3575 4230/2112/3575 4229/2110/3575
f 4230/2112/3576 4231/2113/3577 4229/2110/3578
f 4230/2112/3576 4232/2114/3579 4231/2113/3577
f 4233/2115/3580 4234/2116/3581 4235/2117/3582
f 4233/2115/3580 4235/2117/3582 4236/2118/3583
f 4237/2119/3584 4239/2120/3584 4238/2121/3584
f 4237/2119/3584 4240/2122/3584 4239/2120/3584
f 4241/2119/3584 4243/2120/3584 4242/2121/3584
f 4241/2119/3584 4244/2122/3584 4243/2120/3584
f 4245/2123/131 4247/2124/131 4246/2125/131
f 4245/2123/131 4248/2126/131 4247/2124/131
f 4248/2126/3585 4249/2127/3585 4247/2124/3585
f 4248/2126/3585 4250/2128/3585 4249/2127/3585
f 4250/2128/100 4251/2129/100 4249/2127/100
f 4250/2128/100 4252/2130/100 4251/2129/100
f 4252/2130/3586 4253/2131/3586 4251/2129/3586
f 4252/2130/3586 4254/2132/3586 4253/2131/3586
f 4255/2123/131 4257/2124/131 4256/2125/131
f 4255/2123/131 4258/2126/131 4257/2124/131
f 4258/2126/3585 4259/2127/3585 4257/2124/3585
f 4258/2126/3585 4260/2128/3585 4259/2127/3585
f 4260/2128/100 4261/2129/100 4259/2127/100
f 4260/2128/100 4262/2130/100 4261/2129/100
f 4262/2130/3586 4263/2131/3586 4261/2129/3586
f 4262/2130/3586 4264/2132/3586 4263/2131/3586
f 4265/2133/3587 4267/2134/3588 4266/2135/3589
f 4265/2133/3587 4266/2135/3589 4268/2136/3590
f 4268/2136/3591 4266/2135/3591 4269/2137/3591
f 4268/2136/3591 4269/2137/3591 4270/2138/3591
f 4270/2138/3592 4269/2137/3592 4271/2139/3593
f 4270/2138/3592 4271/2139/3593 4272/2140/3593
f 4273/2141/3594 4275/2142/3595 4274/2143/3595
f 4273/2141/3594 4276/2144/3594 4275/2142/3595
f 4277/2145/3596 4278/2146/3596 4279/2141/3596
f 4277/2145/3596 4279/2141/3596 4280/2147/3596
f 4281/2133/3597 4283/2134/3598 4282/2135/3599
f 4281/2133/3597 4282/2135/3599 4284/2136/3600
f 4284/2136/3591 4282/2135/3591 4285/2137/3591
f 4284/2136/3591 4285/2137/3591 4286/2138/3591
f 4286/2138/3601 4285/2137/3601 4287/2139/3602
f 4286/2138/3601 4287/2139/3602 4288/2140/3602
f 4289/2141/3594 4291/2142/3595 4290/2143/3595
f 4289/2141/3594 4292/2144/3594 4291/2142/3595
f 4293/2148/3596 4294/2149/3596 4295/2150/3596
f 4293/2148/3596 4295/2150/3596 4296/2151/3596
f 4297/2152/3603 4299/2153/3604 4298/2154/3605
f 4297/2152/3603 4300/2155/3606 4299/2153/3604
f 4301/169/3607 4303/166/3608 4302/2156/3609
f 4301/169/3607 4302/2156/3609 4304/2157/3610
f 4305/165/3611 4301/169/3612 4304/2157/3613
f 4305/165/3611 4304/2157/3613 4306/2158/3614
f 4307/166/3615 4305/165/3615 4306/2158/3615
f 4307/166/3615 4306/2158/3615 4308/2156/3615
f 4306/2158/3614 4304/2157/3613 4309/2159/3616
f 4306/2158/3614 4309/2159/3616 4310/2160/3617
f 4304/2157/3610 4302/2156/3609 4311/2161/3618
f 4304/2157/3610 4311/2161/3618 4309/2159/3619
f 4310/2160/3617 4309/2159/3616 4312/2162/3620
f 4310/2160/3617 4312/2162/3620 4313/2163/3620
f 4309/2159/3619 4314/2164/3621 4312/2162/3622
f 4309/2159/3619 4311/2161/3618 4314/2164/3621
f 4311/2161/3623 4313/2163/3624 4314/2164/3624
f 4311/2161/3623 4315/2160/3623 4313/2163/3624
f 4302/2156/3625 4315/2160/3625 4311/2161/3626
f 4302/2156/3625 4316/2158/3627 4315/2160/3625
f 4317/2165/3603 4319/2166/3628 4318/2167/3605
f 4317/2165/3603 4320/2168/3629 4319/2166/3628
f 4321/169/3607 4323/166/3630 4322/2156/3609
f 4321/169/3607 4322/2156/3609 4324/2157/3610
f 4325/165/3611 4321/169/3612 4324/2157/3631
f 4325/165/3611 4324/2157/3631 4326/2158/3614
f 4327/166/3615 4325/165/3615 4326/2158/3615
f 4327/166/3615 4326/2158/3615 4328/2156/3615
f 4326/2158/3614 4324/2157/3631 4329/2159/3632
f 4326/2158/3614 4329/2159/3632 4330/2160/3633
f 4324/2157/3610 4322/2156/3609 4331/2161/3634
f 4324/2157/3610 4331/2161/3634 4329/2159/3635
f 4330/2160/3633 4329/2159/3632 4332/2162/3636
f 4330/2160/3633 4332/2162/3636 4333/2163/3637
f 4329/2159/3635 4334/2164/3638 4332/2162/3638
f 4329/2159/3635 4331/2161/3634 4334/2164/3638
f 4331/2161/3639 4333/2163/3640 4334/2164/3640
f 4331/2161/3639 4335/2160/3639 4333/2163/3640
f 4322/2156/3625 4335/2160/3625 4331/2161/3626
f 4322/2156/3625 4336/2158/3627 4335/2160/3625
f 4337/2071/3641 4339/2072/3641 4338/2073/3642
f 4337/2071/3641 4338/2073/3642 4340/2074/3642
f 4341/2075/3643 4337/2071/3643 4340/2074/3644
f 4341/2075/3643 4340/2074/3644 4342/2076/3645
f 4343/2077/3555 4341/2075/3555 4342/2076/3556
f 4343/2077/3555 4342/2076/3556 4344/2078/3556
f 4345/2071/3646 4347/2072/3646 4346/2073/3646
f 4345/2071/3646 4346/2073/3646 4348/2074/3646
f 4349/2075/3647 4345/2071/3648 4348/2074/3649
f 4349/2075/3647 4348/2074/3649 4350/2076/3650
f 4351/2077/3555 4349/2075/3555 4350/2076/3556
f 4351/2077/3555 4350/2076/3556 4352/2078/3556
f 4353/2079/3562 4355/2080/3562 4354/2081/3562
f 4353/2079/3562 4354/2081/3562 4356/2082/3562
f 4356/2082/3563 4354/2081/3563 4357/2083/3563
f 4356/2082/3563 4357/2083/3563 4358/2084/3563
f 4359/2084/3651 4361/2085/3651 4360/2086/3651
f 4359/2084/3651 4362/2083/3651 4361/2085/3651
f 4363/2087/131 4365/2089/131 4364/2088/131
f 4363/2087/131 4366/2090/131 4365/2089/131
f 4367/2089/131 4368/2088/131 4369/2087/131
f 4367/2089/131 4369/2087/131 4370/2090/131
f 4371/2079/3562 4373/2080/3562 4372/2081/3562
f 4371/2079/3562 4372/2081/3562 4374/2082/3562
f 4374/2082/3563 4372/2081/3563 4375/2083/3563
f 4374/2082/3563 4375/2083/3563 4376/2084/3563
f 4377/2084/3651 4379/2085/3651 4378/2086/3651
f 4377/2084/3651 4380/2083/3651 4379/2085/3651
f 4381/2087/131 4383/2089/131 4382/2088/131
f 4381/2087/131 4384/2090/131 4383/2089/131
f 4385/2089/131 4386/2088/131 4387/2087/131
f 4385/2089/131 4387/2087/131 4388/2090/131
f 4389/2091/3652 4391/2092/3653 4390/2093/3654
f 4389/2091/3652 4392/2094/3655 4391/2092/3653
f 4392/2094/3656 4393/2095/3657 4391/2092/3658
f 4392/2094/3656 4394/2096/3573 4393/2095/3657
f 4394/2096/3659 4395/2097/3660 4393/2095/3574
f 4394/2096/3659 4396/2098/3661 4395/2097/3660
f 4397/2099/3575 4399/2100/3575 4398/2101/3575
f 4397/2099/3575 4400/2102/3575 4399/2100/3575
f 4400/2102/3578 4401/2103/3578 4399/2100/3578
f 4400/2102/3578 4402/2104/3578 4401/2103/3578
f 4403/2105/3662 4404/2106/3662 4405/2107/3662
f 4403/2105/3662 4405/2107/3662 4406/2108/3662
f 4407/2109/3575 4409/2110/3575 4408/2111/3575
f 4407/2109/3575 4410/2112/3575 4409/2110/3575
f 4410/2112/3578 4411/2113/3578 4409/2110/3578
f 4410/2112/3578 4412/2114/3578 4411/2113/3578
f 4413/2115/3662 4414/2116/3662 4415/2117/3662
f 4413/2115/3662 4415/2117/3662 4416/2118/3662
f 4417/2119/3663 4419/2120/3663 4418/2121/3663
f 4417/2119/3663 4420/2122/3663 4419/2120/3663
f 4421/2119/3663 4423/2120/3663 4422/2121/3663
f 4421/2119/3663 4424/2122/3663 4423/2120/3663
f 4425/2123/131 4427/2124/131 4426/2125/131
f 4425/2123/131 4428/2126/131 4427/2124/131
f 4428/2126/3664 4429/2127/3664 4427/2124/3664
f 4428/2126/3664 4430/2128/3664 4429/2127/3664
f 4430/2128/100 4431/2129/100 4429/2127/100
f 4430/2128/100 4432/2130/100 4431/2129/100
f 4432/2130/3586 4433/2131/3586 4431/2129/3586
f 4432/2130/3586 4434/2132/3586 4433/2131/3586
f 4435/2123/131 4437/2124/131 4436/2125/131
f 4435/2123/131 4438/2126/131 4437/2124/131
f 4438/2126/3664 4439/2127/3664 4437/2124/3664
f 4438/2126/3664 4440/2128/3664 4439/2127/3664
f 4440/2128/100 4441/2129/100 4439/2127/100
f 4440/2128/100 4442/2130/100 4441/2129/100
f 4442/2130/3586 4443/2131/3586 4441/2129/3586
f 4442/2130/3586 4444/2132/3586 4443/2131/3586
f 4445/2133/3665 4447/2134/3665 4446/2135/3590
f 4445/2133/3665 4446/2135/3590 4448/2136/3590
f 4448/2136/3666 4446/2135/3667 4449/2137/3668
f 4448/2136/3666 4449/2137/3668 4450/2138/3669
f 4450/2138/3670 4449/2137/3671 4451/2139/3672
f 4450/2138/3670 4451/2139/3672 4452/2140/3673
f 4453/2141/3674 4455/2142/3674 4454/2143/3674
f 4453/2141/3674 4456/2144/3674 4455/2142/3674
f 4457/2169/3675 4458/2170/3675 4459/2171/3675
f 4457/2169/3675 4459/2171/3675 4460/2172/3596
f 4461/2133/3676 4463/2134/3676 4462/2135/3677
f 4461/2133/3676 4462/2135/3677 4464/2136/3677
f 4464/2136/3666 4462/2135/3667 4465/2137/3668
f 4464/2136/3666 4465/2137/3668 4466/2138/3669
f 4466/2138/3678 4465/2137/3679 4467/2139/3680
f 4466/2138/3678 4467/2139/3680 4468/2140/3681
f 4469/2141/3674 4471/2142/3674 4470/2143/3674
f 4469/2141/3674 4472/2144/3674 4471/2142/3674
f 4473/2173/3675 4474/2174/3675 4475/2175/3675
f 4473/2173/3675 4475/2175/3675 4476/2176/3682
f 4477/2177/3683 4478/2178/3684 4479/2179/3685
f 4478/2178/3684 4480/2180/3686 4479/2179/3685
f 4481/2181/3687 4482/2182/3688 4483/2183/3689
f 4481/2181/3687 4484/2184/3690 4482/2182/3688
f 4484/2184/3691 4486/2182/3692 4485/2185/3693
f 4484/2184/3691 4485/2185/3693 4487/2186/3694
f 4487/2186/3695 4485/2185/3696 4488/2179/3697
f 4487/2186/3695 4488/2179/3697 4489/2187/3698
f 4490/2177/3699 4491/2179/3700 4492/2178/3701
f 4492/2178/3701 4491/2179/3700 4493/2180/3702
f 4494/2181/3703 4495/2183/3704 4496/2182/3705
f 4494/2181/3703 4496/2182/3705 4497/2184/3706
f 4497/2184/3707 4499/2185/3708 4498/2182/3709
f 4497/2184/3707 4500/2186/3710 4499/2185/3708
f 4500/2186/3711 4501/2179/3712 4499/2185/3713
f 4500/2186/3711 4502/2187/3714 4501/2179/3712
f 4503/2188/3715 4504/2189/3715 4505/2190/3715
f 4504/2189/3715 4506/2191/3715 4505/2190/3715
f 4507/2192/3716 4508/2193/3717 4509/2194/3718
f 4508/2193/3717 4510/2189/3719 4509/2194/3718
f 4511/2193/3720 4512/2191/3721 4513/2189/3722
f 4512/2191/3721 4511/2193/3720 4514/2195/3723
f 4515/2196/3724 4516/2197/3725 4517/2191/3726
f 4516/2197/3725 4518/2190/3727 4517/2191/3726
f 4519/2197/3728 4521/2190/3729 4520/2198/3730
f 4520/2198/3730 4522/2199/3731 4519/2197/3728
f 4523/2188/3715 4524/2189/3715 4525/2190/3715
f 4524/2189/3715 4526/2191/3715 4525/2190/3715
f 4527/2192/3732 4528/2193/3717 4529/2194/3718
f 4528/2193/3717 4530/2189/3733 4529/2194/3718
f 4531/2193/3734 4533/2189/3735 4532/2191/3736
f 4532/2191/3736 4534/2195/3737 4531/2193/3734
f 4535/2196/3724 4536/2197/3725 4537/2191/3726
f 4536/2197/3725 4538/2190/3727 4537/2191/3726
f 4539/2197/3738 4540/2198/3739 4541/2190/3740
f 4540/2198/3739 4539/2197/3738 4542/2199/3741
f 4543/2200/3742 4545/2201/3742 4544/2202/3743
f 4543/2200/3742 4544/2202/3743 4546/2203/3743
f 4547/2204/100 4543/2200/3744 4546/2203/3744
f 4547/2204/100 4546/2203/3744 4548/2205/100
f 4549/2206/3745 4547/2204/100 4548/2205/100
f 4549/2206/3745 4548/2205/100 4550/2207/3745
f 4550/2207/3746 4551/2208/3747 4549/2206/3748
f 4550/2207/3746 4552/2209/3749 4551/2208/3747
f 4553/2210/3750 4554/2211/3750 4555/2212/3751
f 4553/2210/3750 4555/2212/3751 4556/2213/3751
f 4556/2213/3751 4555/2212/3751 4557/2214/3752
f 4558/2215/3753 4559/2211/3754 4560/2210/3754
f 4558/2215/3753 4561/2216/3755 4559/2211/3754
f 4562/2217/3756 4561/2216/3755 4558/2215/3753
f 4563/2211/3757 4565/2218/3758 4564/2210/3757
f 4563/2211/3757 4566/2219/3759 4565/2218/3758
f 4566/2219/3759 4567/2220/3760 4565/2218/3758
f 4568/2212/3761 4570/2211/3762 4569/2210/3762
f 4568/2212/3761 4569/2210/3762 4571/2221/3761
f 4572/2222/3763 4568/2212/3761 4571/2221/3761
f 4573/2207/3764 4574/2208/3765 4575/2209/3766
f 4573/2207/3764 4576/2206/3767 4574/2208/3765
f 4576/2206/3745 4573/2207/3745 4577/2205/100
f 4576/2206/3745 4577/2205/100 4578/2204/100
f 4578/2204/100 4577/2205/100 4579/2203/3744
f 4578/2204/100 4579/2203/3744 4580/2223/3744
f 4580/2223/3768 4579/2203/3769 4581/2202/3770
f 4580/2223/3768 4581/2202/3770 4582/2201/3771
f 4583/2224/3772 4584/2225/3772 4585/2226/3772
f 4583/2224/3772 4585/2226/3772 4586/2227/3772
f 4586/2227/3773 4587/2228/3773 4583/2224/3773
f 4586/2227/3773 4588/2229/3773 4587/2228/3773
f 4588/2229/3774 4589/2230/3775 4587/2228/3776
f 4588/2229/3774 4590/2231/3777 4589/2230/3775
f 4590/2231/3778 4591/2232/3779 4589/2230/3778
f 4590/2231/3778 4592/2233/3780 4591/2232/3779
f 4591/2232/3779 4592/2233/3780 4593/2234/3781
f 4591/2232/3779 4593/2234/3781 4594/2235/3782
f 4593/2234/3781 4595/2236/3783 4594/2235/3782
f 4593/2234/3781 4596/2237/3783 4595/2236/3783
f 4597/2238/3784 4599/2239/3785 4598/2240/3786
f 4597/2238/3784 4600/2241/3787 4599/2239/3785
f 4600/2241/3787 4601/2242/3788 4599/2239/3785
f 4601/2242/3788 4602/2243/3789 4599/2239/3785
f 4601/2242/3788 4603/2244/3789 4602/2243/3789
f 4603/2244/3789 4604/2245/3790 4602/2243/3789
f 4603/2244/3789 4605/2246/3791 4604/2245/3790
f 4605/2246/3791 4606/2247/3792 4604/2245/3790
f 4605/2246/3791 4607/2248/3793 4606/2247/3792
f 4607/2248/3793 4608/2249/3794 4606/2247/3792
f 4607/2248/3793 4609/2250/3795 4608/2249/3794
f 4610/2241/3796 4611/2240/3797 4612/2238/3798
f 4610/2241/3796 4613/2239/3799 4611/2240/3797
f 4614/2251/3800 4613/2239/3799 4610/2241/3796
f 4615/2244/3801 4613/2239/3799 4614/2251/3800
f 4615/2244/3801 4616/2252/3802 4613/2239/3799
f 4617/2253/3803 4616/2252/3802 4615/2244/3801
f 4617/2253/3803 4618/2245/3804 4616/2252/3802
f 4619/2254/3805 4618/2245/3804 4617/2253/3803
f 4619/2254/3805 4620/2247/3805 4618/2245/3804
f 4621/2255/3806 4620/2247/3805 4619/2254/3805
f 4621/2255/3806 4622/2256/3807 4620/2247/3805
f 4623/2237/100 4624/2257/100 4625/2258/100
f 4623/2237/100 4625/2258/100 4626/2236/100
f 4627/2259/3808 4629/2260/3809 4628/2261/3810
f 4627/2259/3808 4630/2262/3811 4629/2260/3809
f 4627/2259/3812 4631/2263/3812 4630/2262/3812
f 4627/2259/3812 4632/2264/3812 4631/2263/3812
f 4632/2264/3813 4633/2265/3814 4631/2263/3815
f 4632/2264/3813 4634/2266/3816 4633/2265/3814
f 4634/2266/3816 4635/2267/3817 4633/2265/3814
f 4634/2266/3816 4636/2268/3818 4635/2267/3817
f 4636/2268/3818 4637/2258/3819 4635/2267/3817
f 4636/2268/3818 4638/2257/3820 4637/2258/3819
f 4639/2206/3821 4641/2209/3822 4640/2208/3821
f 4639/2206/3821 4642/2207/3822 4641/2209/3822
f 4643/2204/131 4642/2207/3823 4639/2206/3823
f 4643/2204/131 4644/2205/131 4642/2207/3823
f 4645/2223/3824 4644/2205/131 4643/2204/131
f 4645/2223/3824 4646/2203/3824 4644/2205/131
f 4646/2203/3825 4645/2223/3826 4647/2201/3827
f 4646/2203/3825 4647/2201/3827 4648/2202/3828
f 4649/2211/3750 4650/2213/3751 4651/2210/3750
f 4649/2211/3750 4652/2212/3751 4650/2213/3751
f 4652/2212/3751 4653/2214/3752 4650/2213/3751
f 4654/2216/3753 4655/2211/3754 4656/2210/3754
f 4654/2216/3753 4656/2210/3754 4657/2215/3755
f 4658/2217/3756 4654/2216/3753 4657/2215/3755
f 4659/2210/3757 4661/2211/3757 4660/2219/3758
f 4659/2210/3757 4660/2219/3758 4662/2218/3759
f 4662/2218/3759 4660/2219/3758 4663/2220/3760
f 4664/2221/3761 4666/2211/3762 4665/2210/3762
f 4664/2221/3761 4667/2212/3761 4666/2211/3762
f 4668/2222/3763 4667/2212/3761 4664/2221/3761
f 4669/2203/3829 4670/2202/3830 4671/2201/3831
f 4669/2203/3829 4671/2201/3831 4672/2200/3832
f 4672/2200/3824 4673/2205/131 4669/2203/3824
f 4672/2200/3824 4674/2204/131 4673/2205/131
f 4674/2204/131 4675/2207/3823 4673/2205/131
f 4674/2204/131 4676/2206/3823 4675/2207/3823
f 4676/2206/3833 4677/2209/3834 4675/2207/3835
f 4676/2206/3833 4678/2208/3836 4677/2209/3834
f 4679/2269/3772 4680/2261/3772 4681/2260/3772
f 4679/2269/3772 4682/2270/3772 4680/2261/3772
f 4682/2270/3837 4679/2269/3837 4683/2271/3837
f 4682/2270/3837 4683/2271/3837 4684/2272/3837
f 4684/2272/3838 4683/2271/3839 4685/2273/3840
f 4684/2272/3838 4685/2273/3840 4686/2274/3841
f 4686/2274/3842 4685/2273/3842 4687/2275/3843
f 4686/2274/3842 4687/2275/3843 4688/2276/3844
f 4687/2275/3843 4689/2277/3845 4688/2276/3844
f 4687/2275/3843 4690/2278/3846 4689/2277/3845
f 4689/2277/3845 4690/2278/3846 4691/2279/3847
f 4689/2277/3845 4691/2279/3847 4692/2280/3847
f 4693/2281/3848 4695/2282/3849 4694/2239/3850
f 4693/2281/3848 4694/2239/3850 4696/2283/3851
f 4696/2283/3851 4694/2239/3850 4697/2242/3852
f 4697/2242/3852 4694/2239/3850 4698/2252/3853
f 4697/2242/3852 4698/2252/3853 4699/2244/3853
f 4699/2244/3853 4698/2252/3853 4700/2245/3854
f 4699/2244/3853 4700/2245/3854 4701/2246/3855
f 4701/2246/3855 4700/2245/3854 4702/2247/3856
f 4701/2246/3855 4702/2247/3856 4703/2248/3857
f 4703/2248/3857 4702/2247/3856 4704/2284/3858
f 4703/2248/3857 4704/2284/3858 4705/2285/3859
f 4706/2283/3860 4707/2281/3798 4708/2286/3861
f 4706/2283/3860 4708/2286/3861 4709/2287/3862
f 4710/2251/3863 4706/2283/3860 4709/2287/3862
f 4711/2244/3864 4710/2251/3863 4709/2287/3862
f 4711/2244/3864 4709/2287/3862 4712/2288/3865
f 4713/2246/3866 4711/2244/3864 4712/2288/3865
f 4713/2246/3866 4712/2288/3865 4714/2289/3867
f 4715/2290/3868 4713/2246/3866 4714/2289/3867
f 4715/2290/3868 4714/2289/3867 4716/2291/3868
f 4717/2285/3869 4715/2290/3868 4716/2291/3868
f 4717/2285/3869 4716/2291/3868 4718/2284/3870
f 4719/2280/131 4720/2279/131 4721/2292/131
f 4719/2280/131 4721/2292/131 4722/2293/131
f 4723/2294/3871 4725/2295/3872 4724/2225/3873
f 4723/2294/3871 4724/2225/3873 4726/2296/3874
f 4723/2294/3875 4726/2296/3875 4727/2297/3875
f 4723/2294/3875 4727/2297/3875 4728/2298/3875
f 4728/2298/3876 4727/2297/3877 4729/2299/3878
f 4728/2298/3876 4729/2299/3878 4730/2300/3879
f 4730/2300/3879 4729/2299/3878 4731/2301/3880
f 4730/2300/3879 4731/2301/3880 4732/2302/3881
f 4732/2302/3881 4731/2301/3880 4733/2292/3882
f 4732/2302/3881 4733/2292/3882 4734/2293/3883
f 4735/2224/3772 4736/2225/3772 4737/2226/3772
f 4735/2224/3772 4737/2226/3772 4738/2227/3772
f 4738/2227/3884 4739/2228/3884 4735/2224/3885
f 4738/2227/3884 4740/2229/3884 4739/2228/3884
f 4740/2229/3774 4741/2230/3775 4739/2228/3776
f 4740/2229/3774 4742/2231/3777 4741/2230/3775
f 4742/2231/3778 4743/2232/3779 4741/2230/3778
f 4742/2231/3778 4744/2233/3780 4743/2232/3779
f 4743/2232/3779 4744/2233/3780 4745/2234/3781
f 4743/2232/3779 4745/2234/3781 4746/2235/3782
f 4745/2234/3781 4747/2236/3783 4746/2235/3782
f 4745/2234/3781 4748/2237/3783 4747/2236/3783
f 4749/2238/3886 4750/2240/3887 4751/2239/3888
f 4749/2238/3886 4751/2239/3888 4752/2241/3889
f 4752/2241/3889 4751/2239/3888 4753/2242/3890
f 4753/2242/3890 4751/2239/3888 4754/2243/3891
f 4753/2242/3890 4754/2243/3891 4755/2244/3892
f 4755/2244/3892 4754/2243/3891 4756/2245/3893
f 4755/2244/3892 4756/2245/3893 4757/2246/3894
f 4757/2246/3894 4756/2245/3893 4758/2247/3895
f 4757/2246/3894 4758/2247/3895 4759/2248/3895
f 4759/2248/3895 4758/2247/3895 4760/2249/3896
f 4759/2248/3895 4760/2249/3896 4761/2250/3896
f 4762/2241/3897 4764/2238/3898 4763/2240/3899
f 4762/2241/3897 4763/2240/3899 4765/2239/3900
f 4766/2251/3901 4762/2241/3897 4765/2239/3900
f 4767/2244/3902 4766/2251/3901 4765/2239/3900
f 4767/2244/3902 4765/2239/3900 4768/2252/3903
f 4769/2253/3904 4767/2244/3902 4768/2252/3903
f 4769/2253/3904 4768/2252/3903 4770/2245/3905
f 4771/2254/3906 4769/2253/3904 4770/2245/3905
f 4771/2254/3906 4770/2245/3905 4772/2247/3906
f 4773/2255/3907 4771/2254/3906 4772/2247/3906
f 4773/2255/3907 4772/2247/3906 4774/2256/3908
f 4775/2237/100 4776/2257/100 4777/2258/100
f 4775/2237/100 4777/2258/100 4778/2236/100
f 4779/2259/3909 4781/2260/3910 4780/2261/3810
f 4779/2259/3909 4782/2262/3811 4781/2260/3910
f 4779/2259/3812 4783/2263/3812 4782/2262/3812
f 4779/2259/3812 4784/2264/3812 4783/2263/3812
f 4784/2264/3813 4785/2265/3814 4783/2263/3815
f 4784/2264/3813 4786/2266/3911 4785/2265/3814
f 4786/2266/3911 4787/2267/3912 4785/2265/3814
f 4786/2266/3911 4788/2268/3818 4787/2267/3912
f 4788/2268/3818 4789/2258/3913 4787/2267/3912
f 4788/2268/3818 4790/2257/3914 4789/2258/3913
f 4791/2269/3772 4792/2261/3772 4793/2260/3772
f 4791/2269/3772 4794/2270/3772 4792/2261/3772
f 4794/2270/3915 4791/2269/3916 4795/2271/3915
f 4794/2270/3915 4795/2271/3915 4796/2272/3915
f 4796/2272/3838 4795/2271/3839 4797/2273/3840
f 4796/2272/3838 4797/2273/3840 4798/2274/3841
f 4798/2274/3842 4797/2273/3842 4799/2275/3843
f 4798/2274/3842 4799/2275/3843 4800/2276/3844
f 4799/2275/3843 4801/2277/3845 4800/2276/3844
f 4799/2275/3843 4802/2278/3846 4801/2277/3845
f 4801/2277/3845 4802/2278/3846 4803/2279/3847
f 4801/2277/3845 4803/2279/3847 4804/2280/3847
f 4805/2281/3917 4806/2239/3918 4807/2282/3919
f 4805/2281/3917 4808/2283/3920 4806/2239/3918
f 4808/2283/3920 4809/2242/3921 4806/2239/3918
f 4809/2242/3921 4810/2252/3922 4806/2239/3918
f 4809/2242/3921 4811/2244/3923 4810/2252/3922
f 4811/2244/3923 4812/2245/3924 4810/2252/3922
f 4811/2244/3923 4813/2246/3925 4812/2245/3924
f 4813/2246/3925 4814/2247/3926 4812/2245/3924
f 4813/2246/3925 4815/2248/3926 4814/2247/3926
f 4815/2248/3926 4816/2284/3927 4814/2247/3926
f 4815/2248/3926 4817/2285/3927 4816/2284/3927
f 4818/2283/3928 4820/2286/3929 4819/2281/3898
f 4818/2283/3928 4821/2287/3930 4820/2286/3929
f 4822/2251/3931 4821/2287/3930 4818/2283/3928
f 4823/2244/3932 4821/2287/3930 4822/2251/3931
f 4823/2244/3932 4824/2288/3933 4821/2287/3930
f 4825/2246/3934 4824/2288/3933 4823/2244/3932
f 4825/2246/3934 4826/2289/3935 4824/2288/3933
f 4827/2290/3936 4826/2289/3935 4825/2246/3934
f 4827/2290/3936 4828/2291/3936 4826/2289/3935
f 4829/2285/3937 4828/2291/3936 4827/2290/3936
f 4829/2285/3937 4830/2284/3938 4828/2291/3936
f 4831/2280/131 4832/2279/131 4833/2292/131
f 4831/2280/131 4833/2292/131 4834/2293/131
f 4835/2294/3939 4837/2295/3872 4836/2225/3940
f 4835/2294/3939 4836/2225/3940 4838/2296/3874
f 4835/2294/3875 4838/2296/3875 4839/2297/3875
f 4835/2294/3875 4839/2297/3875 4840/2298/3875
f 4840/2298/3876 4839/2297/3877 4841/2299/3878
f 4840/2298/3876 4841/2299/3878 4842/2300/3941
f 4842/2300/3941 4841/2299/3878 4843/2301/3942
f 4842/2300/3941 4843/2301/3942 4844/2302/3881
f 4844/2302/3881 4843/2301/3942 4845/2292/3943
f 4844/2302/3881 4845/2292/3943 4846/2293/3944
f 4847/2303/100 4849/185/100 4848/2304/100
f 4847/2303/100 4850/186/100 4849/185/100
f 4851/184/100 4849/185/100 4850/186/100
f 4851/184/100 4852/187/100 4849/185/100
f 4853/2305/100 4852/187/100 4851/184/100
f 4853/2305/100 4854/2306/100 4852/187/100
f 4855/2307/100 4854/2306/100 4853/2305/100
f 4855/2307/100 4856/2308/100 4854/2306/100
f 4857/2309/131 4859/2310/131 4858/189/131
f 4857/2309/131 4858/189/131 4860/190/131
f 4861/188/131 4860/190/131 4858/189/131
f 4861/188/131 4862/191/131 4860/190/131
f 4863/192/131 4862/191/131 4861/188/131
f 4863/192/131 4864/193/131 4862/191/131
f 4865/194/131 4864/193/131 4863/192/131
f 4865/194/131 4863/192/131 4866/195/131
f 4867/2311/3945 4869/2312/3945 4868/2313/3945
f 4867/2311/3945 4868/2313/3945 4870/2314/3945
f 4871/2315/3946 4867/2311/3946 4870/2314/3946
f 4871/2315/3946 4870/2314/3946 4872/2316/3946
f 4873/2312/3947 4875/2317/3947 4874/2313/3947
f 4873/2312/3947 4876/2318/3947 4875/2317/3947
f 4877/2319/3948 4875/2317/3949 4876/2318/3949
f 4877/2319/3948 4878/2320/3948 4875/2317/3949
f 4879/2321/3950 4878/2320/3948 4877/2319/3948
f 4879/2321/3950 4880/2322/3950 4878/2320/3948
f 4879/2321/3951 4881/2323/3951 4880/2322/3951
f 4879/2321/3951 4882/2324/3951 4881/2323/3951
f 4882/2324/3952 4883/2325/3952 4881/2323/3952
f 4882/2324/3952 4884/2326/3952 4883/2325/3952
f 4884/2326/3953 4885/2327/3953 4883/2325/3953
f 4884/2326/3953 4886/2328/3953 4885/2327/3953
f 4887/2327/3954 4889/2328/3954 4888/2329/3955
f 4887/2327/3954 4888/2329/3955 4890/2330/3955
f 4890/2330/3955 4888/2329/3955 4891/2315/3956
f 4890/2330/3955 4891/2315/3956 4892/2316/3956
f 4893/2331/3957 4895/2332/3957 4894/2333/3957
f 4893/2331/3957 4894/2333/3957 4896/2334/3957
f 4896/2334/3958 4894/2333/3958 4897/2335/3958
f 4896/2334/3958 4897/2335/3958 4898/2336/3958
f 4898/2336/3959 4897/2335/3959 4899/2337/3959
f 4898/2336/3959 4899/2337/3959 4900/2338/3959
f 4901/210/3960 4903/205/3961 4902/204/3962
f 4901/210/3960 4904/211/3963 4903/205/3961
f 4905/204/3964 4906/206/3965 4907/205/3966
f 4905/204/3964 4908/207/3967 4906/206/3965
f 4908/207/100 4909/208/100 4906/206/100
f 4908/207/100 4910/209/100 4909/208/100
f 4911/210/3968 4913/205/3969 4912/204/3970
f 4911/210/3968 4914/211/3971 4913/205/3969
f 4915/204/3972 4916/206/3973 4917/205/3974
f 4915/204/3972 4918/207/3975 4916/206/3973
f 4918/207/100 4919/208/100 4916/206/100
f 4918/207/100 4920/209/100 4919/208/100
f 4921/2339/3976 4923/2340/3977 4922/2341/3978
f 4921/2339/3976 4922/2341/3978 4924/2342/3979
f 4924/2342/3980 4922/2341/3981 4925/2343/3982
f 4924/2342/3980 4925/2343/3982 4926/2344/3983
f 4926/2344/3984 4925/2343/3985 4927/2345/3986
f 4926/2344/3984 4927/2345/3986 4928/2346/3987
f 4929/2339/3988 4931/2340/3989 4930/2341/3989
f 4929/2339/3988 4930/2341/3989 4932/2342/3990
f 4932/2342/3991 4930/2341/3992 4933/2343/3993
f 4932/2342/3991 4933/2343/3993 4934/2344/3994
f 4934/2344/3995 4933/2343/3996 4935/2345/3997
f 4934/2344/3995 4935/2345/3997 4936/2346/3998
f 4937/2332/3999 4939/2334/3999 4938/2331/3999
f 4937/2332/3999 4940/2333/3999 4939/2334/3999
f 4940/2333/4000 4941/2336/4001 4939/2334/4001
f 4940/2333/4000 4942/2335/4000 4941/2336/4001
f 4942/2335/4002 4943/2338/4002 4941/2336/4002
f 4942/2335/4002 4944/2337/4002 4943/2338/4002
f 4945/209/3965 4947/214/3964 4946/208/3967
f 4945/209/3965 4948/212/3966 4947/214/3964
f 4949/212/3961 4950/214/3962 4951/213/3960
f 4949/212/3961 4951/213/3960 4952/215/3963
f 4952/215/131 4951/213/131 4953/211/131
f 4952/215/131 4953/211/131 4954/210/131
f 4955/209/3965 4957/214/3964 4956/208/3967
f 4955/209/3965 4958/212/3966 4957/214/3964
f 4959/212/3961 4960/214/4003 4961/213/3960
f 4959/212/3961 4961/213/3960 4962/215/3963
f 4962/215/131 4961/213/131 4963/211/131
f 4962/215/131 4963/211/131 4964/210/131
f 4965/2347/4004 4967/2348/4005 4966/213/4005
f 4965/2347/4004 4968/2349/4006 4967/2348/4005
f 4968/2349/4007 4969/2350/4008 4967/2348/4009
f 4968/2349/4007 4970/2351/4010 4969/2350/4008
f 4970/2351/4011 4971/2352/4012 4969/2350/4013
f 4970/2351/4011 4972/2353/4014 4971/2352/4012
f 4973/2354/4015 4974/2355/4015 4975/2356/4015
f 4973/2354/4015 4975/2356/4015 4976/2357/4015
f 4977/2357/131 4979/2358/131 4978/2359/131
f 4977/2357/131 4980/2360/131 4979/2358/131
f 4981/2356/4016 4982/2361/4016 4983/2362/4016
f 4981/2356/4016 4983/2362/4016 4984/2357/4016
f 4985/2358/100 4987/2357/100 4986/2360/100
f 4985/2358/100 4988/2359/100 4987/2357/100
f 4989/2356/4015 4991/2354/4015 4990/2357/4015
f 4989/2356/4015 4992/2363/4015 4991/2354/4015
f 4993/2354/4015 4994/2355/4015 4995/2356/4015
f 4993/2354/4015 4995/2356/4015 4996/2357/4015
f 4997/2357/131 4999/2364/131 4998/2359/131
f 4997/2357/131 5000/2354/131 4999/2364/131
f 5001/2365/4016 5002/2361/4016 5003/2362/4016
f 5001/2365/4016 5003/2362/4016 5004/2366/4016
f 5005/2364/4017 5007/2357/4017 5006/2360/4017
f 5005/2364/4017 5008/2359/4017 5007/2357/4017
f 5009/2356/4015 5011/2354/4015 5010/2357/4015
f 5009/2356/4015 5012/2363/4015 5011/2354/4015
f 5013/2354/4015 5014/2355/4015 5015/2356/4015
f 5013/2354/4015 5015/2356/4015 5016/2357/4015
f 5017/2357/131 5019/2358/131 5018/2359/131
f 5017/2357/131 5020/2360/131 5019/2358/131
f 5021/2365/4018 5022/2361/4018 5023/2362/4018
f 5021/2365/4018 5023/2362/4018 5024/2366/4018
f 5025/2358/4019 5027/2357/4020 5026/2360/4021
f 5025/2358/4019 5028/2359/4017 5027/2357/4020
f 5029/2356/4015 5031/2354/4015 5030/2357/4015
f 5029/2356/4015 5032/2363/4015 5031/2354/4015
f 5033/2367/4022 5034/2368/4022 5035/2369/4022
f 5033/2367/4022 5035/2369/4022 5036/2370/4022
f 5037/2371/131 5039/2367/131 5038/2372/131
f 5037/2371/131 5040/2373/131 5039/2367/131
f 5041/2374/4023 5042/2375/4023 5043/2376/4023
f 5041/2374/4023 5043/2376/4023 5044/2377/4023
f 5045/2378/100 5047/2379/100 5046/2368/100
f 5045/2378/100 5048/2380/100 5047/2379/100
f 5049/196/4024 5051/2381/4024 5050/200/4024
f 5049/196/4024 5050/200/4024 5052/202/4024
f 5053/199/4025 5049/196/4025 5052/202/4025
f 5053/199/4025 5052/202/4025 5054/2382/4025
f 5055/197/4026 5056/2383/4026 5057/203/4026
f 5055/197/4026 5057/203/4026 5058/198/4026
f 5058/198/4027 5057/203/4027 5059/201/4027
f 5058/198/4027 5059/201/4027 5060/2384/4027
f 5061/198/4028 5063/2383/4028 5062/197/4028
f 5061/198/4028 5064/203/4028 5063/2383/4028
f 5065/2384/4029 5064/203/4029 5061/198/4029
f 5065/2384/4029 5066/201/4029 5064/203/4029
f 5067/2381/4030 5068/202/4030 5069/200/4030
f 5067/2381/4030 5070/196/4030 5068/202/4030
f 5070/196/4031 5071/2382/4031 5068/202/4031
f 5070/196/4031 5072/199/4031 5071/2382/4031
f 5073/2339/4032 5075/2340/4033 5074/2341/4034
f 5073/2339/4032 5074/2341/4034 5076/2342/4035
f 5076/2342/4036 5074/2341/4037 5077/2343/4038
f 5076/2342/4036 5077/2343/4038 5078/2344/4039
f 5078/2344/4040 5077/2343/4041 5079/2345/4042
f 5078/2344/4040 5079/2345/4042 5080/2346/4043
f 5081/2307/131 5083/2308/131 5082/2306/131
f 5081/2307/131 5082/2306/131 5084/2305/131
f 5084/2305/131 5082/2306/131 5085/187/131
f 5084/2305/131 5085/187/131 5086/184/131
f 5087/2326/4044 5088/2325/4044 5089/2327/4044
f 5087/2326/4044 5089/2327/4044 5090/2328/4044
f 5091/2324/4045 5093/2326/4045 5092/2325/4045
f 5091/2324/4045 5092/2325/4045 5094/2323/4045
f 5095/2321/4046 5091/2324/4046 5094/2323/4046
f 5095/2321/4046 5094/2323/4046 5096/2322/4046
f 5095/2321/4047 5096/2322/4047 5097/2320/4048
f 5095/2321/4047 5097/2320/4048 5098/2319/4049
f 5099/2385/4050 5098/2319/4049 5097/2320/4048
f 5097/2320/4048 5100/2317/4050 5099/2385/4050
f 5099/2385/4050 5101/2386/4050 5098/2319/4049
f 5101/2386/4050 5102/2318/4050 5098/2319/4049
f 5103/2327/4051 5105/2328/4051 5104/2329/4052
f 5103/2327/4051 5104/2329/4052 5106/2330/4052
f 5106/2330/4052 5104/2329/4052 5107/2315/4053
f 5106/2330/4052 5107/2315/4053 5108/2316/4053
f 5109/2331/4054 5111/2332/4054 5110/2333/4054
f 5109/2331/4054 5110/2333/4054 5112/2334/4054
f 5112/2334/4055 5110/2333/4055 5113/2335/4055
f 5112/2334/4055 5113/2335/4055 5114/2336/4055
f 5114/2336/4056 5113/2335/4056 5115/2337/4056
f 5114/2336/4056 5115/2337/4056 5116/2338/4056
f 5117/210/4057 5119/211/4058 5118/205/4059
f 5117/210/4057 5118/205/4059 5120/204/4060
f 5120/204/4061 5118/205/4062 5121/206/4063
f 5120/204/4061 5121/206/4063 5122/207/4064
f 5122/207/100 5121/206/100 5123/208/100
f 5122/207/100 5123/208/100 5124/209/100
f 5125/210/4065 5127/211/4066 5126/205/4067
f 5125/210/4065 5126/205/4067 5128/204/4068
f 5128/204/4069 5126/205/4070 5129/206/4071
f 5128/204/4069 5129/206/4071 5130/207/4072
f 5130/207/100 5129/206/100 5131/208/100
f 5130/207/100 5131/208/100 5132/209/100
f 5133/2339/4073 5135/2340/4074 5134/2341/4075
f 5133/2339/4073 5134/2341/4075 5136/2342/4076
f 5136/2342/4077 5134/2341/4078 5137/2343/4079
f 5136/2342/4077 5137/2343/4079 5138/2344/4080
f 5138/2344/4081 5137/2343/4082 5139/2345/4082
f 5138/2344/4081 5139/2345/4082 5140/2346/4081
f 5141/2339/4083 5143/2340/4084 5142/2341/4085
f 5141/2339/4083 5142/2341/4085 5144/2342/4086
f 5144/2342/4087 5142/2341/4088 5145/2343/4089
f 5144/2342/4087 5145/2343/4089 5146/2344/4090
f 5146/2344/4091 5145/2343/4092 5147/2345/4092
f 5146/2344/4091 5147/2345/4092 5148/2346/4091
f 5149/2332/4093 5151/2334/4093 5150/2331/4093
f 5149/2332/4093 5152/2333/4093 5151/2334/4093
f 5152/2333/4094 5153/2336/4094 5151/2334/4094
f 5152/2333/4094 5154/2335/4094 5153/2336/4094
f 5154/2335/4095 5155/2338/4096 5153/2336/4096
f 5154/2335/4095 5156/2337/4095 5155/2338/4096
f 5157/209/4097 5159/214/4098 5158/208/4099
f 5157/209/4097 5160/212/4100 5159/214/4098
f 5160/212/4101 5161/213/4102 5159/214/4103
f 5160/212/4101 5162/215/4104 5161/213/4102
f 5162/215/131 5163/211/131 5161/213/131
f 5162/215/131 5164/210/131 5163/211/131
f 5165/209/4105 5167/214/4106 5166/208/4107
f 5165/209/4105 5168/212/4108 5167/214/4106
f 5168/212/4109 5169/213/4110 5167/214/4111
f 5168/212/4109 5170/215/4112 5169/213/4110
f 5170/215/131 5171/211/131 5169/213/131
f 5170/215/131 5172/210/131 5171/211/131
f 5173/2347/4113 5175/2348/4114 5174/213/4115
f 5173/2347/4113 5176/2349/4116 5175/2348/4114
f 5176/2349/4117 5177/2350/4118 5175/2348/4118
f 5176/2349/4117 5178/2351/4119 5177/2350/4118
f 5178/2351/4120 5179/2352/4121 5177/2350/4121
f 5178/2351/4120 5180/2353/4122 5179/2352/4121
f 5181/196/4123 5183/2381/4123 5182/200/4123
f 5181/196/4123 5182/200/4123 5184/202/4123
f 5185/199/4124 5181/196/4124 5184/202/4124
f 5185/199/4124 5184/202/4124 5186/2382/4124
f 5187/197/4125 5189/203/4125 5188/2383/4125
f 5187/197/4125 5190/198/4125 5189/203/4125
f 5190/198/4126 5191/201/4126 5189/203/4126
f 5190/198/4126 5192/2384/4126 5191/201/4126
f 5193/2339/4127 5195/2340/4128 5194/2341/4128
f 5193/2339/4127 5194/2341/4128 5196/2342/4127
f 5196/2342/4129 5194/2341/4130 5197/2343/4131
f 5196/2342/4129 5197/2343/4131 5198/2344/4132
f 5198/2344/4133 5197/2343/4134 5199/2345/4135
f 5198/2344/4133 5199/2345/4135 5200/2346/4136
f 5201/196/4137 5202/200/4137 5203/2381/4137
f 5201/196/4137 5204/202/4137 5202/200/4137
f 5205/199/4138 5204/202/4138 5201/196/4138
f 5205/199/4138 5206/2382/4138 5204/202/4138
f 5207/197/4139 5209/203/4139 5208/2383/4139
f 5207/197/4139 5210/198/4139 5209/203/4139
f 5210/198/4140 5211/201/4140 5209/203/4140
f 5210/198/4140 5212/2384/4140 5211/201/4140
f 5213/196/4123 5215/2381/4123 5214/200/4123
f 5213/196/4123 5214/200/4123 5216/202/4123
f 5217/199/4124 5213/196/4124 5216/202/4124
f 5217/199/4124 5216/202/4124 5218/2382/4124
f 5219/197/4125 5221/203/4125 5220/2383/4125
f 5219/197/4125 5222/198/4125 5221/203/4125
f 5222/198/4126 5223/201/4126 5221/203/4126
f 5222/198/4126 5224/2384/4126 5223/201/4126
f 5225/2387/4141 5227/2388/4141 5226/2389/4141
f 5225/2387/4141 5226/2389/4141 5228/2390/4141
f 5225/2387/4142 5228/2390/4142 5229/2391/4143
f 5225/2387/4142 5229/2391/4143 5230/2392/4144
f 5230/2392/4144 5229/2391/4143 5231/2393/4145
f 5230/2392/4144 5231/2393/4145 5232/2394/4145
f 5233/2388/4146 5234/2389/4147 5235/2390/4148
f 5233/2388/4146 5235/2390/4148 5236/2387/4149
f 5237/2395/4150 5238/2396/4151 5239/2397/4152
f 5237/2395/4150 5239/2397/4152 5240/2398/4153
f 5240/2398/4153 5239/2397/4152 5241/2399/4154
f 5240/2398/4153 5241/2399/4154 5242/2400/4155
f 5243/2387/4141 5245/2389/4141 5244/2388/4141
f 5243/2387/4141 5246/2390/4141 5245/2389/4141
f 5243/2387/4142 5247/2391/4143 5246/2390/4142
f 5243/2387/4142 5248/2392/4156 5247/2391/4143
f 5248/2392/4156 5249/2393/4145 5247/2391/4143
f 5248/2392/4156 5250/2394/4145 5249/2393/4145
f 5251/2388/4157 5252/2387/4158 5253/2390/4148
f 5251/2388/4157 5253/2390/4148 5254/2389/4147
f 5255/2401/4159 5256/2391/4160 5257/2402/4161
f 5255/2401/4159 5258/2403/4162 5256/2391/4160
f 5258/2403/4162 5259/2404/4163 5256/2391/4160
f 5258/2403/4162 5260/2405/4164 5259/2404/4163
f 5261/2406/4165 5262/2401/4166 5263/2407/4167
f 5261/2406/4165 5263/2407/4167 5264/2408/4167
f 5265/2406/4168 5266/2401/4168 5267/2407/4169
f 5265/2406/4168 5267/2407/4169 5268/2408/4170
f 5269/209/4171 5270/208/4172 5271/214/4173
f 5269/209/4171 5271/214/4173 5272/212/4174
f 5273/209/4175 5275/214/4175 5274/208/4175
f 5273/209/4175 5276/212/4175 5275/214/4175
f 5276/212/4176 5277/213/4176 5275/214/4176
f 5276/212/4176 5278/215/4176 5277/213/4176
f 5278/215/131 5279/211/131 5277/213/131
f 5278/215/131 5280/210/131 5279/211/131
f 5281/2303/4177 5283/2304/4178 5282/185/4179
f 5281/2303/4177 5282/185/4179 5284/186/4180
f 5285/184/4181 5284/186/4180 5282/185/4179
f 5285/184/4181 5282/185/4179 5286/187/2407
f 5287/2305/4182 5285/184/4181 5286/187/2407
f 5287/2305/4182 5286/187/2407 5288/2306/4183
f 5289/2307/4184 5287/2305/4182 5288/2306/4183
f 5289/2307/4184 5288/2306/4183 5290/2308/4184
f 5291/2311/4185 5293/2409/4185 5292/2312/4185
f 5291/2311/4185 5294/2410/4185 5293/2409/4185
f 5295/2315/4186 5294/2410/4186 5291/2311/4186
f 5295/2315/4186 5296/2411/4186 5294/2410/4186
f 5297/2312/4187 5299/2409/4187 5298/2412/4187
f 5297/2312/4187 5298/2412/4187 5300/2318/4187
f 5301/2319/4188 5300/2318/4189 5298/2412/4190
f 5301/2319/4188 5298/2412/4190 5302/2413/4188
f 5303/2321/4191 5301/2319/4188 5302/2413/4188
f 5303/2321/4191 5302/2413/4188 5304/2414/4192
f 5303/2321/4193 5304/2414/4193 5305/2415/4193
f 5303/2321/4193 5305/2415/4193 5306/2324/4193
f 5306/2324/4194 5305/2415/4195 5307/2416/4196
f 5306/2324/4194 5307/2416/4196 5308/2326/4194
f 5308/2326/4197 5307/2416/4198 5309/2417/4199
f 5308/2326/4197 5309/2417/4199 5310/2328/4200
f 5311/2417/4201 5313/2329/4202 5312/2328/4201
f 5311/2417/4201 5314/2418/4202 5313/2329/4202
f 5314/2418/4202 5315/2315/4203 5313/2329/4202
f 5314/2418/4202 5316/2411/4203 5315/2315/4203
f 5317/210/4204 5319/205/4205 5318/211/4205
f 5317/210/4204 5320/204/4204 5319/205/4205
f 5320/204/4206 5321/206/4206 5319/205/4206
f 5320/204/4206 5322/207/4206 5321/206/4206
f 5322/207/4207 5323/208/4207 5321/206/4207
f 5322/207/4207 5324/209/4207 5323/208/4207
f 5325/210/4205 5327/205/4205 5326/211/4205
f 5325/210/4205 5328/204/4205 5327/205/4205
f 5328/204/4208 5329/206/4206 5327/205/4206
f 5328/204/4208 5330/207/4209 5329/206/4206
f 5330/207/4210 5331/208/4211 5329/206/4212
f 5330/207/4210 5332/209/4213 5331/208/4211
f 5333/210/4214 5335/205/4214 5334/211/4214
f 5333/210/4214 5336/204/4214 5335/205/4214
f 5336/204/4215 5337/206/4215 5335/205/4215
f 5336/204/4215 5338/207/4215 5337/206/4215
f 5338/207/4216 5339/208/4216 5337/206/4216
f 5338/207/4216 5340/209/4216 5339/208/4216
f 5341/210/4217 5343/205/4217 5342/211/4217
f 5341/210/4217 5344/204/4217 5343/205/4217
f 5344/204/4218 5345/206/4218 5343/205/4218
f 5344/204/4218 5346/207/4218 5345/206/4218
f 5346/207/4219 5347/208/4219 5345/206/4219
f 5346/207/4219 5348/209/4219 5347/208/4219
f 5349/2303/4220 5351/185/4221 5350/2304/4222
f 5349/2303/4220 5352/186/4223 5351/185/4221
f 5353/184/4181 5351/185/4221 5352/186/4223
f 5353/184/4181 5354/187/2407 5351/185/4221
f 5355/2305/4224 5354/187/2407 5353/184/4181
f 5355/2305/4224 5356/2306/4225 5354/187/2407
f 5357/2307/4226 5356/2306/4225 5355/2305/4224
f 5357/2307/4226 5358/2308/4226 5356/2306/4225
f 5359/2311/4227 5361/2312/4227 5360/2409/4227
f 5359/2311/4227 5360/2409/4227 5362/2410/4227
f 5363/2315/4228 5359/2311/4228 5362/2410/4228
f 5363/2315/4228 5362/2410/4228 5364/2411/4228
f 5365/2312/4229 5367/2412/4229 5366/2409/4229
f 5365/2312/4229 5368/2318/4229 5367/2412/4229
f 5369/2319/4230 5367/2412/4231 5368/2318/4232
f 5369/2319/4230 5370/2413/4230 5367/2412/4231
f 5371/2321/4233 5370/2413/4230 5369/2319/4230
f 5371/2321/4233 5372/2414/4234 5370/2413/4230
f 5371/2321/4235 5373/2415/4235 5372/2414/4235
f 5371/2321/4235 5374/2324/4235 5373/2415/4235
f 5374/2324/4236 5375/2416/4237 5373/2415/4238
f 5374/2324/4236 5376/2326/4236 5375/2416/4237
f 5376/2326/4239 5377/2417/4240 5375/2416/4241
f 5376/2326/4239 5378/2328/4242 5377/2417/4240
f 5379/2417/4243 5381/2328/4243 5380/2329/4244
f 5379/2417/4243 5380/2329/4244 5382/2418/4244
f 5382/2418/4244 5380/2329/4244 5383/2315/4245
f 5382/2418/4244 5383/2315/4245 5384/2411/4245
f 5385/210/4246 5387/211/4247 5386/205/4247
f 5385/210/4246 5386/205/4247 5388/204/4246
f 5388/204/4248 5386/205/4248 5389/206/4248
f 5388/204/4248 5389/206/4248 5390/207/4248
f 5390/207/4249 5389/206/4249 5391/208/4249
f 5390/207/4249 5391/208/4249 5392/209/4249
f 5393/210/4247 5395/211/4247 5394/205/4247
f 5393/210/4247 5394/205/4247 5396/204/4247
f 5396/204/4250 5394/205/4248 5397/206/4248
f 5396/204/4250 5397/206/4248 5398/207/4251
f 5398/207/4252 5397/206/4253 5399/208/4254
f 5398/207/4252 5399/208/4254 5400/209/4255
f 5401/210/4256 5403/211/4256 5402/205/4256
f 5401/210/4256 5402/205/4256 5404/204/4256
f 5404/204/4257 5402/205/4257 5405/206/4257
f 5404/204/4257 5405/206/4257 5406/207/4257
f 5406/207/4258 5405/206/4258 5407/208/4258
f 5406/207/4258 5407/208/4258 5408/209/4258
f 5409/210/4259 5411/211/4259 5410/205/4259
f 5409/210/4259 5410/205/4259 5412/204/4259
f 5412/204/4260 5410/205/4260 5413/206/4260
f 5412/204/4260 5413/206/4260 5414/207/4260
f 5414/207/4261 5413/206/4261 5415/208/4261
f 5414/207/4261 5415/208/4261 5416/209/4261
f 5417/2419/4262 5418/2420/4263 5419/2421/4263
f 5420/2422/4264 5417/2419/4262 5419/2421/4263
f 5421/2423/4265 5417/2419/4262 5420/2422/4264
f 5422/2424/4266 5421/2423/4265 5420/2422/4264
f 5423/2425/4267 5421/2423/4265 5422/2424/4266
f 5424/2426/4268 5423/2425/4267 5422/2424/4266
f 5424/2426/4268 5425/2427/4269 5423/2425/4267
f 5424/2426/4268 5426/2428/4270 5425/2427/4269
f 5425/2427/4269 5426/2428/4270 5427/2429/4271
f 5425/2427/4269 5427/2429/4271 5428/2430/4272
f 5428/2430/4273 5427/2429/4274 5429/2431/4275
f 5427/2429/4274 5430/2432/4276 5429/2431/4275
f 5430/2432/4276 5431/2433/4277 5429/2431/4275
f 5431/2433/4277 5432/2434/4278 5429/2431/4275
f 5431/2433/4277 5433/2435/4279 5432/2434/4278
f 5433/2435/4279 5434/2436/4280 5432/2434/4278
f 5434/2436/4280 5433/2435/4279 5435/2437/4281
f 5433/2435/4279 5436/2438/4282 5435/2437/4281
f 5435/2437/4281 5436/2438/4282 5437/2439/4283
f 5436/2438/4282 5438/2440/4284 5437/2439/4283
f 5438/2440/4284 5439/2441/4285 5437/2439/4283
f 5439/2441/4285 5440/2442/4286 5437/2439/4283
f 5441/2443/4287 5442/2444/4287 5443/2445/4288
f 5442/2444/4287 5444/2446/4289 5443/2445/4288
f 5443/2445/4288 5444/2446/4289 5445/2447/4290
f 5444/2446/4289 5446/2448/4291 5445/2447/4290
f 5445/2447/4290 5446/2448/4291 5447/2449/4292
f 5446/2448/4291 5448/2450/4293 5447/2449/4292
f 5447/2449/4292 5448/2450/4293 5449/2451/4294
f 5448/2450/4293 5450/2452/4295 5449/2451/4294
f 5449/2451/4294 5450/2452/4295 5451/2453/4296
f 5450/2452/4295 5452/2454/4297 5451/2453/4296
f 5451/2453/4296 5452/2454/4297 5453/2455/4298
f 5452/2454/4297 5454/2456/4299 5453/2455/4298
f 5453/2455/4298 5454/2456/4299 5455/2457/4300
f 5454/2456/4299 5456/2458/4301 5455/2457/4300
f 5455/2457/4300 5456/2458/4301 5457/2435/4302
f 5456/2458/4301 5458/2436/4303 5457/2435/4302
f 5457/2435/4302 5458/2436/4303 5459/2459/4304
f 5458/2436/4303 5460/2460/4305 5459/2459/4304
f 5459/2459/4304 5460/2460/4305 5461/2461/4306
f 5460/2460/4305 5462/2462/4307 5461/2461/4306
f 5461/2461/4306 5462/2462/4307 5463/2463/4308
f 5462/2462/4307 5464/2464/4309 5463/2463/4308
f 5463/2463/4308 5464/2464/4309 5465/2465/4310
f 5466/2466/4311 5463/2463/4308 5465/2465/4310
f 5466/2466/4312 5465/2465/4312 5467/2442/4312
f 5468/2441/4312 5466/2466/4312 5467/2442/4312
f 5469/752/4313 5471/753/4314 5470/2467/4315
f 5470/2467/4315 5471/753/4314 5472/2468/4316
f 5470/2467/4315 5472/2468/4316 5473/799/4317
f 5473/799/4317 5472/2468/4316 5474/800/4318
f 5472/2468/4316 5471/753/4314 5475/2469/4319
f 5472/2468/4316 5475/2469/4319 5476/2470/4320
f 5472/2468/4316 5476/2470/4320 5477/2471/4321
f 5477/2471/4321 5474/800/4318 5472/2468/4316
f 5471/753/4314 5478/2472/4322 5475/2469/4319
f 5477/2471/4321 5479/2473/4323 5474/800/4318
f 5474/800/4318 5479/2473/4323 5480/2474/4324
f 5474/800/4318 5480/2474/4324 5481/2475/4325
f 5471/753/4314 5482/2476/4326 5478/2472/4322
f 5471/753/4314 5483/2477/4327 5482/2476/4326
f 5471/753/4314 5484/2478/4328 5483/2477/4327
f 5485/754/4329 5484/2478/4328 5471/753/4314
f 5485/754/4329 5486/2479/4330 5484/2478/4328
f 5485/754/4329 5487/756/4331 5486/2479/4330
f 5486/2479/4330 5487/756/4331 5488/2480/4332
f 5488/2480/4332 5487/756/4331 5489/758/4333
f 5488/2480/4332 5489/758/4333 5490/2481/4334
f 5474/800/4318 5481/2475/4325 5491/810/4335
f 5491/810/4335 5481/2475/4325 5492/2482/4336
f 5492/2482/4336 5493/2483/4337 5491/810/4335
f 5491/810/4335 5493/2483/4337 5494/813/4338
f 5490/2481/4334 5489/758/4333 5495/760/4339
f 5493/2483/4337 5496/2484/4340 5494/813/4338
f 5494/813/4338 5496/2484/4340 5497/815/4341
f 5496/2484/4340 5498/818/4342 5497/815/4341
f 5496/2484/4340 5499/2485/4343 5498/818/4342
f 5490/2481/4334 5495/760/4339 5500/2486/4344
f 5498/818/4342 5499/2485/4343 5501/2487/4345
f 5502/2488/4346 5500/2486/4344 5495/760/4339
f 5498/818/4342 5501/2487/4345 5503/2489/4347
f 5503/2489/4347 5504/2490/4348 5498/818/4342
f 5502/2488/4346 5495/760/4339 5505/2491/4349
f 5504/2490/4348 5506/2492/4350 5498/818/4342
f 5506/2492/4350 5505/2491/4349 5507/2493/4351
f 5507/2493/4351 5505/2491/4349 5495/760/4339
f 5498/818/4342 5506/2492/4350 5507/2493/4351
f 5507/2493/4351 5495/760/4339 5508/2494/4352
f 5507/2493/4351 5508/2494/4352 5498/818/4342
f 5508/2494/4352 5495/760/4339 5509/763/4353
f 5498/818/4342 5508/2494/4352 5510/824/4354
f 5509/763/4353 5511/744/2793 5508/2494/4352
f 5508/2494/4352 5512/2495/4355 5510/824/4354
f 5508/2494/4352 5511/744/2793 5512/2495/4355
f 5511/744/2793 5513/543/2791 5512/2495/4355
f 5510/824/4354 5512/2495/4355 5514/827/4356
f 5512/2495/4355 5513/543/2791 5515/545/4357
f 5512/2495/4355 5515/545/4357 5514/827/4356
f 5514/827/4356 5515/545/4357 5516/546/4358
f 5517/2496/4359 5518/2497/4360 5519/2498/4359
f 5518/2497/4360 5520/2499/4361 5519/2498/4359
f 5518/2497/4360 5521/2500/4015 5520/2499/4361
f 5521/2500/4015 5522/2501/4015 5520/2499/4361
f 5521/2500/4015 5523/2502/4362 5522/2501/4015
f 5523/2502/4362 5524/2503/4363 5522/2501/4015
f 5523/2502/4362 5525/2504/83 5524/2503/4363
f 5525/2504/83 5526/2505/83 5524/2503/4363
f 5525/2504/83 5527/2506/83 5526/2505/83
f 5527/2506/83 5528/2507/83 5526/2505/83
f 5527/2506/83 5529/2508/4362 5528/2507/83
f 5529/2508/4362 5530/2509/4364 5528/2507/83
f 5529/2508/4362 5531/2510/4365 5530/2509/4364
f 5531/2510/4365 5532/2511/4366 5530/2509/4364
f 5531/2510/4365 5533/2512/4367 5532/2511/4366
f 5533/2512/4367 5534/2513/4367 5532/2511/4366
f 5535/2419/4368 5536/2421/4369 5537/2420/4263
f 5538/2422/4370 5536/2421/4369 5535/2419/4368
f 5539/2423/4371 5538/2422/4370 5535/2419/4368
f 5540/2424/4372 5538/2422/4370 5539/2423/4371
f 5541/2425/4373 5540/2424/4372 5539/2423/4371
f 5542/2426/4374 5540/2424/4372 5541/2425/4373
f 5542/2426/4374 5541/2425/4373 5543/2427/4375
f 5542/2426/4374 5543/2427/4375 5544/2428/4376
f 5543/2427/4375 5545/2429/4377 5544/2428/4376
f 5543/2427/4375 5546/2430/4378 5545/2429/4377
f 5546/2430/4379 5547/2431/4380 5545/2429/4381
f 5545/2429/4381 5547/2431/4380 5548/2432/4382
f 5548/2432/4382 5547/2431/4380 5549/2433/4383
f 5549/2433/4383 5547/2431/4380 5550/2434/4384
f 5549/2433/4383 5550/2434/4384 5551/2435/4385
f 5551/2435/4385 5550/2434/4384 5552/2436/4386
f 5552/2436/4386 5553/2437/4387 5551/2435/4385
f 5551/2435/4385 5553/2437/4387 5554/2438/4388
f 5553/2437/4387 5555/2439/4389 5554/2438/4388
f 5554/2438/4388 5555/2439/4389 5556/2440/4390
f 5556/2440/4390 5555/2439/4389 5557/2442/4391
f 5558/2443/4392 5559/2445/4393 5560/2444/4394
f 5560/2444/4394 5559/2445/4393 5561/2446/4395
f 5559/2445/4393 5562/2447/4396 5561/2446/4395
f 5561/2446/4395 5562/2447/4396 5563/2448/4397
f 5562/2447/4396 5564/2449/4398 5563/2448/4397
f 5563/2448/4397 5564/2449/4398 5565/2450/4399
f 5564/2449/4398 5566/2451/4400 5565/2450/4399
f 5565/2450/4399 5566/2451/4400 5567/2452/4400
f 5566/2451/4400 5568/2453/4401 5567/2452/4400
f 5567/2452/4400 5568/2453/4401 5569/2454/3900
f 5568/2453/4401 5570/2455/4402 5569/2454/3900
f 5569/2454/3900 5570/2455/4402 5571/2456/4403
f 5570/2455/4402 5572/2457/4404 5571/2456/4403
f 5571/2456/4403 5572/2457/4404 5573/2458/4405
f 5572/2457/4404 5574/2435/4406 5573/2458/4405
f 5573/2458/4405 5574/2435/4406 5575/2436/4407
f 5574/2435/4406 5576/2459/4408 5575/2436/4407
f 5575/2436/4407 5576/2459/4408 5577/2460/4409
f 5576/2459/4408 5578/2461/4410 5577/2460/4409
f 5577/2460/4409 5578/2461/4410 5579/2462/4411
f 5578/2461/4410 5580/2463/4412 5579/2462/4411
f 5579/2462/4411 5580/2463/4412 5581/2464/4413
f 5580/2463/4412 5582/2465/4414 5581/2464/4413
f 5583/2466/4415 5582/2465/4414 5580/2463/4412
f 5583/2466/4416 5584/2442/4417 5582/2465/4418
f 5585/2441/4419 5584/2442/4417 5583/2466/4416
f 5586/752/4420 5588/2467/4421 5587/753/4422
f 5588/2467/4421 5589/2468/4423 5587/753/4422
f 5588/2467/4421 5590/799/4424 5589/2468/4423
f 5590/799/4424 5591/800/4425 5589/2468/4423
f 5589/2468/4423 5592/2469/4426 5587/753/4422
f 5589/2468/4423 5593/2470/4427 5592/2469/4426
f 5589/2468/4423 5594/2471/4428 5593/2470/4427
f 5594/2471/4428 5589/2468/4423 5591/800/4425
f 5587/753/4422 5592/2469/4426 5595/2472/4429
f 5594/2471/4428 5591/800/4425 5596/2473/4430
f 5591/800/4425 5597/2474/4431 5596/2473/4430
f 5591/800/4425 5598/2475/4432 5597/2474/4431
f 5587/753/4422 5595/2472/4429 5599/2476/4433
f 5587/753/4422 5599/2476/4433 5600/2477/4434
f 5587/753/4422 5600/2477/4434 5601/2478/4435
f 5602/754/4436 5587/753/4422 5601/2478/4435
f 5602/754/4436 5601/2478/4435 5603/2479/4437
f 5602/754/4436 5603/2479/4437 5604/756/4438
f 5603/2479/4437 5605/2480/4439 5604/756/4438
f 5605/2480/4439 5606/758/4440 5604/756/4438
f 5605/2480/4439 5607/2481/4441 5606/758/4440
f 5591/800/4425 5608/810/4442 5598/2475/4432
f 5608/810/4442 5609/2482/4443 5598/2475/4432
f 5609/2482/4443 5608/810/4442 5610/2483/4444
f 5608/810/4442 5611/813/4445 5610/2483/4444
f 5607/2481/4441 5612/760/4446 5606/758/4440
f 5610/2483/4444 5611/813/4445 5613/2484/4447
f 5611/813/4445 5614/815/4448 5613/2484/4447
f 5613/2484/4447 5614/815/4448 5615/818/4449
f 5613/2484/4447 5615/818/4449 5616/2485/4450
f 5607/2481/4441 5617/2486/4451 5612/760/4446
f 5615/818/4449 5618/2487/4452 5616/2485/4450
f 5619/2488/4453 5612/760/4446 5617/2486/4451
f 5615/818/4449 5620/2489/4454 5618/2487/4452
f 5620/2489/4454 5615/818/4449 5621/2490/4455
f 5619/2488/4453 5622/2491/4456 5612/760/4446
f 5621/2490/4455 5615/818/4449 5623/2492/4457
f 5623/2492/4457 5624/2493/4458 5622/2491/4456
f 5624/2493/4458 5612/760/4446 5622/2491/4456
f 5615/818/4449 5624/2493/4458 5623/2492/4457
f 5624/2493/4458 5625/2494/4459 5612/760/4446
f 5624/2493/4458 5615/818/4449 5625/2494/4459
f 5625/2494/4459 5626/763/4460 5612/760/4446
f 5615/818/4449 5627/824/4461 5625/2494/4459
f 5626/763/4460 5625/2494/4459 5628/744/4462
f 5625/2494/4459 5627/824/4461 5629/2495/4463
f 5625/2494/4459 5629/2495/4463 5628/744/4462
f 5628/744/4462 5629/2495/4463 5630/543/4464
f 5627/824/4461 5631/827/4465 5629/2495/4463
f 5629/2495/4463 5632/545/4466 5630/543/4464
f 5629/2495/4463 5631/827/4465 5632/545/4466
f 5631/827/4465 5633/546/4467 5632/545/4466
f 5634/2496/4468 5635/2498/4469 5636/2497/4470
f 5636/2497/4470 5635/2498/4469 5637/2499/4361
f 5636/2497/4470 5637/2499/4361 5638/2500/4471
f 5638/2500/4471 5637/2499/4361 5639/2501/4472
f 5638/2500/4471 5639/2501/4472 5640/2502/4473
f 5640/2502/4473 5639/2501/4472 5641/2503/4474
f 5640/2502/4473 5641/2503/4474 5642/2504/4475
f 5642/2504/4475 5641/2503/4474 5643/2505/83
f 5642/2504/4475 5643/2505/83 5644/2506/2085
f 5644/2506/2085 5643/2505/83 5645/2507/2085
f 5644/2506/2085 5645/2507/2085 5646/2508/4476
f 5646/2508/4476 5645/2507/2085 5647/2509/4476
f 5646/2508/4476 5647/2509/4476 5648/2510/4477
f 5648/2510/4477 5647/2509/4476 5649/2511/4477
f 5648/2510/4477 5649/2511/4477 5650/2512/4478
f 5650/2512/4478 5649/2511/4477 5651/2513/4479
f 5652/221/4480 5654/217/4480 5653/216/4480
f 5652/221/4480 5655/218/4480 5654/217/4480
f 5656/220/4481 5657/217/4481 5658/216/4481
f 5656/220/4481 5658/216/4481 5659/219/4481
f 5660/219/4482 5661/216/4483 5662/217/4484
f 5660/219/4482 5662/217/4484 5663/220/4485
f 5664/218/4481 5666/216/4481 5665/217/4481
f 5664/218/4481 5667/221/4481 5666/216/4481
f 5668/221/4486 5670/217/4487 5669/216/4488
f 5668/221/4486 5671/218/4480 5670/217/4487
f 5672/220/4481 5673/217/4481 5674/216/4481
f 5672/220/4481 5674/216/4481 5675/219/4481
f 5676/219/4484 5677/216/4485 5678/217/4482
f 5676/219/4484 5678/217/4482 5679/220/4483
f 5680/218/4481 5682/216/4481 5681/217/4481
f 5680/218/4481 5683/221/4481 5682/216/4481
f 5684/221/4489 5686/217/4489 5685/218/4489
f 5684/221/4489 5687/216/4489 5686/217/4489
f 5688/220/4490 5689/219/4490 5690/216/4490
f 5688/220/4490 5690/216/4490 5691/217/4490
f 5692/219/4491 5693/220/4492 5694/217/4493
f 5692/219/4491 5694/217/4493 5695/216/4494
f 5696/218/4490 5698/216/4490 5697/221/4490
f 5696/218/4490 5699/217/4490 5698/216/4490
f 5700/221/4495 5702/217/4496 5701/218/4489
f 5700/221/4495 5703/216/4497 5702/217/4496
f 5704/220/4490 5705/219/4490 5706/216/4490
f 5704/220/4490 5706/216/4490 5707/217/4490
f 5708/219/4493 5709/220/4494 5710/217/4491
f 5708/219/4493 5710/217/4491 5711/216/4492
f 5712/218/4490 5714/216/4490 5713/221/4490
f 5712/218/4490 5715/217/4490 5714/216/4490
f 5716/2514/4498 5717/2515/4498 5718/2516/4498
f 5716/2514/4498 5718/2516/4498 5719/2517/4498
f 5720/2518/4499 5722/2519/4499 5721/2520/4499
f 5720/2518/4499 5723/2521/4499 5722/2519/4499
f 5724/2522/4500 5726/2523/4500 5725/2524/4500
f 5724/2522/4500 5727/2525/4500 5726/2523/4500
f 5728/2526/4501 5730/2527/4501 5729/2528/4501
f 5728/2526/4501 5731/2529/4501 5730/2527/4501
f 5732/2530/4502 5733/2531/4502 5734/2532/4502
f 5732/2530/4502 5734/2532/4502 5735/2533/4502
f 5736/2534/4503 5738/2535/4504 5737/2536/4505
f 5736/2534/4503 5739/2537/4506 5738/2535/4504
f 5740/2538/4507 5738/2535/4507 5739/2537/4507
f 5740/2538/4507 5739/2537/4507 5741/2539/4507
f 5742/2540/4508 5740/2538/4509 5741/2539/4510
f 5742/2540/4508 5741/2539/4510 5743/2541/4511
f 5744/2542/4512 5741/2539/4512 5739/2537/4512
f 5744/2542/4512 5739/2537/4512 5745/2543/4512
f 5746/2544/100 5747/2545/100 5748/2546/100
f 5748/2546/100 5747/2545/100 5749/2547/100
f 5748/2546/100 5749/2547/100 5750/2548/100
f 5751/2549/100 5753/2550/100 5752/2551/100
f 5753/2550/100 5751/2549/100 5754/2552/100
f 5754/2552/100 5751/2549/100 5755/2553/100
f 5756/2544/100 5757/2545/100 5758/2546/100
f 5758/2546/100 5757/2545/100 5759/2547/100
f 5758/2546/100 5759/2547/100 5760/2548/100
f 5761/2549/100 5763/2550/100 5762/2551/100
f 5763/2550/100 5761/2549/100 5764/2552/100
f 5764/2552/100 5761/2549/100 5765/2553/100
f 5766/2554/4513 5767/2555/4514 5768/2556/4515
f 5766/2554/4513 5768/2556/4515 5769/2557/4516
f 5770/2558/4517 5772/2559/4518 5771/2560/4518
f 5770/2558/4517 5773/2561/4517 5772/2559/4518
f 5774/2562/100 5775/2563/100 5776/2564/100
f 5776/2564/100 5777/2565/100 5774/2562/100
f 5776/2564/100 5778/2566/100 5777/2565/100
f 5776/2564/100 5779/2567/100 5778/2566/100
f 5779/2567/100 5776/2564/100 5780/2568/100
f 5781/2569/100 5783/2570/100 5782/2571/100
f 5784/2572/100 5783/2570/100 5781/2569/100
f 5785/2573/100 5783/2570/100 5784/2572/100
f 5786/2574/100 5783/2570/100 5785/2573/100
f 5783/2570/100 5786/2574/100 5787/2575/100
f 5788/2576/4519 5789/2577/4519 5790/2578/4519
f 5788/2576/4519 5790/2578/4519 5791/2579/4519
f 5792/2579/4520 5794/235/4521 5793/234/4522
f 5792/2579/4520 5795/238/4523 5794/235/4521
f 5796/2580/100 5797/2581/100 5798/2582/100
f 5796/2580/100 5798/2582/100 5799/2583/100
f 5800/2580/4524 5801/2584/4524 5802/2585/4524
f 5800/2580/4524 5802/2585/4524 5803/2583/4524
f 5804/2581/100 5806/2586/100 5805/2580/100
f 5804/2581/100 5807/2587/100 5806/2586/100
f 5808/2588/4525 5810/2589/4525 5809/2590/4525
f 5808/2588/4525 5811/2591/4525 5810/2589/4525
f 5812/2580/100 5813/2581/100 5814/2582/100
f 5812/2580/100 5814/2582/100 5815/2583/100
f 5816/2580/4524 5817/2584/4524 5818/2585/4524
f 5816/2580/4524 5818/2585/4524 5819/2583/4524
f 5820/2581/100 5822/2586/100 5821/2580/100
f 5820/2581/100 5823/2587/100 5822/2586/100
f 5824/2588/4525 5826/2589/4525 5825/2590/4525
f 5824/2588/4525 5827/2591/4525 5826/2589/4525
f 5828/2592/4526 5830/2593/4527 5829/2594/4527
f 5828/2592/4526 5831/2595/4526 5830/2593/4527
f 5831/2595/4528 5832/2596/4528 5830/2593/4528
f 5831/2595/4528 5833/2597/4528 5832/2596/4528
f 5834/2598/4529 5832/2596/4529 5833/2597/4529
f 5834/2598/4529 5833/2597/4529 5835/2599/4529
f 5836/2592/4526 5838/2593/4526 5837/2594/4526
f 5836/2592/4526 5839/2595/4526 5838/2593/4526
f 5839/2595/4528 5840/2596/4528 5838/2593/4528
f 5839/2595/4528 5841/2597/4528 5840/2596/4528
f 5842/2598/4530 5840/2596/4530 5841/2597/4530
f 5842/2598/4530 5841/2597/4530 5843/2599/4530
f 5844/2600/4531 5846/2601/4532 5845/2602/4533
f 5844/2600/4531 5847/2603/4531 5846/2601/4532
f 5847/2603/4534 5848/2604/4534 5846/2601/4534
f 5847/2603/4534 5849/2605/4534 5848/2604/4534
f 5850/2606/4535 5848/2604/4535 5849/2605/4536
f 5850/2606/4535 5849/2605/4536 5851/2607/4536
f 5852/2600/4537 5854/2601/4538 5853/2602/4538
f 5852/2600/4537 5855/2603/4532 5854/2601/4538
f 5855/2603/4534 5856/2604/4534 5854/2601/4534
f 5855/2603/4534 5857/2605/4534 5856/2604/4534
f 5858/2606/4539 5856/2604/4539 5857/2605/4540
f 5858/2606/4539 5857/2605/4540 5859/2607/4540
f 5860/2608/4541 5861/2609/4541 5862/2610/4541
f 5860/2608/4541 5863/2611/4541 5861/2609/4541
f 5863/2611/4542 5860/2608/4542 5864/2612/4542
f 5863/2611/4542 5864/2612/4542 5865/2613/4542
f 5866/2614/4543 5868/2615/4543 5867/2610/4543
f 5866/2614/4543 5869/2616/4543 5868/2615/4543
f 5870/244/4544 5871/2617/4545 5872/2618/4546
f 5870/244/4544 5872/2618/4546 5873/243/4547
f 5874/2617/4548 5875/244/4549 5876/245/4550
f 5874/2617/4548 5876/245/4550 5877/2619/4551
f 5878/2620/4552 5880/2621/4552 5879/2622/4552
f 5878/2620/4552 5881/2623/4552 5880/2621/4552
f 5882/248/4553 5883/2624/4554 5884/2621/4555
f 5882/248/4553 5884/2621/4555 5885/246/4556
f 5886/2624/4557 5887/248/4549 5888/247/4558
f 5886/2624/4557 5888/247/4558 5889/2622/4559
f 5890/2625/4552 5892/2618/4552 5891/2626/4552
f 5890/2625/4552 5893/2627/4552 5892/2618/4552
f 5894/2628/4560 5895/2629/4560 5896/2630/4560
f 5894/2628/4560 5896/2630/4560 5897/2631/4560
f 5898/2632/4561 5899/2628/4561 5900/2631/4561
f 5898/2632/4561 5900/2631/4561 5901/2633/4561
f 5902/2634/4560 5904/2635/4560 5903/2636/4560
f 5902/2634/4560 5905/2637/4560 5904/2635/4560
f 5906/2638/100 5908/2639/100 5907/2640/100
f 5906/2638/100 5909/2641/100 5908/2639/100
f 5910/2642/100 5911/2643/100 5912/2644/100
f 5910/2642/100 5912/2644/100 5913/2645/100
f 5914/2646/4562 5915/2647/4562 5916/2648/4562
f 5914/2646/4562 5916/2648/4562 5917/2649/4562
f 5918/2648/4563 5920/2650/4563 5919/2647/4563
f 5918/2648/4563 5921/2651/4563 5920/2650/4563
f 5922/251/4564 5924/2652/4565 5923/249/4566
f 5922/251/4564 5925/2653/4567 5924/2652/4565
f 5926/2654/4568 5927/2655/4568 5928/2656/4568
f 5926/2654/4569 5928/2656/4569 5929/254/4569
f 5930/2656/4570 5932/254/4570 5931/2657/4570
f 5931/2657/4571 5933/2658/4571 5930/2656/4571
f 5934/2514/4498 5935/2517/4498 5936/2516/4498
f 5934/2514/4498 5936/2516/4498 5937/2515/4498
f 5938/2518/4499 5940/2519/4499 5939/2521/4499
f 5938/2518/4499 5941/2520/4499 5940/2519/4499
f 5942/2522/4500 5944/2523/4500 5943/2525/4500
f 5942/2522/4500 5945/2524/4500 5944/2523/4500
f 5946/2526/4501 5948/2527/4501 5947/2529/4501
f 5946/2526/4501 5949/2528/4501 5948/2527/4501
f 5950/2530/4502 5951/2533/4502 5952/2532/4502
f 5950/2530/4502 5952/2532/4502 5953/2531/4502
f 5954/2534/4572 5956/2536/4573 5955/2535/4574
f 5954/2534/4572 5955/2535/4574 5957/2537/4575
f 5958/2538/4507 5957/2537/4507 5955/2535/4507
f 5958/2538/4507 5959/2539/4507 5957/2537/4507
f 5960/2540/4576 5959/2539/4577 5958/2538/4578
f 5960/2540/4576 5961/2541/4579 5959/2539/4577
f 5962/2542/4512 5957/2537/4512 5959/2539/4512
f 5962/2542/4512 5963/2543/4512 5957/2537/4512
f 5964/2544/131 5965/2546/131 5966/2545/131
f 5965/2546/131 5967/2547/131 5966/2545/131
f 5965/2546/131 5968/2548/131 5967/2547/131
f 5969/2550/131 5971/2549/131 5970/2551/131
f 5971/2549/131 5969/2550/131 5972/2552/131
f 5971/2549/131 5972/2552/131 5973/2553/131
f 5974/2544/131 5975/2546/131 5976/2545/131
f 5975/2546/131 5977/2547/131 5976/2545/131
f 5975/2546/131 5978/2548/131 5977/2547/131
f 5979/2550/131 5981/2549/131 5980/2551/131
f 5981/2549/131 5979/2550/131 5982/2552/131
f 5981/2549/131 5982/2552/131 5983/2553/131
f 5984/2554/4580 5985/2557/4581 5986/2556/4582
f 5984/2554/4580 5986/2556/4582 5987/2555/4583
f 5988/2558/4584 5990/2559/4585 5989/2561/4584
f 5988/2558/4584 5991/2560/4585 5990/2559/4585
f 5992/2567/131 5993/2568/131 5994/2564/131
f 5995/2566/131 5992/2567/131 5994/2564/131
f 5996/2565/131 5995/2566/131 5994/2564/131
f 5997/2562/131 5996/2565/131 5994/2564/131
f 5994/2564/131 5998/2563/131 5997/2562/131
f 5999/2574/131 6001/2570/131 6000/2575/131
f 6001/2570/131 5999/2574/131 6002/2573/131
f 6001/2570/131 6002/2573/131 6003/2572/131
f 6001/2570/131 6003/2572/131 6004/2569/131
f 6004/2569/131 6005/2571/131 6001/2570/131
f 6006/2576/4519 6007/2579/4519 6008/2578/4519
f 6006/2576/4519 6008/2578/4519 6009/2577/4519
f 6010/2579/4586 6012/235/4587 6011/238/4588
f 6010/2579/4586 6013/234/4589 6012/235/4587
f 6014/2580/131 6015/2583/131 6016/2582/131
f 6014/2580/131 6016/2582/131 6017/2581/131
f 6018/2580/4524 6019/2583/4524 6020/2585/4524
f 6018/2580/4524 6020/2585/4524 6021/2584/4524
f 6022/2581/131 6024/2586/131 6023/2587/131
f 6022/2581/131 6025/2580/131 6024/2586/131
f 6026/2588/4525 6028/2589/4525 6027/2591/4525
f 6026/2588/4525 6029/2590/4525 6028/2589/4525
f 6030/2580/131 6031/2583/131 6032/2582/131
f 6030/2580/131 6032/2582/131 6033/2581/131
f 6034/2580/4524 6035/2583/4524 6036/2585/4524
f 6034/2580/4524 6036/2585/4524 6037/2584/4524
f 6038/2581/131 6040/2586/131 6039/2587/131
f 6038/2581/131 6041/2580/131 6040/2586/131
f 6042/2588/4525 6044/2589/4525 6043/2591/4525
f 6042/2588/4525 6045/2590/4525 6044/2589/4525
f 6046/2592/4529 6048/2594/4590 6047/2593/4590
f 6046/2592/4529 6047/2593/4590 6049/2595/4529
f 6049/2595/4528 6047/2593/4528 6050/2596/4528
f 6049/2595/4528 6050/2596/4528 6051/2597/4528
f 6052/2598/4526 6051/2597/4526 6050/2596/4526
f 6052/2598/4526 6053/2599/4526 6051/2597/4526
f 6054/2592/4529 6056/2594/4529 6055/2593/4529
f 6054/2592/4529 6055/2593/4529 6057/2595/4529
f 6057/2595/4528 6055/2593/4528 6058/2596/4528
f 6057/2595/4528 6058/2596/4528 6059/2597/4528
f 6060/2598/4591 6059/2597/4591 6058/2596/4591
f 6060/2598/4591 6061/2599/4591 6059/2597/4591
f 6062/2600/4592 6064/2602/4593 6063/2601/4535
f 6062/2600/4592 6063/2601/4535 6065/2603/4592
f 6065/2603/4534 6063/2601/4534 6066/2604/4534
f 6065/2603/4534 6066/2604/4534 6067/2605/4534
f 6068/2606/4532 6067/2605/4594 6066/2604/4532
f 6068/2606/4532 6069/2607/4594 6067/2605/4594
f 6070/2600/4595 6072/2602/4596 6071/2601/4596
f 6070/2600/4595 6071/2601/4596 6073/2603/4535
f 6073/2603/4534 6071/2601/4534 6074/2604/4534
f 6073/2603/4534 6074/2604/4534 6075/2605/4534
f 6076/2606/4597 6075/2605/4598 6074/2604/4597
f 6076/2606/4597 6077/2607/4598 6075/2605/4598
f 6078/2608/4541 6079/2610/4541 6080/2609/4541
f 6078/2608/4541 6080/2609/4541 6081/2611/4541
f 6081/2611/4542 6082/2612/4542 6078/2608/4542
f 6081/2611/4542 6083/2613/4542 6082/2612/4542
f 6084/2614/4543 6086/2615/4543 6085/2616/4543
f 6084/2614/4543 6087/2610/4543 6086/2615/4543
f 6088/244/4599 6089/243/4600 6090/2618/4601
f 6088/244/4599 6090/2618/4601 6091/2617/4602
f 6092/2617/4603 6093/2619/4604 6094/245/4605
f 6092/2617/4603 6094/245/4605 6095/244/4606
f 6096/2620/4552 6098/2621/4552 6097/2623/4552
f 6096/2620/4552 6099/2622/4552 6098/2621/4552
f 6100/248/4607 6101/246/4608 6102/2621/4609
f 6100/248/4607 6102/2621/4609 6103/2624/4610
f 6104/2624/4611 6105/2622/4612 6106/247/4613
f 6104/2624/4611 6106/247/4613 6107/248/4606
f 6108/2625/4552 6110/2618/4552 6109/2627/4552
f 6108/2625/4552 6111/2626/4552 6110/2618/4552
f 6112/2628/4560 6113/2631/4560 6114/2630/4560
f 6112/2628/4560 6114/2630/4560 6115/2629/4560
f 6116/2632/4561 6117/2633/4561 6118/2631/4561
f 6116/2632/4561 6118/2631/4561 6119/2628/4561
f 6120/2634/4560 6122/2635/4560 6121/2637/4560
f 6120/2634/4560 6123/2636/4560 6122/2635/4560
f 6124/2638/131 6126/2639/131 6125/2641/131
f 6124/2638/131 6127/2640/131 6126/2639/131
f 6128/2642/131 6129/2645/131 6130/2644/131
f 6128/2642/131 6130/2644/131 6131/2643/131
f 6132/2646/4562 6133/2649/4562 6134/2648/4562
f 6132/2646/4562 6134/2648/4562 6135/2647/4562
f 6136/2648/4563 6138/2650/4563 6137/2651/4563
f 6136/2648/4563 6139/2647/4563 6138/2650/4563
f 6140/251/4614 6142/2652/4615 6141/2653/4567
f 6140/251/4614 6143/249/4616 6142/2652/4615
f 6144/2654/4617 6145/254/4617 6146/2656/4617
f 6144/2654/4618 6146/2656/4618 6147/2655/4618
f 6148/2656/4619 6150/2657/4619 6149/254/4619
f 6150/2657/4571 6148/2656/4571 6151/2658/4571
f 6152/2659/1179 6154/2660/2313 6153/2661/4620
f 6152/2659/1179 6155/2662/2448 6154/2660/2313
f 6156/2662/2419 6158/2663/2314 6157/2660/1674
f 6156/2662/2419 6159/2664/4620 6158/2663/2314
f 6160/2665/4621 6162/2666/4622 6161/2667/4623
f 6162/2666/4622 6163/2668/4624 6161/2667/4623
f 6161/2667/4623 6163/2668/4624 6164/2669/4625
f 6162/2666/4622 6165/2670/4626 6163/2668/4624
f 6166/260/4627 6165/2670/4626 6162/2666/4622
f 6167/258/4628 6165/2670/4626 6166/260/4627
f 6163/2668/4629 6168/2671/4630 6164/2669/4631
f 6164/2669/4631 6168/2671/4630 6169/2672/4632
f 6165/2670/4633 6170/2673/4634 6163/2668/4629
f 6163/2668/4629 6170/2673/4634 6168/2671/4630
f 6171/258/4635 6170/2673/4634 6165/2670/4633
f 6168/2671/4630 6172/2674/4636 6169/2672/4632
f 6168/2671/4630 6170/2673/4634 6172/2674/4636
f 6169/2672/4632 6172/2674/4636 6173/2675/4637
f 6170/2673/4634 6174/2676/4638 6172/2674/4636
f 6171/258/4635 6174/2676/4638 6170/2673/4634
f 6172/2674/4636 6175/2677/4639 6173/2675/4637
f 6172/2674/4636 6174/2676/4638 6175/2677/4639
f 6173/2675/4637 6175/2677/4639 6176/2678/4640
f 6174/2676/4638 6177/2679/4641 6175/2677/4639
f 6171/258/4635 6177/2679/4641 6174/2676/4638
f 6175/2677/4639 6178/2680/4642 6176/2678/4640
f 6175/2677/4639 6177/2679/4641 6178/2680/4642
f 6176/2678/4640 6178/2680/4642 6179/2681/4643
f 6178/2680/4644 6177/2679/4645 6180/2682/4646
f 6178/2680/4644 6180/2682/4646 6179/2681/4647
f 6171/258/4648 6181/2683/4649 6177/2679/4645
f 6177/2679/4645 6181/2683/4649 6180/2682/4646
f 6180/2682/4646 6181/2683/4649 6182/2684/4650
f 6179/2681/4647 6180/2682/4646 6183/2685/4651
f 6180/2682/4646 6182/2684/4650 6183/2685/4651
f 6183/2685/4651 6182/2684/4650 6184/2686/4652
f 6179/2681/4647 6183/2685/4651 6185/2687/4653
f 6183/2685/4651 6184/2686/4652 6186/2688/4654
f 6185/2687/4653 6183/2685/4651 6186/2688/4654
f 6186/2688/4654 6184/2686/4652 6187/2689/4655
f 6185/2687/4653 6186/2688/4654 6188/2690/4656
f 6188/2690/4656 6189/2691/4657 6185/2687/4653
f 6188/2690/4656 6190/2692/4658 6189/2691/4657
f 6186/2688/4654 6187/2689/4655 6191/2693/4659
f 6188/2690/4656 6186/2688/4654 6191/2693/4659
f 6190/2692/4658 6188/2690/4656 6191/2693/4659
f 6191/2693/4659 6187/2689/4655 6192/2694/4660
f 6190/2692/4658 6191/2693/4659 6193/2695/4661
f 6192/2694/4660 6193/2695/4661 6191/2693/4659
f 6192/2694/4660 6194/2696/4662 6193/2695/4661
f 6195/2697/4663 6197/2698/4664 6196/2699/4665
f 6196/2699/4665 6197/2698/4664 6198/2700/4666
f 6196/2699/4665 6198/2700/4666 6199/530/4667
f 6199/530/4667 6198/2700/4666 6200/528/4667
f 6198/2700/4668 6197/2698/4669 6201/2701/4670
f 6198/2700/4668 6201/2701/4670 6200/528/4671
f 6197/2698/4669 6202/2702/4672 6201/2701/4670
f 6200/528/4671 6201/2701/4670 6203/525/4673
f 6201/2701/4670 6202/2702/4672 6204/2703/4674
f 6201/2701/4670 6204/2703/4674 6203/525/4675
f 6203/525/4675 6204/2703/4674 6205/526/4675
f 6206/2697/4676 6208/2699/4677 6207/2698/4678
f 6207/2698/4678 6208/2699/4677 6209/2700/4679
f 6208/2699/4677 6210/530/4680 6209/2700/4679
f 6209/2700/4679 6210/530/4680 6211/528/4680
f 6207/2698/4681 6209/2700/4682 6212/2701/4683
f 6209/2700/4682 6211/528/4684 6212/2701/4683
f 6207/2698/4681 6212/2701/4683 6213/2702/4685
f 6212/2701/4683 6211/528/4684 6214/525/4686
f 6213/2702/4685 6212/2701/4683 6215/2703/4687
f 6212/2701/4683 6214/525/4688 6215/2703/4687
f 6215/2703/4687 6214/525/4688 6216/526/4688
f 6217/291/4689 6219/2704/4689 6218/2705/4689
f 6220/2706/4689 6219/2704/4689 6217/291/4689
f 6221/2707/4690 6220/2706/4690 6217/291/4690
f 6220/2706/4691 6222/2708/4691 6219/2704/4691
f 6223/2709/4691 6222/2708/4691 6220/2706/4691
f 6224/2707/4692 6223/2709/4692 6220/2706/4692
f 6223/2709/4693 6225/2710/4694 6222/2708/4695
f 6226/2711/4696 6225/2710/4694 6223/2709/4693
f 6226/2711/4697 6223/2709/4697 6227/2707/4697
f 6226/2711/4698 6228/2712/4699 6225/2710/4700
f 6229/2713/4701 6228/2712/4699 6226/2711/4698
f 6229/2713/4702 6226/2711/4702 6230/2707/4702
f 6229/2713/4703 6231/2714/4703 6228/2712/4703
f 6229/2713/4704 6232/2707/4704 6231/2714/4704
f 6228/2712/4703 6231/2714/4703 6233/2715/4703
f 6231/2714/4705 6234/2716/4706 6233/2715/4707
f 6231/2714/4708 6235/2707/4708 6234/2716/4708
f 6233/2715/4707 6234/2716/4706 6236/2717/4709
f 6234/2716/4710 6237/288/4711 6236/2717/4710
f 6234/2716/4712 6238/2707/4712 6237/288/4712
f 6236/2717/4710 6237/288/4711 6239/2718/4713
f 6240/2719/4714 6242/296/4715 6241/2720/4716
f 6241/2720/4716 6242/296/4715 6243/2721/4717
f 6243/2721/4717 6242/296/4715 6244/2722/4718
f 6245/295/4719 6244/2722/4718 6242/296/4715
f 6241/2720/4716 6243/2721/4717 6246/2723/4720
f 6241/2720/4716 6246/2723/4720 6247/2724/4721
f 6247/2724/4721 6246/2723/4720 6248/2725/4722
f 6246/2723/4720 6249/2726/4723 6248/2725/4722
f 6250/297/4724 6249/2726/4723 6245/295/4725
f 6251/2727/4726 6249/2726/4723 6246/2723/4720
f 6245/295/4725 6249/2726/4723 6252/2728/4727
f 6251/2727/4726 6252/2728/4727 6249/2726/4723
f 6253/2729/100 6255/2730/4728 6254/2731/4729
f 6254/2731/4729 6255/2730/4728 6256/2732/4730
f 6254/2731/4729 6256/2732/4730 6257/2733/4731
f 6257/2733/4731 6256/2732/4730 6258/2734/4732
f 6257/2733/4731 6258/2734/4732 6259/2735/4733
f 6259/2735/4733 6258/2734/4732 6260/2736/4734
f 6261/278/4735 6263/2737/4735 6262/281/4735
f 6264/275/4736 6263/2737/4737 6261/278/4738
f 6265/2738/4739 6263/2737/4737 6264/275/4736
f 6266/273/4740 6265/2738/4741 6264/275/4742
f 6267/2739/4743 6265/2738/4741 6266/273/4740
f 6268/272/4744 6267/2739/4745 6266/273/4746
f 6269/2740/4747 6267/2739/4745 6268/272/4744
f 6269/2740/4748 6268/272/4749 6270/2741/4750
f 6270/2741/4750 6268/272/4749 6271/266/4751
f 6270/2741/4752 6271/266/4753 6272/2742/4754
f 6272/2742/4754 6271/266/4753 6273/262/4755
f 6273/262/4756 6274/264/4756 6272/2742/4756
f 6275/264/4757 6276/2743/4758 6277/263/4759
f 6276/2743/4758 6278/2744/4760 6277/263/4759
f 6279/2745/100 6281/2746/4761 6280/2747/4762
f 6282/2748/4763 6280/2747/4762 6281/2746/4761
f 6283/2749/4764 6280/2747/4762 6282/2748/4763
f 6283/2749/4764 6282/2748/4763 6284/2750/4765
f 6285/2751/1174 6287/2752/4766 6286/2753/4767
f 6285/2751/1174 6286/2753/4767 6288/2754/4768
f 6289/2755/4769 6285/2751/1174 6288/2754/4768
f 6290/2756/4770 6285/2751/1174 6289/2755/4769
f 6290/2756/4770 6289/2755/4769 6291/2757/4771
f 6290/2756/4770 6291/2757/4771 6292/2758/4772
f 6293/2759/4773 6294/2760/4773 6295/2761/4774
f 6296/2762/4775 6293/2759/4773 6295/2761/4774
f 6297/2763/4776 6293/2759/4776 6296/2762/4777
f 6298/2764/4777 6297/2763/4776 6296/2762/4777
f 6299/2765/4778 6297/2763/4779 6298/2764/4780
f 6300/2766/4781 6299/2765/4778 6298/2764/4780
f 6301/2756/4782 6299/2765/4778 6300/2766/4781
f 6302/2767/4783 6301/2756/4782 6300/2766/4781
f 6302/2767/4783 6303/2768/4784 6301/2756/4782
f 6303/2768/4784 6304/2758/4785 6301/2756/4782
f 6305/2761/4786 6307/2769/4787 6306/2760/4788
f 6306/2760/4788 6307/2769/4787 6308/2770/4789
f 6307/2769/4787 6309/2771/4790 6308/2770/4789
f 6310/2772/4791 6309/2771/4790 6307/2769/4787
f 6310/2772/4791 6311/2773/4792 6309/2771/4790
f 6312/2774/4793 6311/2773/4792 6310/2772/4791
f 6313/2751/4794 6315/2753/4795 6314/2752/4796
f 6313/2751/4794 6316/2754/4797 6315/2753/4795
f 6317/2755/4798 6316/2754/4797 6313/2751/4794
f 6318/2756/4799 6317/2755/4798 6313/2751/4794
f 6318/2756/4799 6319/2757/4800 6317/2755/4798
f 6318/2756/4799 6320/2758/4800 6319/2757/4800
f 6321/2759/4801 6322/2761/4802 6323/2760/4801
f 6324/2762/4803 6322/2761/4802 6321/2759/4801
f 6325/2763/4804 6324/2762/4805 6321/2759/4804
f 6326/2764/4805 6324/2762/4805 6325/2763/4804
f 6327/2765/4806 6326/2764/4807 6325/2763/4808
f 6328/2766/4809 6326/2764/4807 6327/2765/4806
f 6329/2756/4810 6328/2766/4809 6327/2765/4806
f 6330/2767/4811 6328/2766/4809 6329/2756/4810
f 6330/2767/4811 6329/2756/4810 6331/2768/4812
f 6331/2768/4812 6329/2756/4810 6332/2758/4813
f 6333/2761/4814 6335/2760/4815 6334/2769/4816
f 6335/2760/4815 6336/2770/4817 6334/2769/4816
f 6334/2769/4816 6336/2770/4817 6337/2771/4818
f 6338/2772/4819 6334/2769/4816 6337/2771/4818
f 6338/2772/4819 6337/2771/4818 6339/2773/4820
f 6340/2774/4821 6338/2772/4819 6339/2773/4820
f 6341/2775/4822 6343/2776/4822 6342/2777/4823
f 6342/2777/4823 6343/2776/4822 6344/2778/4824
f 6342/2777/4823 6344/2778/4824 6345/2779/4824
f 6345/2779/4824 6344/2778/4824 6346/2780/4825
f 6345/2779/4824 6346/2780/4825 6347/2781/4826
f 6347/2781/4826 6346/2780/4825 6348/2782/4827
f 6347/2781/4826 6348/2782/4827 6349/2783/131
f 6349/2783/131 6348/2782/4827 6350/2784/131
f 6351/2785/4828 6353/2786/4829 6352/287/4830
f 6354/2787/4831 6353/2786/4829 6351/2785/4828
f 6355/2788/4832 6354/2787/4831 6351/2785/4828
f 6356/2789/4833 6354/2787/4831 6355/2788/4832
f 6357/2790/4834 6356/2789/4835 6355/2788/4836
f 6358/2791/4837 6356/2789/4835 6357/2790/4834
f 6359/2792/4838 6358/2791/4839 6357/2790/4838
f 6360/2793/4840 6358/2791/4839 6359/2792/4838
f 6360/2793/4841 6359/2792/4842 6361/2794/4843
f 6361/2794/4843 6359/2792/4842 6362/2795/4844
f 6361/2794/4845 6362/2795/4846 6363/2796/4846
f 6363/2796/4846 6362/2795/4846 6364/2797/4846
f 6363/2796/4847 6364/2797/4848 6365/2798/4849
f 6365/2798/4849 6364/2797/4848 6366/2799/4850
f 6365/2798/4851 6366/2799/4852 6367/2800/4853
f 6367/2800/4853 6366/2799/4852 6368/2801/4854
f 6367/2800/4853 6368/2801/4854 6369/2802/4855
f 6369/2802/4855 6368/2801/4854 6370/290/4855
f 6371/2803/4856 6369/2802/4857 6370/290/4858
f 6372/2804/4859 6369/2802/4857 6371/2803/4856
f 6373/2805/4860 6375/2806/4861 6374/2807/4862
f 6374/2807/4862 6375/2806/4861 6376/2808/4863
f 6375/2806/4864 6377/2809/4864 6376/2808/4864
f 6374/2807/4865 6376/2808/4866 6378/2810/4867
f 6378/2810/4867 6376/2808/4866 6379/2811/4868
f 6380/2812/4869 6379/2811/4868 6376/2808/4866
f 6381/2813/4870 6378/2810/4871 6379/2811/4872
f 6382/2814/4873 6381/2813/4870 6379/2811/4872
f 6383/2815/4874 6378/2810/4871 6381/2813/4870
f 6384/2816/4875 6383/2815/4876 6381/2813/4877
f 6385/2817/4878 6383/2815/4876 6384/2816/4875
f 6384/2816/4879 6381/2813/4879 6386/2818/4879
f 6387/2819/4880 6389/2820/4881 6388/2821/4882
f 6387/2819/4880 6390/2726/4883 6389/2820/4881
f 6391/2822/4884 6393/2823/4885 6392/2824/4886
f 6391/2822/4884 6394/2825/4887 6393/2823/4885
f 6394/2825/4887 6395/2826/4888 6393/2823/4885
f 6394/2825/4887 6391/2822/4884 6396/2827/4889
f 6397/2828/4890 6395/2826/4888 6394/2825/4887
f 6396/2827/4889 6397/2828/4890 6394/2825/4887
f 6397/2828/4890 6398/2829/4891 6395/2826/4888
f 6399/2830/4892 6398/2829/4891 6397/2828/4890
f 6400/2831/4893 6399/2830/4892 6397/2828/4890
f 6401/2832/4894 6397/2828/4890 6396/2827/4889
f 6401/2832/4894 6400/2831/4893 6397/2828/4890
f 6402/2833/4895 6401/2832/4894 6396/2827/4889
f 6403/2834/4896 6400/2831/4893 6401/2832/4894
f 6404/2835/4897 6401/2832/4894 6402/2833/4895
f 6404/2835/4897 6403/2834/4896 6401/2832/4894
f 6405/2836/4898 6404/2835/4899 6402/2833/4900
f 6406/2837/4901 6404/2835/4899 6405/2836/4898
f 6407/2838/4902 6403/2834/4896 6404/2835/4897
f 6406/2837/4901 6407/2838/4903 6404/2835/4899
f 6408/2839/4904 6406/2837/4901 6405/2836/4898
f 6409/2840/4905 6407/2838/4903 6406/2837/4901
f 6410/2841/4906 6406/2837/4901 6408/2839/4904
f 6411/2842/4907 6409/2840/4905 6406/2837/4901
f 6406/2837/4901 6410/2841/4906 6412/2843/4908
f 6406/2837/4901 6412/2843/4908 6411/2842/4907
f 6413/2844/4909 6414/2845/4909 6415/2846/4910
f 6413/2844/4909 6415/2846/4910 6416/2847/4910
f 6416/2847/4910 6415/2846/4910 6417/2848/4911
f 6418/2849/4912 6413/2844/4913 6416/2847/4914
f 6416/2847/4910 6417/2848/4911 6419/2850/4911
f 6418/2849/4912 6416/2847/4914 6420/2851/4915
f 6420/2851/4915 6416/2847/4914 6419/2850/131
f 6420/2851/4915 6419/2850/131 6421/2852/131
f 6422/2853/4916 6418/2849/4916 6420/2851/4917
f 6422/2853/4916 6420/2851/4917 6423/2854/4917
f 6423/2854/4917 6420/2851/4917 6424/2855/4918
f 6423/2854/4917 6424/2855/4918 6425/2856/4918
f 6426/2844/4919 6428/2851/4920 6427/2849/4921
f 6426/2844/4919 6429/2847/4922 6428/2851/4920
f 6429/2847/4922 6430/2852/131 6428/2851/4920
f 6429/2847/4922 6431/2850/131 6430/2852/131
f 6432/2857/4923 6434/2850/4923 6433/2852/4923
f 6435/2858/4923 6432/2857/4923 6433/2852/4923
f 6436/2859/4924 6438/2860/4925 6437/2861/4924
f 6436/2859/4924 6439/2862/4926 6438/2860/4925
f 6440/2863/4927 6439/2862/4928 6436/2859/4927
f 6440/2863/4927 6441/2864/4929 6439/2862/4928
f 6439/2862/4928 6441/2864/4929 6442/2865/4930
f 6439/2862/4928 6442/2865/4930 6443/2866/4931
f 6438/2860/4925 6439/2862/4926 6443/2866/4932
f 6438/2860/4925 6443/2866/4932 6444/2867/4933
f 6444/2867/4933 6443/2866/4932 6445/2868/4934
f 6444/2867/4933 6445/2868/4934 6446/2869/4935
f 6447/2870/4936 6448/2871/4936 6449/2872/4937
f 6447/2870/4936 6449/2872/4937 6450/2873/4938
f 6451/2874/4939 6447/2870/4939 6450/2873/4940
f 6449/2872/4937 6452/2875/4941 6450/2873/4938
f 6451/2874/4939 6450/2873/4940 6453/2876/4942
f 6450/2873/4940 6454/2869/4943 6453/2876/4942
f 6450/2873/4944 6455/2875/4944 6456/2869/4944
f 6449/2872/4945 6457/2877/4946 6455/2875/4947
f 6458/2878/4948 6455/2875/4947 6457/2877/4946
f 6458/2878/4948 6457/2877/4946 6459/2879/4949
f 6460/2880/4950 6462/2881/4950 6461/2882/4950
f 6460/2880/4950 6463/2883/4950 6462/2881/4950
f 6462/2881/4951 6463/2883/4952 6464/2884/4953
f 6462/2881/4951 6464/2884/4953 6465/2885/4954
f 6466/2886/4955 6465/2885/4956 6464/2884/4956
f 6466/2886/4955 6467/2887/4955 6465/2885/4956
f 6468/2888/4957 6469/2889/4958 6460/2880/4959
f 6468/2888/4957 6470/2890/4960 6469/2889/4958
f 6471/2891/4961 6470/2890/4962 6468/2888/4963
f 6471/2891/4961 6472/2892/4964 6470/2890/4962
f 6473/2893/4965 6474/2894/4966 6475/2895/4967
f 6473/2893/4965 6475/2895/4967 6476/2896/4968
f 6473/2893/4969 6476/2896/4969 6477/2897/4969
f 6473/2893/4969 6477/2897/4969 6478/2898/4969
f 6477/2897/4970 6479/2887/4971 6478/2898/4972
f 6477/2897/4970 6480/2886/4973 6479/2887/4971
f 6481/2899/4974 6483/2900/4975 6482/2901/4976
f 6481/2899/4974 6482/2901/4976 6484/2902/4977
f 6485/2903/4978 6481/2899/4979 6484/2902/4980
f 6485/2903/4978 6484/2902/4980 6486/2904/4981
f 6482/2901/4982 6486/2904/4983 6487/2881/4984
f 6482/2901/4982 6487/2881/4984 6488/2905/4985
f 6484/2902/4986 6489/2866/4987 6488/2905/4988
f 6486/2904/4981 6490/2906/4989 6487/2881/4990
f 6486/2904/4981 6484/2902/4980 6490/2906/4989
f 6484/2902/4986 6488/2905/4988 6490/2906/4991
f 6491/2907/4992 6493/2908/4993 6492/2909/4994
f 6491/2907/4992 6494/2910/4995 6493/2908/4993
f 6495/2911/4996 6497/2912/4997 6496/2913/4996
f 6495/2911/4996 6498/2914/4997 6497/2912/4997
f 6499/2915/4998 6498/2914/4999 6495/2911/5000
f 6499/2915/4998 6500/2916/4999 6498/2914/4999
f 6501/2917/5001 6500/2916/5002 6499/2915/5003
f 6501/2917/5001 6502/2918/5004 6500/2916/5002
f 6503/2919/5005 6504/2920/5006 6505/2921/5007
f 6503/2919/5005 6505/2921/5007 6506/2922/5008
f 6507/2923/5009 6509/2924/5010 6508/2925/5011
f 6507/2923/5009 6510/2926/5012 6509/2924/5010
f 6511/2927/5013 6512/2928/5013 6513/2929/5013
f 6511/2927/5013 6513/2929/5013 6514/2930/5014
f 6515/2931/5015 6517/2932/5016 6516/2933/5017
f 6515/2931/5015 6518/2934/5018 6517/2932/5016
f 6519/2927/5013 6521/2929/5013 6520/2928/5019
f 6519/2927/5013 6522/2930/5020 6521/2929/5013
f 6523/2935/5021 6525/2936/5021 6524/2937/5021
f 6523/2935/5021 6526/2938/5021 6525/2936/5021
f 6527/2939/5022 6528/2940/5023 6529/2941/5024
f 6527/2939/5022 6529/2941/5024 6530/2942/5025
f 6531/2943/5026 6533/2944/5027 6532/2945/5026
f 6531/2943/5026 6534/2946/5027 6533/2944/5027
f 6535/2939/5028 6536/2940/5029 6537/2941/5030
f 6535/2939/5028 6537/2941/5030 6538/2942/5031
f 6539/2943/5032 6540/2945/5033 6541/2947/5034
f 6539/2943/5032 6541/2947/5034 6542/2948/5035
f 6543/2919/5036 6544/2920/5037 6545/2921/5038
f 6543/2919/5036 6545/2921/5038 6546/2922/5039
f 6547/2923/5040 6549/2924/5041 6548/2926/5042
f 6547/2923/5040 6550/2925/5043 6549/2924/5041
f 6551/2927/5044 6552/2930/5045 6553/2929/5044
f 6551/2927/5044 6553/2929/5044 6554/2928/5044
f 6555/2931/5046 6557/2932/5047 6556/2934/5048
f 6555/2931/5046 6558/2933/5049 6557/2932/5047
f 6559/2927/5044 6561/2929/5044 6560/2930/5050
f 6559/2927/5044 6562/2928/5051 6561/2929/5044
f 6563/2935/5052 6565/2936/5052 6564/2938/5052
f 6563/2935/5052 6566/2937/5052 6565/2936/5052
f 6567/2939/5053 6568/2942/5054 6569/2941/5055
f 6567/2939/5053 6569/2941/5055 6570/2940/5056
f 6571/2943/5057 6573/2944/5058 6572/2946/5059
f 6571/2943/5057 6574/2945/5057 6573/2944/5058
f 6575/2939/5060 6576/2942/5061 6577/2941/5062
f 6575/2939/5060 6577/2941/5062 6578/2940/5063
f 6579/2943/5064 6580/2948/5065 6581/2947/5066
f 6579/2943/5064 6581/2947/5066 6582/2945/5067
f 6583/2919/5068 6584/2922/5069 6585/2921/5070
f 6583/2919/5068 6585/2921/5070 6586/2920/5071
f 6587/2919/5072 6588/2922/5073 6589/2921/5074
f 6587/2919/5072 6589/2921/5074 6590/2920/5075
f 6167/258/5076 6592/2679/5077 6591/2683/5078
f 6591/2683/5078 6592/2679/5077 6593/2684/5079
f 6593/2684/5079 6592/2679/5077 6594/2682/5080
f 6593/2684/5079 6594/2682/5080 6595/2686/5081
f 6595/2686/5081 6594/2682/5080 6596/2685/5082
f 6595/2686/5081 6596/2685/5082 6597/2689/5083
f 6597/2689/5083 6596/2685/5082 6598/2688/5084
f 6597/2689/5083 6598/2688/5084 6599/2694/5085
f 6599/2694/5085 6598/2688/5084 6600/2949/5086
f 6600/2949/5086 6601/2696/5087 6599/2694/5085
f 6600/2949/5086 6602/2695/5088 6601/2696/5087
f 6603/2690/5089 6602/2695/5088 6600/2949/5086
f 6598/2688/5084 6603/2690/5089 6600/2949/5086
f 6603/2690/5089 6604/2692/5090 6602/2695/5088
f 6596/2685/5082 6605/2950/5091 6598/2688/5084
f 6603/2690/5089 6598/2688/5084 6605/2950/5091
f 6606/2691/5092 6604/2692/5090 6603/2690/5089
f 6606/2691/5092 6603/2690/5089 6605/2950/5091
f 6607/2951/5093 6604/2692/5090 6606/2691/5092
f 6607/2951/5093 6606/2691/5092 6608/2952/5094
f 6606/2691/5092 6605/2950/5091 6608/2952/5094
f 6609/2953/5095 6607/2951/5093 6608/2952/5094
f 6594/2682/5080 6610/2954/5096 6596/2685/5082
f 6610/2954/5096 6605/2950/5091 6596/2685/5082
f 6608/2952/5094 6605/2950/5091 6611/2955/5097
f 6608/2952/5094 6611/2955/5097 6609/2953/5095
f 6610/2954/5098 6611/2955/5097 6605/2950/5091
f 6612/2680/5099 6610/2954/5096 6594/2682/5080
f 6592/2679/5077 6612/2680/5099 6594/2682/5080
f 6612/2680/5100 6613/2678/5101 6610/2954/5098
f 6613/2678/5101 6611/2955/5097 6610/2954/5098
f 6614/2956/5102 6609/2953/5095 6611/2955/5097
f 6614/2956/5102 6615/2957/5103 6609/2953/5095
f 6592/2679/5104 6616/2677/5105 6612/2680/5100
f 6616/2677/5105 6613/2678/5101 6612/2680/5100
f 6617/2958/5106 6611/2955/5097 6613/2678/5101
f 6617/2958/5106 6614/2956/5102 6611/2955/5097
f 6616/2677/5105 6617/2958/5106 6613/2678/5101
f 6618/2959/5107 6615/2957/5103 6614/2956/5102
f 6618/2959/5108 6619/2960/5109 6615/2957/5110
f 6620/2676/5111 6616/2677/5105 6592/2679/5104
f 6171/258/5112 6620/2676/5111 6592/2679/5104
f 6621/2961/5113 6614/2956/5102 6617/2958/5106
f 6621/2961/5113 6618/2959/5107 6614/2956/5102
f 6622/2674/5114 6617/2958/5106 6616/2677/5105
f 6620/2676/5111 6622/2674/5114 6616/2677/5105
f 6622/2674/5114 6621/2961/5113 6617/2958/5106
f 6623/2962/5115 6619/2960/5109 6618/2959/5108
f 6623/2962/5115 6624/2963/5116 6619/2960/5109
f 6625/2964/5117 6624/2963/5116 6623/2962/5115
f 6171/258/5112 6626/2673/5118 6620/2676/5111
f 6626/2673/5118 6622/2674/5114 6620/2676/5111
f 6627/2669/5119 6618/2959/5107 6621/2961/5113
f 6627/2669/5120 6623/2962/5115 6618/2959/5108
f 6625/2964/5117 6623/2962/5115 6628/2667/5121
f 6628/2667/5121 6623/2962/5115 6627/2669/5120
f 6628/2667/5122 6629/2965/5122 6625/2964/5122
f 6630/2665/5123 6629/2965/5124 6628/2667/5121
f 6631/2666/5125 6630/2665/5123 6628/2667/5121
f 6632/2671/5126 6621/2961/5113 6622/2674/5114
f 6632/2671/5126 6627/2669/5119 6621/2961/5113
f 6626/2673/5118 6632/2671/5126 6622/2674/5114
f 6633/2668/5127 6628/2667/5121 6627/2669/5120
f 6633/2668/5128 6627/2669/5119 6632/2671/5126
f 6631/2666/5125 6628/2667/5121 6633/2668/5127
f 6626/2673/5118 6633/2668/5128 6632/2671/5126
f 6171/258/5112 6634/2670/5129 6626/2673/5118
f 6634/2670/5129 6633/2668/5128 6626/2673/5118
f 6634/2670/5130 6631/2666/5125 6633/2668/5127
f 6171/258/5131 6635/260/5132 6634/2670/5130
f 6635/260/5132 6631/2666/5125 6634/2670/5130
f 6636/2966/5133 6638/2967/2381 6637/2968/5134
f 6636/2966/5133 6639/2969/5135 6638/2967/2381
f 6637/2968/5134 6638/2967/2381 6640/2970/5136
f 6639/2969/5135 6641/2971/5134 6638/2967/2381
f 6640/2970/5136 6638/2967/2381 6642/2972/5137
f 6641/2971/5134 6643/2973/5138 6638/2967/2381
f 6642/2972/5137 6638/2967/2381 6644/2974/5139
f 6643/2973/5138 6645/2975/5140 6638/2967/2381
f 6644/2974/5139 6638/2967/2381 6646/2976/5141
f 6638/2967/2381 6645/2975/5140 6647/2977/5142
f 6646/2976/5141 6638/2967/2381 6648/2978/5141
f 6638/2967/2381 6647/2977/5142 6649/2979/5143
f 6648/2978/5141 6638/2967/2381 6650/2980/5144
f 6638/2967/2381 6649/2979/5143 6651/2981/5145
f 6650/2980/5144 6638/2967/2381 6652/2982/2379
f 6638/2967/2381 6651/2981/5145 6652/2982/2379
f 6653/2983/5146 6655/2984/5146 6654/2985/5146
f 6656/2986/5147 6654/2985/5148 6655/2984/5149
f 6653/2983/5150 6657/2987/5151 6655/2984/5152
f 6656/2986/5147 6655/2984/5149 6657/2987/5153
f 6653/2983/5150 6658/2988/5154 6657/2987/5151
f 6656/2986/5155 6657/2987/5155 6658/2988/5155
f 6659/2989/5156 6661/2990/5156 6660/2991/5156
f 6662/2992/5157 6660/2991/5158 6661/2990/5159
f 6659/2989/5160 6663/2993/5161 6661/2990/5162
f 6662/2992/5157 6661/2990/5159 6663/2993/5163
f 6659/2989/5160 6664/2994/5164 6663/2993/5161
f 6662/2992/5165 6663/2993/5165 6664/2994/5165
f 6665/2995/5166 6667/2996/5166 6666/2997/5166
f 6665/2995/5167 6668/2998/5167 6667/2996/5167
f 6669/2999/5168 6666/2997/5168 6667/2996/5168
f 6669/2999/5169 6667/2996/5169 6668/2998/5169
f 6670/3000/5170 6672/3001/5170 6671/3002/5170
f 6670/3000/5171 6673/3003/5171 6672/3001/5171
f 6674/3004/5172 6671/3002/5172 6672/3001/5172
f 6674/3004/5173 6672/3001/5173 6673/3003/5173
f 6675/3005/5174 6677/3006/5174 6676/3007/5174
f 6678/3008/5175 6676/3007/5176 6677/3006/5177
f 6675/3005/5178 6679/3009/5178 6677/3006/5178
f 6678/3008/5175 6677/3006/5177 6679/3009/5179
f 6675/3005/5178 6680/3010/5178 6679/3009/5178
f 6678/3008/5180 6679/3009/5180 6680/3010/5180
f 6681/3011/5181 6683/3012/5181 6682/3013/5181
f 6684/3014/5182 6682/3013/5183 6683/3012/5184
f 6681/3011/5185 6685/3015/5186 6683/3012/5187
f 6684/3014/5182 6683/3012/5184 6685/3015/5188
f 6681/3011/5185 6686/3016/5189 6685/3015/5186
f 6684/3014/5190 6685/3015/5190 6686/3016/5190
f 6687/2983/5191 6689/2985/5191 6688/2984/5191
f 6690/2986/5192 6688/2984/5193 6689/2985/5194
f 6687/2983/5195 6688/2984/5196 6691/2987/5197
f 6690/2986/5192 6691/2987/5198 6688/2984/5193
f 6687/2983/5195 6691/2987/5197 6692/2988/5199
f 6690/2986/5200 6692/2988/5200 6691/2987/5200
f 6693/2989/5201 6695/2991/5201 6694/2990/5201
f 6696/2992/5202 6694/2990/5203 6695/2991/5204
f 6693/2989/5205 6694/2990/5206 6697/2993/5207
f 6696/2992/5202 6697/2993/5208 6694/2990/5203
f 6693/2989/5205 6697/2993/5207 6698/2994/5209
f 6696/2992/5210 6698/2994/5210 6697/2993/5210
f 6699/3017/5211 6701/3018/5211 6700/3019/5211
f 6699/3017/5212 6700/3019/5212 6702/3020/5212
f 6703/3021/5213 6700/3019/5213 6701/3018/5213
f 6703/3021/5214 6702/3020/5214 6700/3019/5214
f 6704/3022/5215 6706/3023/5215 6705/3024/5215
f 6704/3022/5216 6705/3024/5216 6707/3025/5216
f 6708/3026/5217 6705/3024/5217 6706/3023/5217
f 6708/3026/5218 6707/3025/5218 6705/3024/5218
f 6709/3005/5219 6711/3007/5219 6710/3006/5219
f 6712/3008/5220 6710/3006/5221 6711/3007/5222
f 6709/3005/5223 6710/3006/5224 6713/3009/5225
f 6712/3008/5220 6713/3009/5226 6710/3006/5221
f 6709/3005/5223 6713/3009/5225 6714/3010/5227
f 6712/3008/5228 6714/3010/5228 6713/3009/5228
f 6715/3011/5229 6717/3013/5229 6716/3012/5229
f 6718/3014/5230 6716/3012/5231 6717/3013/5232
f 6715/3011/5233 6716/3012/5234 6719/3015/5235
f 6718/3014/5230 6719/3015/5236 6716/3012/5231
f 6715/3011/5233 6719/3015/5235 6720/3016/5237
f 6718/3014/5238 6720/3016/5238 6719/3015/5238
f 6721/3027/5239 6723/3028/5239 6722/3029/5239
f 6723/3028/5240 6725/3030/5240 6724/3029/5240
f 6725/3030/5241 6726/3031/5241 6724/3029/5241
f 6726/3031/5242 6727/3029/5242 6728/3032/5242
f 6729/3033/5243 6730/3034/5243 6731/3035/5243
f 6730/3034/5244 6732/3036/5244 6733/3037/5244
f 6734/3038/5245 6736/3039/5245 6735/3040/5245
f 6737/3033/5246 6738/3035/5246 6739/3034/5246
f 6739/3034/5247 6740/3037/5247 6741/3036/5247
f 6742/3038/5248 6744/3040/5248 6743/3039/5248
f 6745/3041/5249 6746/3037/5249 6747/3038/5249
f 6747/3038/5250 6749/3042/5250 6748/3033/5250
f 6750/3038/5251 6751/3041/5251 6749/3042/5251
f 6752/3027/5239 6754/3028/5239 6753/3029/5239
f 6754/3028/5240 6756/3030/5240 6755/3029/5240
f 6756/3030/5241 6757/3031/5241 6755/3029/5241
f 6757/3031/5252 6759/3032/5252 6758/3029/5252
f 6760/3043/5253 6762/3044/5254 6761/3045/5255
f 6760/3043/5253 6761/3045/5255 6763/3046/5256
f 6763/3046/5257 6761/3045/5258 6764/3047/5259
f 6763/3046/5257 6764/3047/5259 6765/3048/5260
f 6766/3049/5261 6763/3046/5257 6765/3048/5260
f 6766/3049/5261 6765/3048/5260 6767/3050/5262
f 6768/3051/5263 6760/3043/5253 6763/3046/5256
f 6768/3051/5263 6763/3046/5256 6766/3049/5264
f 6767/3050/5262 6769/3052/5265 6766/3049/5261
f 6767/3050/5262 6770/3053/5266 6769/3052/5265
f 6771/3054/5267 6768/3051/5263 6766/3049/5264
f 6771/3054/5267 6766/3049/5264 6769/3052/5268
f 6769/3052/5268 6772/3038/5269 6771/3054/5267
f 6770/3053/5266 6773/3055/5270 6769/3052/5265
f 6769/3052/5268 6773/3055/5271 6772/3038/5269
f 6774/3056/5272 6772/3038/5269 6773/3055/5271
f 6770/3053/5266 6775/3039/5273 6773/3055/5270
f 6774/3056/5272 6773/3055/5271 6776/3057/5274
f 6776/3057/5275 6773/3055/5270 6775/3039/5273
f 6776/3057/5275 6775/3039/5273 6777/3058/5276
f 6778/3059/5277 6760/3043/5278 6768/3051/5279
f 6778/3059/5277 6779/3060/5280 6760/3043/5278
f 6779/3060/5280 6780/3061/5281 6760/3043/5278
f 6779/3060/5280 6781/3062/5282 6780/3061/5281
f 6782/3063/5283 6778/3059/5277 6768/3051/5279
f 6782/3063/5283 6768/3051/5279 6783/3064/5284
f 6783/3064/5284 6784/3033/5285 6782/3063/5283
f 6783/3064/5284 6785/3035/5286 6784/3033/5285
f 6786/3065/5287 6784/3033/5285 6785/3035/5286
f 6786/3065/5287 6785/3035/5286 6787/3066/5288
f 6788/3067/5289 6790/3068/5290 6789/3069/5291
f 6788/3067/5289 6789/3069/5291 6791/3070/5292
f 6791/3070/5293 6789/3069/5294 6792/3071/5295
f 6793/3072/5296 6788/3067/5289 6791/3070/5292
f 6791/3070/5293 6792/3071/5295 6794/3073/5297
f 6793/3072/5296 6791/3070/5292 6795/3074/5298
f 6795/3074/5299 6791/3070/5293 6794/3073/5297
f 6795/3074/5298 6796/3075/5300 6793/3072/5296
f 6795/3074/5299 6794/3073/5297 6797/3076/5301
f 6795/3074/5298 6798/3077/5302 6796/3075/5300
f 6798/3077/5303 6795/3074/5299 6797/3076/5301
f 6798/3077/5302 6799/3041/5304 6796/3075/5300
f 6798/3077/5303 6797/3076/5301 6800/3078/5305
f 6798/3077/5302 6801/3042/5306 6799/3041/5304
f 6800/3078/5305 6801/3042/5307 6798/3077/5303
f 6802/3079/5308 6799/3041/5304 6801/3042/5306
f 6800/3078/5305 6803/3080/5309 6801/3042/5307
f 6802/3079/5308 6801/3042/5306 6804/3081/5310
f 6804/3081/5311 6801/3042/5307 6803/3080/5309
f 6804/3081/5311 6803/3080/5309 6805/3082/5312
f 6806/3043/5313 6807/3062/5314 6808/3061/5315
f 6806/3043/5313 6809/3060/5316 6807/3062/5314
f 6810/3083/5317 6809/3060/5316 6806/3043/5313
f 6810/3083/5317 6811/3084/5318 6809/3060/5316
f 6811/3084/5318 6810/3083/5317 6812/3085/5319
f 6811/3084/5318 6812/3085/5319 6813/3086/5320
f 6813/3086/5320 6812/3085/5319 6814/3037/5321
f 6813/3086/5320 6814/3037/5321 6815/3036/5322
f 6816/3087/5323 6815/3036/5322 6814/3037/5321
f 6816/3087/5323 6817/3088/5324 6815/3036/5322
f 6818/3045/5325 6819/3089/5325 6820/3044/5325
f 6821/3047/5326 6819/3089/5326 6818/3045/5326
f 6822/3090/5327 6823/3091/5328 6824/3092/5329
f 6822/3090/5327 6824/3092/5329 6825/3093/5330
f 6825/3093/5331 6824/3092/5332 6826/3094/5333
f 6825/3093/5331 6826/3094/5333 6827/3095/5334
f 6828/3095/5335 6829/3094/5336 6830/3096/5337
f 6828/3095/5335 6830/3096/5337 6831/3097/5338
f 6832/3098/5339 6833/3099/5340 6834/3100/5341
f 6832/3098/5339 6834/3100/5341 6835/3101/5342
f 6836/3102/5343 6837/3103/5344 6838/3104/5345
f 6836/3102/5343 6839/3105/5346 6837/3103/5344
f 6839/3105/5346 6840/3106/5347 6837/3103/5344
f 6841/3107/5348 6843/3108/5349 6842/3109/5350
f 6841/3107/5348 6842/3109/5350 6844/3110/5351
f 6844/3110/5351 6842/3109/5350 6845/3111/5352
f 6846/3112/5353 6848/3113/5353 6847/3091/5353
f 6846/3112/5353 6849/3114/5353 6848/3113/5353
f 6850/3115/5354 6852/3116/5355 6851/3117/5356
f 6850/3115/5354 6853/3118/5357 6852/3116/5355
f 6854/3119/5358 6856/3120/5359 6855/3121/5360
f 6854/3119/5358 6855/3121/5360 6857/3122/5361
f 6858/3123/5362 6854/3119/5358 6857/3122/5361
f 6858/3123/5362 6857/3122/5361 6859/3124/5363
f 6860/3125/5364 6858/3123/5362 6859/3124/5363
f 6860/3125/5364 6859/3124/5363 6861/3126/5365
f 6862/3127/5366 6864/3128/5367 6863/3129/5368
f 6862/3127/5366 6863/3129/5368 6865/3130/5369
f 6866/3131/5370 6862/3127/5366 6865/3130/5369
f 6866/3131/5370 6865/3130/5369 6867/3132/5371
f 6868/3133/5372 6869/3134/5373 6870/3135/5374
f 6868/3133/5372 6871/3136/5375 6869/3134/5373
f 6871/3136/5376 6872/3137/5377 6869/3134/5378
f 6873/3138/5379 6871/3136/5375 6868/3133/5372
f 6871/3136/5376 6874/3139/5380 6872/3137/5377
f 6873/3138/5379 6875/3140/5381 6871/3136/5375
f 6875/3140/5382 6874/3139/5380 6871/3136/5376
f 6875/3140/5382 6876/3141/5383 6874/3139/5380
f 6877/3142/5384 6875/3140/5381 6873/3138/5379
f 6877/3142/5384 6878/3143/5385 6875/3140/5381
f 6879/3144/5386 6881/3145/5387 6880/3146/5388
f 6879/3144/5386 6880/3146/5388 6882/3147/5389
f 6883/3148/5390 6879/3144/5386 6882/3147/5389
f 6883/3148/5390 6882/3147/5389 6884/3149/5391
f 6885/3150/5392 6887/3151/5393 6886/3152/5394
f 6885/3150/5392 6888/3153/5395 6887/3151/5393
f 6889/3154/5396 6888/3153/5397 6885/3150/5398
f 6889/3154/5396 6890/3155/5399 6888/3153/5397
f 6891/3156/5400 6893/3157/5401 6892/3158/5402
f 6891/3156/5400 6894/3159/5403 6893/3157/5401
f 6895/3119/5404 6896/3121/5405 6897/3120/5406
f 6895/3119/5404 6898/3122/5407 6896/3121/5405
f 6899/3123/5408 6898/3122/5407 6895/3119/5404
f 6899/3123/5408 6900/3124/5409 6898/3122/5407
f 6901/3125/5410 6900/3124/5409 6899/3123/5408
f 6901/3125/5410 6902/3126/5411 6900/3124/5409
f 6903/3160/5412 6904/3161/5413 6905/3162/5414
f 6903/3160/5412 6906/3163/5415 6904/3161/5413
f 6907/3164/5416 6906/3163/5415 6903/3160/5412
f 6907/3164/5416 6908/3165/5417 6906/3163/5415
f 6909/3133/5418 6911/3135/5419 6910/3134/5420
f 6909/3133/5418 6910/3134/5420 6912/3136/5421
f 6912/3136/5422 6910/3134/5423 6913/3137/5424
f 6914/3138/5425 6909/3133/5418 6912/3136/5421
f 6912/3136/5422 6913/3137/5424 6915/3139/5426
f 6914/3138/5425 6912/3136/5421 6916/3140/5427
f 6916/3140/5428 6912/3136/5422 6915/3139/5426
f 6916/3140/5428 6915/3139/5426 6917/3141/5429
f 6918/3142/5430 6914/3138/5425 6916/3140/5427
f 6918/3142/5430 6916/3140/5427 6919/3143/5431
f 6920/3166/5432 6922/3167/5433 6921/3168/5434
f 6920/3166/5432 6921/3168/5434 6923/3169/5435
f 6924/3170/5436 6920/3166/5432 6923/3169/5435
f 6924/3170/5436 6923/3169/5435 6925/3171/5437
f 6926/3172/5438 6928/3173/5439 6927/3174/5440
f 6926/3172/5438 6929/3175/5441 6928/3173/5439
f 6930/3176/5442 6929/3175/5443 6926/3172/5444
f 6930/3176/5442 6931/3177/5445 6929/3175/5443
f 6932/3090/5446 6933/3091/5447 6934/3092/5448
f 6932/3090/5446 6934/3092/5448 6935/3093/5449
f 6935/3093/5450 6934/3092/5451 6936/3094/5452
f 6935/3093/5450 6936/3094/5452 6937/3095/5453
f 6938/3095/5454 6939/3094/5455 6940/3096/5456
f 6938/3095/5454 6940/3096/5456 6941/3097/5338
f 6942/3098/5339 6943/3099/5340 6944/3100/5341
f 6942/3098/5339 6944/3100/5341 6945/3101/5342
f 6946/3102/5457 6948/3104/5458 6947/3103/5459
f 6946/3102/5457 6947/3103/5459 6949/3105/5460
f 6949/3105/5460 6947/3103/5459 6950/3106/5461
f 6951/3107/5462 6952/3109/5463 6953/3108/5464
f 6951/3107/5462 6954/3110/5465 6952/3109/5463
f 6954/3110/5465 6955/3111/5466 6952/3109/5463
f 6956/3112/5353 6958/3113/5353 6957/3091/5353
f 6956/3112/5353 6959/3114/5353 6958/3113/5353
f 6960/3056/5467 6961/3057/5468 6962/3055/5469
f 6960/3056/5467 6962/3055/5469 6963/3038/5470
f 6964/3055/5471 6965/3055/5471 6966/3038/5471
f 6964/3055/5471 6966/3038/5471 6967/3038/5471
f 6968/3038/5472 6970/3056/5473 6969/3056/5474
f 6968/3038/5472 6969/3056/5474 6971/3038/5475
f 6972/3038/100 6968/3038/5472 6971/3038/5475
f 6972/3038/100 6971/3038/5475 6973/3038/100
f 6974/3057/5476 6975/3057/5477 6976/3055/5478
f 6974/3057/5476 6976/3055/5478 6977/3055/5479
f 6977/3055/5479 6976/3055/5478 6978/3055/100
f 6977/3055/5479 6978/3055/100 6979/3055/100
f 6980/3038/5480 6982/3056/5481 6981/3038/5482
f 6980/3038/5480 6983/3056/5483 6982/3056/5481
f 6984/3038/5484 6986/3038/5484 6985/3038/5484
f 6984/3038/5484 6987/3038/5484 6986/3038/5484
f 6988/3042/5485 6990/3080/5485 6989/3178/5485
f 6991/3041/5486 6988/3042/5486 6989/3178/5486
f 6992/3035/5487 6994/3033/5488 6993/3035/5489
f 6992/3035/5487 6995/3033/5490 6994/3033/5488
f 6996/3080/5491 6998/3042/5492 6997/3080/5493
f 6996/3080/5491 6999/3042/5494 6998/3042/5492
f 6999/3042/5495 7000/3041/5496 6998/3042/5497
f 6999/3042/5495 7001/3041/5498 7000/3041/5496
f 7002/3036/5499 7003/3036/5500 7004/3037/5501
f 7002/3036/5499 7004/3037/5501 7005/3037/5502
f 7006/3038/5503 7007/3039/5504 7008/3039/5503
f 7006/3038/5503 7008/3039/5503 7009/3038/5505
f 7010/3033/5506 7011/3038/5507 7012/3037/5508
f 7012/3037/5508 7013/3042/5509 7010/3033/5506
f 7012/3037/5508 7014/3041/5510 7013/3042/5509
f 7015/3090/5511 7016/3092/5512 7017/3091/5513
f 7015/3090/5511 7018/3093/5514 7016/3092/5512
f 7018/3093/5515 7019/3094/5516 7016/3092/5517
f 7018/3093/5515 7020/3095/5518 7019/3094/5516
f 7021/3095/5519 7022/3097/5520 7023/3096/5521
f 7021/3095/5519 7023/3096/5521 7024/3094/5522
f 7025/3098/5523 7026/3101/5524 7027/3100/5525
f 7025/3098/5523 7027/3100/5525 7028/3099/5526
f 7029/3102/5527 7030/3104/5528 7031/3103/5529
f 7029/3102/5527 7031/3103/5529 7032/3105/5530
f 7032/3105/5530 7031/3103/5529 7033/3106/5531
f 7034/3107/5532 7036/3109/5533 7035/3108/5534
f 7034/3107/5532 7037/3110/5535 7036/3109/5533
f 7037/3110/5535 7038/3111/5352 7036/3109/5533
f 7039/3112/5536 7041/3113/5536 7040/3114/5536
f 7039/3112/5536 7042/3091/5536 7041/3113/5536
f 7043/3115/5537 7045/3116/5538 7044/3118/5539
f 7043/3115/5537 7046/3117/5540 7045/3116/5538
f 7047/3119/5541 7049/3121/5542 7048/3120/5543
f 7047/3119/5541 7050/3122/5544 7049/3121/5542
f 7051/3123/5545 7050/3122/5544 7047/3119/5541
f 7051/3123/5545 7052/3124/5546 7050/3122/5544
f 7053/3125/5547 7052/3124/5546 7051/3123/5545
f 7053/3125/5547 7054/3126/5548 7052/3124/5546
f 7055/3127/5549 7057/3129/5550 7056/3128/5551
f 7055/3127/5549 7058/3130/5552 7057/3129/5550
f 7059/3131/5553 7058/3130/5552 7055/3127/5549
f 7059/3131/5553 7060/3132/5554 7058/3130/5552
f 7061/3133/5555 7062/3135/5556 7063/3134/5557
f 7061/3133/5555 7063/3134/5557 7064/3136/5558
f 7064/3136/5559 7063/3134/5560 7065/3137/5561
f 7066/3138/5562 7061/3133/5555 7064/3136/5558
f 7064/3136/5559 7065/3137/5561 7067/3139/5563
f 7066/3138/5562 7064/3136/5558 7068/3140/5564
f 7068/3140/5565 7064/3136/5559 7067/3139/5563
f 7068/3140/5565 7067/3139/5563 7069/3141/5566
f 7070/3142/5567 7066/3138/5562 7068/3140/5564
f 7070/3142/5567 7068/3140/5564 7071/3143/5568
f 7072/3144/5569 7074/3146/5570 7073/3145/5571
f 7072/3144/5569 7075/3147/5572 7074/3146/5570
f 7076/3148/5573 7075/3147/5572 7072/3144/5569
f 7076/3148/5573 7077/3149/5574 7075/3147/5572
f 7078/3150/5575 7080/3152/5576 7079/3151/5577
f 7078/3150/5575 7079/3151/5577 7081/3153/5578
f 7082/3154/5579 7078/3150/5580 7081/3153/5581
f 7082/3154/5579 7081/3153/5581 7083/3155/5582
f 7084/3156/5583 7086/3157/5584 7085/3159/5585
f 7084/3156/5583 7087/3158/5586 7086/3157/5584
f 7088/3119/5587 7089/3120/5588 7090/3121/5589
f 7088/3119/5587 7090/3121/5589 7091/3122/5590
f 7092/3123/5591 7088/3119/5587 7091/3122/5590
f 7092/3123/5591 7091/3122/5590 7093/3124/5592
f 7094/3125/5593 7092/3123/5591 7093/3124/5592
f 7094/3125/5593 7093/3124/5592 7095/3126/5594
f 7096/3160/5595 7097/3162/5596 7098/3161/5597
f 7096/3160/5595 7098/3161/5597 7099/3163/5598
f 7100/3164/5599 7096/3160/5595 7099/3163/5598
f 7100/3164/5599 7099/3163/5598 7101/3165/5600
f 7102/3133/5601 7104/3134/5602 7103/3135/5603
f 7102/3133/5601 7105/3136/5604 7104/3134/5602
f 7105/3136/5605 7106/3137/5606 7104/3134/5607
f 7107/3138/5608 7105/3136/5604 7102/3133/5601
f 7105/3136/5605 7108/3139/5609 7106/3137/5606
f 7107/3138/5608 7109/3140/5610 7105/3136/5604
f 7109/3140/5611 7108/3139/5609 7105/3136/5605
f 7109/3140/5611 7110/3141/5612 7108/3139/5609
f 7111/3142/5613 7109/3140/5610 7107/3138/5608
f 7111/3142/5613 7112/3143/5614 7109/3140/5610
f 7113/3166/5615 7115/3168/5616 7114/3167/5617
f 7113/3166/5615 7116/3169/5618 7115/3168/5616
f 7117/3170/5619 7116/3169/5618 7113/3166/5615
f 7117/3170/5619 7118/3171/5620 7116/3169/5618
f 7119/3172/5621 7121/3174/5622 7120/3173/5623
f 7119/3172/5621 7120/3173/5623 7122/3175/5624
f 7123/3176/5625 7119/3172/5626 7122/3175/5627
f 7123/3176/5625 7122/3175/5627 7124/3177/5628
f 7125/3090/5629 7126/3092/5630 7127/3091/5631
f 7125/3090/5629 7128/3093/5632 7126/3092/5630
f 7128/3093/5633 7129/3094/5634 7126/3092/5635
f 7128/3093/5633 7130/3095/5636 7129/3094/5634
f 7131/3095/5637 7132/3097/5520 7133/3096/5638
f 7131/3095/5637 7133/3096/5638 7134/3094/5639
f 7135/3098/5523 7136/3101/5524 7137/3100/5525
f 7135/3098/5523 7137/3100/5525 7138/3099/5526
f 7139/3102/5640 7141/3103/5641 7140/3104/5642
f 7139/3102/5640 7142/3105/5643 7141/3103/5641
f 7142/3105/5643 7143/3106/5644 7141/3103/5641
f 7144/3107/5645 7145/3108/5646 7146/3109/5647
f 7144/3107/5645 7146/3109/5647 7147/3110/5648
f 7147/3110/5648 7146/3109/5647 7148/3111/5466
f 7149/3112/5536 7151/3113/5536 7150/3114/5536
f 7149/3112/5536 7152/3091/5536 7151/3113/5536
f 7153/3056/5649 7154/3038/5650 7155/3055/5651
f 7153/3056/5649 7155/3055/5651 7156/3057/5652
f 7157/3055/5653 7158/3038/5653 7159/3038/5653
f 7157/3055/5653 7159/3038/5653 7160/3055/5653
f 7161/3038/5654 7163/3056/5655 7162/3056/5656
f 7161/3038/5654 7164/3038/5657 7163/3056/5655
f 7165/3038/131 7164/3038/5657 7161/3038/5654
f 7165/3038/131 7166/3038/131 7164/3038/5657
f 7167/3057/5658 7168/3055/5659 7169/3057/5660
f 7167/3057/5658 7170/3055/5661 7168/3055/5659
f 7170/3055/5661 7171/3055/131 7168/3055/5659
f 7170/3055/5661 7172/3055/131 7171/3055/131
f 7173/3038/5662 7175/3056/5663 7174/3056/5664
f 7173/3038/5662 7176/3038/5665 7175/3056/5663
f 7177/3038/5666 7179/3038/5666 7178/3038/5666
f 7177/3038/5666 7180/3038/5666 7179/3038/5666
f 7181/3042/5667 7183/3178/5667 7182/3080/5667
f 7184/3041/5668 7183/3178/5668 7181/3042/5668
f 7185/3035/5669 7187/3033/5670 7186/3033/5671
f 7185/3035/5669 7188/3035/5672 7187/3033/5670
f 7189/3080/5673 7191/3080/5674 7190/3042/5675
f 7189/3080/5673 7190/3042/5675 7192/3042/5676
f 7192/3042/5677 7190/3042/5678 7193/3041/5679
f 7192/3042/5677 7193/3041/5679 7194/3041/5680
f 7195/3036/5681 7196/3037/5682 7197/3037/5683
f 7195/3036/5681 7197/3037/5683 7198/3036/5684
f 7199/3038/5685 7200/3038/5686 7201/3039/5685
f 7199/3038/5685 7201/3039/5685 7202/3039/5687
f 7203/3129/5688 7204/3129/5688 7205/3128/5688
f 7203/3129/5688 7205/3128/5688 7206/3128/5688
f 7207/3137/5689 7208/3137/5689 7209/3134/5689
f 7207/3137/5689 7209/3134/5689 7210/3134/5689
f 7210/3134/5690 7209/3134/5690 7211/3135/5690
f 7210/3134/5690 7211/3135/5690 7212/3135/5690
f 7213/3161/5688 7214/3161/5688 7215/3162/5688
f 7213/3161/5688 7215/3162/5688 7216/3162/5688
f 7217/3137/5691 7219/3134/5691 7218/3137/5691
f 7217/3137/5691 7220/3134/5691 7219/3134/5691
f 7220/3134/5692 7221/3135/5693 7219/3134/5693
f 7220/3134/5692 7222/3135/5692 7221/3135/5693
f 7223/3116/5694 7225/3118/5694 7224/3116/5694
f 7223/3116/5694 7226/3118/5694 7225/3118/5694
f 7227/3121/5695 7229/3120/5695 7228/3121/5695
f 7227/3121/5695 7230/3120/5695 7229/3120/5695
f 7231/3157/5694 7233/3159/5694 7232/3157/5694
f 7231/3157/5694 7234/3159/5694 7233/3159/5694
f 7235/3121/5696 7236/3121/5696 7237/3120/5696
f 7235/3121/5696 7237/3120/5696 7238/3120/5696
f 7239/3043/5697 7240/3045/5698 7241/3044/5699
f 7239/3043/5697 7242/3046/5700 7240/3045/5698
f 7242/3046/5701 7243/3047/5702 7240/3045/5703
f 7242/3046/5701 7244/3048/5704 7243/3047/5702
f 7245/3049/5705 7244/3048/5704 7242/3046/5701
f 7245/3049/5705 7246/3050/5706 7244/3048/5704
f 7247/3051/5707 7242/3046/5700 7239/3043/5697
f 7247/3051/5707 7245/3049/5708 7242/3046/5700
f 7246/3050/5706 7245/3049/5705 7248/3052/5709
f 7246/3050/5706 7248/3052/5709 7249/3053/5710
f 7250/3054/5711 7245/3049/5708 7247/3051/5707
f 7250/3054/5711 7248/3052/5712 7245/3049/5708
f 7248/3052/5712 7250/3054/5711 7251/3038/5713
f 7249/3053/5710 7248/3052/5709 7252/3055/5714
f 7248/3052/5712 7251/3038/5713 7252/3055/5715
f 7253/3056/5716 7252/3055/5715 7251/3038/5713
f 7249/3053/5710 7252/3055/5714 7254/3039/5717
f 7253/3056/5716 7255/3057/5718 7252/3055/5715
f 7255/3057/5719 7254/3039/5717 7252/3055/5714
f 7255/3057/5719 7256/3058/5720 7254/3039/5717
f 7257/3059/5721 7247/3051/5722 7239/3043/5723
f 7257/3059/5721 7239/3043/5723 7258/3060/5724
f 7258/3060/5724 7239/3043/5723 7259/3061/5725
f 7258/3060/5724 7259/3061/5725 7260/3062/5726
f 7261/3063/5727 7247/3051/5722 7257/3059/5721
f 7261/3063/5727 7262/3064/5728 7247/3051/5722
f 7262/3064/5728 7261/3063/5727 7263/3033/5729
f 7262/3064/5728 7263/3033/5729 7264/3035/5730
f 7265/3065/5731 7264/3035/5730 7263/3033/5729
f 7265/3065/5731 7266/3066/5732 7264/3035/5730
f 7267/3067/5289 7269/3068/5290 7268/3069/5291
f 7267/3067/5289 7268/3069/5291 7270/3070/5292
f 7270/3070/5293 7268/3069/5294 7271/3071/5295
f 7272/3072/5296 7267/3067/5289 7270/3070/5292
f 7270/3070/5293 7271/3071/5295 7273/3073/5297
f 7272/3072/5296 7270/3070/5292 7274/3074/5298
f 7274/3074/5299 7270/3070/5293 7273/3073/5297
f 7274/3074/5298 7275/3075/5300 7272/3072/5296
f 7274/3074/5299 7273/3073/5297 7276/3076/5301
f 7274/3074/5298 7277/3077/5302 7275/3075/5300
f 7277/3077/5303 7274/3074/5299 7276/3076/5301
f 7277/3077/5302 7278/3041/5304 7275/3075/5300
f 7277/3077/5303 7276/3076/5301 7279/3078/5305
f 7277/3077/5302 7280/3042/5306 7278/3041/5304
f 7279/3078/5305 7280/3042/5307 7277/3077/5303
f 7281/3079/5308 7278/3041/5304 7280/3042/5306
f 7279/3078/5305 7282/3080/5309 7280/3042/5307
f 7281/3079/5308 7280/3042/5306 7283/3081/5310
f 7283/3081/5311 7280/3042/5307 7282/3080/5309
f 7283/3081/5311 7282/3080/5309 7284/3082/5312
f 7285/3043/5733 7287/3061/5734 7286/3062/5735
f 7285/3043/5733 7286/3062/5735 7288/3060/5736
f 7289/3083/5737 7285/3043/5733 7288/3060/5736
f 7289/3083/5737 7288/3060/5736 7290/3084/5738
f 7290/3084/5738 7291/3085/5739 7289/3083/5737
f 7290/3084/5738 7292/3086/5740 7291/3085/5739
f 7292/3086/5740 7293/3037/5741 7291/3085/5739
f 7292/3086/5740 7294/3036/5742 7293/3037/5741
f 7295/3087/5743 7293/3037/5741 7294/3036/5742
f 7295/3087/5743 7294/3036/5742 7296/3088/5744
f 7297/3045/5325 7298/3089/5325 7299/3044/5325
f 7300/3047/5326 7298/3089/5326 7297/3045/5326
f 7301/3179/5745 7303/3180/5746 7302/3181/5747
f 7304/3182/5748 7301/3179/5745 7302/3181/5747
f 7305/3183/5749 7301/3179/5745 7304/3182/5748
f 7306/3184/5750 7305/3183/5749 7304/3182/5748
f 7307/3185/5751 7305/3183/5749 7306/3184/5750
f 7308/3186/5752 7307/3185/5751 7306/3184/5750
f 7309/3187/5753 7307/3185/5751 7308/3186/5752
f 7310/3188/5754 7309/3187/5753 7308/3186/5752
f 7311/3189/5755 7310/3188/5754 7308/3186/5752
f 7312/3190/5756 7310/3188/5754 7311/3189/5755
f 7313/3191/5757 7312/3190/5756 7311/3189/5755
f 7314/3192/5758 7312/3190/5756 7313/3191/5757
f 7314/3192/5758 7313/3191/5757 7315/3193/5759
f 7315/3193/5759 7313/3191/5757 7316/3194/5760
f 7317/696/5761 7319/1139/5762 7318/3195/5763
f 7318/3195/5763 7319/1139/5762 7320/3196/5764
f 7319/1139/5762 7321/1136/5765 7320/3196/5764
f 7320/3196/5764 7321/1136/5765 7322/3197/5766
f 7321/1136/5765 7323/534/5767 7322/3197/5766
f 7324/533/5768 7322/3197/5766 7323/534/5767
f 7325/3181/5769 7327/3180/5770 7326/3198/5771
f 7325/3181/5769 7326/3198/5771 7328/3199/5772
f 7328/3199/5772 7326/3198/5771 7329/3200/5773
f 7330/3182/5774 7325/3181/5769 7328/3199/5772
f 7328/3199/5772 7329/3200/5773 7331/3201/5775
f 7332/3202/5776 7328/3199/5772 7331/3201/5775
f 7331/3201/5775 7329/3200/5773 7333/3203/5777
f 7331/3201/5775 7333/3203/5777 7334/3204/5778
f 7332/3202/5776 7331/3201/5775 7334/3204/5778
f 7334/3204/5778 7333/3203/5777 7335/3205/5779
f 7334/3204/5778 7335/3205/5779 7336/3206/5780
f 7337/3207/5781 7334/3204/5778 7336/3206/5780
f 7338/3208/5782 7334/3204/5778 7337/3207/5781
f 7332/3202/5776 7334/3204/5778 7338/3208/5782
f 7339/3209/5783 7338/3208/5782 7337/3207/5781
f 7340/3210/5784 7338/3208/5782 7339/3209/5783
f 7340/3210/5784 7332/3202/5776 7338/3208/5782
f 7341/3211/5785 7340/3210/5784 7339/3209/5783
f 7330/3182/5774 7328/3199/5772 7342/3212/5786
f 7342/3212/5786 7328/3199/5772 7332/3202/5776
f 7343/3213/5787 7330/3182/5774 7342/3212/5786
f 7343/3213/5787 7342/3212/5786 7332/3202/5776
f 7344/3184/5788 7330/3182/5774 7343/3213/5787
f 7345/3214/5789 7340/3210/5784 7341/3211/5785
f 7346/3215/5790 7345/3214/5789 7341/3211/5785
f 7347/717/5791 7345/3214/5789 7346/3215/5790
f 7348/3216/5792 7332/3202/5776 7340/3210/5784
f 7343/3213/5787 7332/3202/5776 7348/3216/5792
f 7345/3214/5789 7348/3216/5792 7340/3210/5784
f 7349/3217/5793 7344/3184/5788 7343/3213/5787
f 7350/3186/5794 7344/3184/5788 7349/3217/5793
f 7351/3218/5795 7343/3213/5787 7348/3216/5792
f 7351/3218/5795 7348/3216/5792 7345/3214/5789
f 7349/3217/5793 7343/3213/5787 7351/3218/5795
f 7352/3219/5796 7345/3214/5789 7347/717/5791
f 7352/3219/5796 7351/3218/5795 7345/3214/5789
f 7353/3220/5797 7350/3186/5794 7349/3217/5793
f 7354/3189/5798 7350/3186/5794 7353/3220/5797
f 7355/3191/5799 7354/3189/5798 7353/3220/5797
f 7356/3221/5800 7349/3217/5793 7351/3218/5795
f 7356/3221/5800 7351/3218/5795 7352/3219/5796
f 7353/3220/5797 7349/3217/5793 7356/3221/5800
f 7355/3191/5799 7353/3220/5797 7357/3222/5801
f 7357/3222/5801 7358/3194/5802 7355/3191/5799
f 7357/3222/5801 7353/3220/5797 7359/3223/5803
f 7359/3223/5803 7353/3220/5797 7356/3221/5800
f 7359/3223/5803 7356/3221/5800 7360/3224/5804
f 7360/3224/5804 7356/3221/5800 7352/3219/5796
f 7360/3224/5804 7352/3219/5796 7361/719/5805
f 7361/719/5805 7352/3219/5796 7347/717/5791
f 7362/3225/5806 7364/3226/5807 7363/3227/5808
f 7362/3225/5806 7365/3182/5809 7364/3226/5807
f 7366/3183/5810 7365/3182/5809 7362/3225/5806
f 7366/3183/5810 7367/3184/5811 7365/3182/5809
f 7368/3185/5812 7367/3184/5811 7366/3183/5810
f 7368/3185/5812 7369/3186/5813 7367/3184/5811
f 7370/3187/5814 7369/3186/5813 7368/3185/5812
f 7371/3188/5815 7369/3186/5813 7370/3187/5814
f 7371/3188/5815 7372/3189/5816 7369/3186/5813
f 7373/3190/5817 7372/3189/5816 7371/3188/5815
f 7373/3190/5817 7374/3191/5818 7372/3189/5816
f 7375/3192/5819 7374/3191/5818 7373/3190/5817
f 7375/3192/5819 7376/3194/5820 7374/3191/5818
f 7377/3193/5820 7376/3194/5820 7375/3192/5819
f 7378/696/5821 7380/3195/5822 7379/1139/5823
f 7380/3195/5822 7381/3196/5824 7379/1139/5823
f 7379/1139/5823 7381/3196/5824 7382/1136/5825
f 7381/3196/5824 7383/3197/5826 7382/1136/5825
f 7382/1136/5825 7383/3197/5826 7384/534/5827
f 7383/3197/5826 7385/533/5828 7384/534/5827
f 7386/3222/5829 7388/3191/5830 7387/3194/5831
f 7388/3191/5830 7386/3222/5829 7389/3220/5832
f 7388/3191/5830 7389/3220/5832 7390/3189/5833
f 7386/3222/5829 7391/3223/5834 7389/3220/5832
f 7390/3189/5833 7389/3220/5832 7392/3186/5835
f 7389/3220/5832 7391/3223/5834 7393/3221/5836
f 7391/3223/5834 7394/3224/5837 7393/3221/5836
f 7392/3186/5835 7389/3220/5832 7395/3217/5838
f 7389/3220/5832 7393/3221/5836 7395/3217/5838
f 7392/3186/5835 7395/3217/5838 7396/3184/5839
f 7393/3221/5836 7394/3224/5837 7397/3219/5840
f 7394/3224/5837 7398/719/5841 7397/3219/5840
f 7396/3184/5839 7395/3217/5838 7399/3213/5842
f 7396/3184/5839 7399/3213/5842 7400/3182/5843
f 7395/3217/5838 7393/3221/5836 7401/3218/5844
f 7393/3221/5836 7397/3219/5840 7401/3218/5844
f 7395/3217/5838 7401/3218/5844 7399/3213/5842
f 7397/3219/5840 7398/719/5841 7402/717/5845
f 7397/3219/5840 7402/717/5845 7403/3214/5846
f 7403/3214/5846 7402/717/5845 7404/3215/5847
f 7401/3218/5844 7397/3219/5840 7403/3214/5846
f 7403/3214/5846 7404/3215/5847 7405/3211/5848
f 7401/3218/5844 7403/3214/5846 7406/3216/5849
f 7399/3213/5842 7401/3218/5844 7406/3216/5849
f 7403/3214/5846 7405/3211/5848 7407/3210/5850
f 7406/3216/5849 7403/3214/5846 7407/3210/5850
f 7407/3210/5850 7405/3211/5848 7408/3209/5851
f 7399/3213/5842 7406/3216/5849 7409/3212/5852
f 7400/3182/5843 7399/3213/5842 7409/3212/5852
f 7400/3182/5843 7409/3212/5852 7410/3226/5853
f 7406/3216/5849 7407/3210/5850 7411/3228/5854
f 7409/3212/5852 7406/3216/5849 7411/3228/5854
f 7407/3210/5850 7408/3209/5851 7412/3208/5855
f 7411/3228/5854 7407/3210/5850 7412/3208/5855
f 7412/3208/5855 7408/3209/5851 7413/3207/5856
f 7412/3208/5855 7413/3207/5856 7414/3229/5857
f 7414/3229/5857 7413/3207/5856 7415/3230/5858
f 7414/3229/5857 7415/3230/5858 7416/3231/5859
f 7416/3231/5859 7417/3232/5860 7414/3229/5857
f 7418/3233/5861 7414/3229/5857 7417/3232/5860
f 7419/3234/5862 7414/3229/5857 7418/3233/5861
f 7410/3226/5853 7409/3212/5852 7420/3235/5863
f 7409/3212/5852 7411/3228/5854 7420/3235/5863
f 7410/3226/5853 7420/3235/5863 7421/3227/5864
f 7411/3228/5854 7412/3208/5855 7422/3236/5865
f 7422/3236/5865 7412/3208/5855 7414/3229/5857
f 7422/3236/5865 7414/3229/5857 7419/3234/5862
f 7421/3227/5864 7422/3236/5865 7419/3234/5862
f 7421/3227/5864 7420/3235/5863 7422/3236/5865
f 7420/3235/5863 7411/3228/5854 7422/3236/5865
